replicate,model_weighted_harm_capture,baseline_weighted_harm_capture,capture_difference
1,0.2442460404127516,0.1888527041401618,0.0553933362725898
2,0.19816001968465727,0.13590356139576962,0.06225645828888765
3,0.20644755423719147,0.16982046786610694,0.03662708637108453
4,0.24614358415232743,0.15462606600036272,0.09151751815196471
5,0.20861259629242448,0.1766018056225802,0.032010790669844275
6,0.19808867272329514,0.14038448592274155,0.057704186800553586
7,0.19045853279356478,0.14573316063932065,0.04472537215424413
8,0.21331998508289912,0.16699167330588116,0.04632831177701796
9,0.21005910787280135,0.18361203128469833,0.026447076588103025
10,0.1611697150809427,0.14578175234437776,0.015387962736564925
11,0.20157797065600097,0.15868074432997314,0.042897226326027826
12,0.19350156664566498,0.14991097360763314,0.04359059303803184
13,0.20675032019023998,0.1470456070547606,0.05970471313547937
14,0.20797943282943973,0.13421036991145843,0.0737690629179813
15,0.18098650863516996,0.12395232359001097,0.05703418504515899
16,0.21093563478275984,0.160901616352728,0.05003401843003183
17,0.15918489131551028,0.16194974967311968,-0.0027648583576093955
18,0.20661262060429308,0.16560767264986725,0.04100494795442583
19,0.2256113015452298,0.162827683694136,0.06278361785109379
20,0.20431004413564302,0.1568312182898473,0.047478825845795714
21,0.21996753648336784,0.20327549036125458,0.016692046122113252
22,0.20922364092788864,0.15885395446632938,0.05036968646155926
23,0.24110137971066334,0.21730219240852122,0.023799187302142116
24,0.22629086208344362,0.16903392351532662,0.057256938568117005
25,0.2169752122908859,0.19438221401155448,0.022592998279331422
26,0.1946481441896325,0.17545393570157855,0.01919420848805395
27,0.21222015699983626,0.1433331591437525,0.06888699785608376
28,0.2178334540766396,0.19178100488458508,0.026052449192054516
29,0.17302587567621178,0.1847021022430122,-0.011676226566800424
30,0.19343959091862406,0.1956286783012377,-0.0021890873826136414
31,0.1917156835035019,0.13818568076654356,0.05353000273695835
32,0.2000911175133071,0.18634000677025084,0.013751110743056266
33,0.21289422992047238,0.1727316696624589,0.040162560258013486
34,0.17798493201462584,0.17595972825661688,0.0020252037580089643
35,0.19766501745351892,0.14127750763963998,0.05638750981387894
36,0.20857736212056965,0.20259264373357494,0.005984718386994714
37,0.22043786593722056,0.18951445271162848,0.030923413225592083
38,0.23192760083572664,0.19725317086177985,0.03467442997394679
39,0.18930243859905074,0.15735927081637407,0.03194316778267667
40,0.20661346536116024,0.17819293117710036,0.028420534184059876
41,0.2004653244043601,0.15895547046988925,0.04150985393447085
42,0.2212538465422542,0.18063896790556674,0.040614878636687446
43,0.19638529928719636,0.19854442648462708,-0.0021591271974307213
44,0.20659568448002422,0.18047261284346833,0.02612307163655589
45,0.23934136347156199,0.17462831221966596,0.06471305125189603
46,0.1925120727883256,0.1603809481536083,0.03213112463471732
47,0.2330390291155595,0.1705816414272688,0.06245738768829068
48,0.2415918136993718,0.17654087864374532,0.06505093505562648
49,0.213129201119055,0.16128565257936778,0.05184354853968723
50,0.2440410426531317,0.17203548664461896,0.07200555600851274
51,0.21099736620993112,0.18952743128088906,0.02146993492904206
52,0.22336256565596405,0.1689363002368469,0.05442626541911716
53,0.22382625902573922,0.19301867069674689,0.03080758832899233
54,0.20280149747938792,0.1677307996579661,0.035070697821421803
55,0.19893060203132584,0.2036581983587107,-0.00472759632738487
56,0.23952709679268297,0.21317269287042112,0.02635440392226185
57,0.2125831812317871,0.15753100693277092,0.05505217429901618
58,0.1758709299444079,0.18280703605673929,-0.006936106112331392
59,0.2291120520366028,0.14762756323586868,0.08148448880073411
60,0.18581949271582357,0.15907491867780282,0.026744574038020746
61,0.19646312416471173,0.16934146694523222,0.02712165721947951
62,0.2244470648958925,0.18311222479538125,0.04133484010051125
63,0.21701755146153257,0.22884496295435533,-0.011827411492822765
64,0.20855003167032585,0.18216697003613774,0.026383061634188104
65,0.2349812911486121,0.1874568277443949,0.047524463404217204
66,0.18939064600866368,0.16694325727652187,0.022447388732141804
67,0.22399465468026697,0.1561892519148026,0.06780540276546437
68,0.2292879459219468,0.19452820747970687,0.034759738442239924
69,0.22583655128177538,0.18230572451897217,0.043530826762803204
70,0.23628884730191194,0.19021251449784557,0.04607633280406637
71,0.24079441310945165,0.2234602292788777,0.017334183830573946
72,0.21046753505999308,0.14993278984499428,0.0605347452149988
73,0.19460312610942992,0.19872385942921403,-0.004120733319784103
74,0.2035172391083408,0.1794797800240587,0.024037459084282092
75,0.22894579049713426,0.1656237701662788,0.06332202033085546
76,0.20913781289713507,0.1872895123089507,0.021848300588184377
77,0.21126315651312644,0.1532834320597768,0.057979724453349646
78,0.17489065447711863,0.12536598657046696,0.049524667906651665
79,0.21291866053805172,0.19297538472022435,0.01994327581782737
80,0.19688967060242496,0.1484015513414511,0.04848811926097385
81,0.22055328196558782,0.17237647626566688,0.048176805699920944
82,0.2270453224884371,0.17480215429302956,0.05224316819540753
83,0.23777055577674444,0.19953484660156673,0.03823570917517771
84,0.1942303492143865,0.16220269115072325,0.032027658063663256
85,0.19962069520951395,0.1698462867432974,0.02977440846621654
86,0.19570714996030872,0.18321846161997546,0.01248868834033326
87,0.22451469459770984,0.17936484583982076,0.04514984875788908
88,0.2216245830053707,0.2032523888250945,0.01837219418027619
89,0.21282655266008324,0.15459833893996544,0.0582282137201178
90,0.1749234538297179,0.17136585791387263,0.0035575959158452852
91,0.20332184002138112,0.16538243497713084,0.03793940504425028
92,0.21625849526417895,0.1660366092678999,0.05022188599627905
93,0.20026456195599765,0.15681812241759488,0.04344643953840277
94,0.21507709291548718,0.14604749067349726,0.06902960224198992
95,0.21624646675119064,0.183772776469155,0.032473690282035644
96,0.23270625199587214,0.16158115649704524,0.0711250954988269
97,0.23237230955693275,0.18040282923532588,0.051969480321606865
98,0.21199975740887095,0.14789151334801623,0.06410824406085472
99,0.23583749063038817,0.1323255380037127,0.10351195262667548
100,0.19484101973906645,0.2009893723936809,-0.006148352654614442
101,0.20807255486553128,0.15468711209951141,0.053385442766019864
102,0.21986579714249344,0.1743336995236531,0.045532097618840334
103,0.22224814331126677,0.17917747675009318,0.04307066656117359
104,0.20955392447569116,0.15066589806762856,0.058888026408062594
105,0.2135808455641787,0.17997711926624851,0.03360372629793018
106,0.20267732397440721,0.18650429061520485,0.016173033359202366
107,0.24339147159870023,0.18686195025467334,0.05652952134402689
108,0.1840445209153646,0.16920665980955954,0.014837861105805067
109,0.16567592919687646,0.12049813183443142,0.04517779736244504
110,0.20775238875307486,0.1399546530512289,0.06779773570184597
111,0.18929535139421885,0.1452657253970361,0.04402962599718274
112,0.21710211488132594,0.1897782938064857,0.027323821074840243
113,0.2537169844060577,0.21968908319983543,0.03402790120622229
114,0.19752551231168988,0.1787079102721834,0.01881760203950647
115,0.22718815396448916,0.17056992480810657,0.05661822915638259
116,0.20331791371193783,0.1806076073875998,0.022710306324338042
117,0.20276666766941506,0.1397744442151658,0.06299222345424926
118,0.2018934006136117,0.1619066027804842,0.0399867978331275
119,0.1685595456813528,0.1427588477633803,0.025800697917972515
120,0.21882688140059559,0.20179088759450461,0.01703599380609097
121,0.18910233230722198,0.1641679393742808,0.02493439293294117
122,0.22084395550954397,0.17945203112285407,0.0413919243866899
123,0.231426229102362,0.17598622361230976,0.055440005490052235
124,0.2098536983581829,0.17917932508115703,0.03067437327702588
125,0.2272559070685196,0.19005236427191113,0.03720354279660848
126,0.19424180158703522,0.17808088891692295,0.01616091267011227
127,0.22561619515664827,0.1732816908774024,0.05233450427924588
128,0.21217876750117856,0.15367631037214427,0.05850245712903429
129,0.22307666241688792,0.14895503151385908,0.07412163090302884
130,0.20750471256045394,0.17853744575697242,0.028967266803481523
131,0.23480174673989568,0.16307412202082425,0.07172762471907143
132,0.16732386190658174,0.1284329350583118,0.03889092684826995
133,0.20313261900050814,0.17743378885632358,0.02569883014418456
134,0.22065437458229167,0.18706535718497047,0.0335890173973212
135,0.20473405568332723,0.16048506578363106,0.04424898989969617
136,0.22096983464572648,0.1628363569845957,0.05813347766113078
137,0.21534091407075145,0.1851016815141046,0.030239232556646845
138,0.2488024520136917,0.20574621148965858,0.04305624052403312
139,0.19625970453318758,0.1540437179157379,0.042215986617449686
140,0.2103496554921719,0.1809687415635812,0.029380913928590713
141,0.22158588830238804,0.20142689305366007,0.020158995248727968
142,0.22830213936559401,0.2148762434521356,0.013425895913458413
143,0.18472706743165893,0.18119987818731254,0.0035271892443463904
144,0.1719618200632446,0.1586760571392868,0.013285762923957778
145,0.20322227030050893,0.17418035865089726,0.029041911649611674
146,0.21199387429274813,0.1986110964779955,0.013382777814752639
147,0.19110492435915813,0.1391276097462606,0.051977314612897535
148,0.24695292796675544,0.19633448249407567,0.05061844547267977
149,0.21589179918408918,0.1797817929953125,0.03611000618877669
150,0.2254866451700846,0.19484144038145146,0.03064520478863314
151,0.19484097646988063,0.16543288114515262,0.029408095324728017
152,0.1713452732882961,0.14552853354516626,0.02581673974312984
153,0.24283926075204057,0.17390909112383596,0.06893016962820461
154,0.22581534125382893,0.22006604122025958,0.0057493000335693545
155,0.2276237818555397,0.19363772962273834,0.03398605223280135
156,0.25180619768608387,0.20605722303298424,0.04574897465309963
157,0.2064099350962172,0.16698954385524506,0.03942039124097213
158,0.22791744844807318,0.17855873819002932,0.049358710258043864
159,0.21246153658118475,0.20122497650659432,0.011236560074590424
160,0.21803791666912858,0.16013787082946704,0.057900045839661546
161,0.20640368060303732,0.17562857894193984,0.03077510166109748
162,0.19901871295741416,0.1690927013198266,0.02992601163758757
163,0.21584900805969706,0.19369005193480104,0.022158956124896018
164,0.2184416991637002,0.22686992829859054,-0.00842822913489033
165,0.19883882754654625,0.15522577085477288,0.04361305669177337
166,0.21012652934878,0.18033177087139934,0.029794758477380667
167,0.20844446487982426,0.143949511524282,0.06449495335554226
168,0.1867334085083082,0.17433432707734103,0.012399081430967157
169,0.19891453556376956,0.16727125635426263,0.031643279209506936
170,0.2166718246094777,0.16043357682427647,0.05623824778520123
171,0.19722153098213968,0.17000013435851494,0.027221396623624744
172,0.22274482857766167,0.20463917321357972,0.018105655364081957
173,0.20947998872604903,0.17260818172239817,0.036871807003650864
174,0.2594876646169526,0.20181112867941026,0.05767653593754235
175,0.23119201668706718,0.15874387548636334,0.07244814120070384
176,0.2163632666313358,0.17325466195963232,0.043108604671703465
177,0.21597520581696095,0.1694955529603925,0.04647965285656844
178,0.24711647246025886,0.20675738943744587,0.04035908302281299
179,0.20051032757906728,0.18449656520711336,0.016013762371953927
180,0.21204917910115192,0.16200601210793322,0.0500431669932187
181,0.23297302878177337,0.18414280046559467,0.0488302283161787
182,0.20397907720564687,0.1921929371173408,0.011786140088306057
183,0.2525170403656372,0.1948899143710504,0.0576271259945868
184,0.18565504971621133,0.15182009350528378,0.03383495621092755
185,0.16233413521596005,0.1272747093805035,0.03505942583545654
186,0.18983531704767048,0.20262916874969564,-0.012793851702025155
187,0.23192935505749665,0.19793625999630868,0.03399309506118797
188,0.22834954515417655,0.15528710349583202,0.07306244165834452
189,0.1933626211708223,0.15611866234712465,0.03724395882369766
190,0.18815579457463277,0.153190386320013,0.03496540825461977
191,0.19471895793194652,0.1690979362638379,0.025621021668108618
192,0.20963616849734903,0.1532877555811741,0.05634841291617493
193,0.2532709085050801,0.19468166259261266,0.05858924591246745
194,0.2463702495364234,0.20504765622257454,0.041322593313848854
195,0.19530197706276944,0.1951084540151574,0.0001935230476120542
196,0.22814691569729098,0.19676156387489319,0.031385351822397795
197,0.23749686638523898,0.22627907860733293,0.011217787777906052
198,0.26567376002985005,0.16116610588120386,0.10450765414864618
199,0.24277975992523662,0.19883635690771773,0.043943403017518895
200,0.22641193919663455,0.17527582055550014,0.051136118641134404
201,0.2549935626615695,0.19807496719387396,0.05691859546769551
202,0.26349171751216954,0.196005204858664,0.06748651265350555
203,0.21600103689697497,0.1464911763821896,0.06950986051478539
204,0.21933753378375853,0.19308788468825158,0.02624964909550695
205,0.18818654765287077,0.1948740983832505,-0.006687550730379743
206,0.1980924428694032,0.1796658106293499,0.01842663224005331
207,0.2321759009470682,0.16494936317257317,0.06722653777449503
208,0.21638400455575976,0.19959216481051686,0.016791839745242898
209,0.22292928531241513,0.19496831626246866,0.027960969049946466
210,0.17400577415459195,0.12185875943866782,0.05214701471592413
211,0.2141542337395918,0.17495102688693792,0.03920320685265388
212,0.2342787640950833,0.19800992626988134,0.03626883782520196
213,0.1825107020456414,0.18842160639598507,-0.005910904350343665
214,0.2410580521584135,0.16353826220711545,0.07751978995129805
215,0.21719149851280195,0.18576560520915777,0.031425893303644176
216,0.18957482677131357,0.16505836804627935,0.024516458725034218
217,0.2401592057894632,0.20082212172495645,0.039337084064506755
218,0.23197999962164773,0.1610849580913744,0.07089504153027332
219,0.2305749753279706,0.19647589483635325,0.03409908049161736
220,0.18023919009259992,0.19806089419147327,-0.017821704098873348
221,0.2398711423828507,0.16918506765557376,0.07068607472727695
222,0.24814008083345118,0.19212156435684113,0.05601851647661005
223,0.18783062928538066,0.15128833171035988,0.03654229757502078
224,0.19984227322022738,0.18568473142925848,0.014157541790968897
225,0.2070624190421843,0.1712521806006426,0.035810238441541714
226,0.2054589296964663,0.14964459268717537,0.05581433700929095
227,0.23112638671366642,0.20130270417163346,0.029823682542032964
228,0.21586682809711552,0.1723328330735743,0.043533995023541217
229,0.20305828771286807,0.17072163077380093,0.03233665693906715
230,0.23211767013700016,0.19426819947556398,0.03784947066143618
231,0.20761921244131465,0.1795617870625745,0.028057425378740147
232,0.2393768339437535,0.1897874308673593,0.0495894030763942
233,0.20325921110165973,0.15170753481535293,0.0515516762863068
234,0.21873699114261297,0.20252419401797606,0.016212797124636913
235,0.2419996669926253,0.20260057695644806,0.039399090036177226
236,0.22204848307134786,0.1637754136111387,0.05827306946020916
237,0.19337587252901883,0.17518066146486863,0.018195211064150202
238,0.24726705777762664,0.21537119631424928,0.03189586146337736
239,0.20761625123512364,0.1787559274675612,0.02886032376756245
240,0.18433404574385936,0.1745622145941333,0.009771831149726073
241,0.23380862739596753,0.16006947567427549,0.07373915172169204
242,0.20210064433543162,0.1860951109901141,0.016005533345317513
243,0.2137090532536707,0.1929401391046978,0.020768914148972917
244,0.2137835716810133,0.1736642114031103,0.040119360277903
245,0.2208333037144554,0.18815849831872264,0.03267480539573275
246,0.220388805251692,0.18970059790048355,0.030688207351208446
247,0.21051510443186738,0.17222123783117102,0.038293866600696364
248,0.19123549600951067,0.2008405979571199,-0.009605101947609218
249,0.2143417250029946,0.15474914290985417,0.05959258209314042
250,0.19630376937069818,0.17273388228426345,0.023569887086434732
251,0.24394266058543543,0.23734302350429454,0.006599637081140891
252,0.216424076499977,0.19629756486821484,0.020126511631762156
253,0.2003513828271075,0.1873411840986089,0.013010198728498595
254,0.22454115648456172,0.1766144938977786,0.0479266625867831
255,0.191820543480438,0.16502854239660034,0.02679200108383767
256,0.2439285399401821,0.20746613309437542,0.03646240684580668
257,0.2040900180412795,0.18039073004324763,0.023699287998031865
258,0.1753297045844285,0.1823062536380483,-0.006976549053619802
259,0.2500645456291242,0.2039211422341868,0.046143403394937416
260,0.2055177344952664,0.17709562929400488,0.02842210520126151
261,0.24534656723254403,0.18863903204402144,0.05670753518852259
262,0.2325985629736221,0.1982594293024569,0.0343391336711652
263,0.22423823058626038,0.1585748941616624,0.06566333642459798
264,0.23717333695532158,0.21347000098189853,0.023703335973423056
265,0.21990727580432837,0.1627849804558897,0.057122295348438656
266,0.2155986224345157,0.19651578002505943,0.019082842409456263
267,0.23930930774425738,0.14080697097414213,0.09850233677011525
268,0.20316503124437849,0.17191123571096978,0.03125379553340871
269,0.22588769203511444,0.19085780548405018,0.03502988655106426
270,0.21264468498864125,0.18083027313578515,0.031814411852856106
271,0.25756603545377665,0.20685013211099276,0.05071590334278389
272,0.22269745030149127,0.17410608023176427,0.048591370069727
273,0.231566283903041,0.17877366370971579,0.0527926201933252
274,0.18308043228724216,0.18626806591794642,-0.003187633630704262
275,0.21627271369067128,0.1673331862839544,0.048939527406716865
276,0.2078164917643693,0.1642255263490508,0.04359096541531851
277,0.23499867306616826,0.17793065471846226,0.057068018347706
278,0.2408956124035556,0.21947135011091648,0.021424262292639107
279,0.21551562916148037,0.1612206789811444,0.05429495018033598
280,0.2405604365756039,0.21413568491884644,0.02642475165675745
281,0.19199955975306876,0.18060446636248226,0.011395093390586503
282,0.2189118419537182,0.17635809357100157,0.04255374838271664
283,0.2075960447031599,0.15679015896015605,0.05080588574300385
284,0.21723700354097739,0.16808260268275663,0.04915440085822076
285,0.18719813319597484,0.15719093137294096,0.030007201823033874
286,0.20318708077590303,0.1602480755400553,0.04293900523584773
287,0.22178310107280633,0.20248735767290968,0.019295743399896648
288,0.23609511333830857,0.17202584169440938,0.0640692716438992
289,0.22815620418359697,0.1747543469366331,0.05340185724696386
290,0.2302717371805421,0.19141374835336458,0.03885798882717753
291,0.1783040714254825,0.16067053116403024,0.017633540261452252
292,0.20309304172028383,0.20097355891828383,0.002119482802
293,0.23288557434807114,0.16008709586450431,0.07279847848356683
294,0.20195425732043398,0.18796075029125953,0.013993507029174457
295,0.20345822081928847,0.1436566112294837,0.059801609589804766
296,0.21105077144954282,0.19742449944417173,0.013626272005371087
297,0.2013631169176862,0.18763198561195293,0.01373113130573328
298,0.22701880560732277,0.16677613957848592,0.06024266602883685
299,0.18866031621466262,0.19529904239635734,-0.006638726181694726
300,0.1849930201395911,0.15992944251500965,0.025063577624581446
301,0.19730680536251347,0.1806463259055761,0.016660479456937355
302,0.2587594304934501,0.18636823214940246,0.07239119834404767
303,0.22094309511924232,0.15845150066477137,0.062491594454470945
304,0.2009796912918936,0.14086142106382948,0.060118270228064125
305,0.21207638688935984,0.1844175682960578,0.027658818593302048
306,0.21024263211745065,0.20581848160161775,0.004424150515832892
307,0.23682577984475345,0.1733697606456982,0.06345601919905525
308,0.17469835316866963,0.177582690931412,-0.002884337762742356
309,0.22799772287605546,0.16631544465223477,0.06168227822382069
310,0.20905414660553695,0.17511093719176693,0.03394320941377002
311,0.23024439993504744,0.21816665466796828,0.012077745267079165
312,0.20996979192723925,0.1928576241178216,0.017112167809417655
313,0.19175216413173454,0.15065275599554373,0.04109940813619081
314,0.22150953821596106,0.1837786187249079,0.03773091949105317
315,0.19962164612795083,0.16738495043464902,0.032236695693301815
316,0.2218602964109052,0.18195356431197537,0.03990673209892984
317,0.1748636883729944,0.12609118117383217,0.048772507199162235
318,0.20983684333334537,0.190968833877687,0.018868009455658363
319,0.20758858926462306,0.1876482304262256,0.019940358838397454
320,0.21674878287174917,0.17273199655651528,0.0440167863152339
321,0.18937895885878625,0.15109965382801138,0.03827930503077487
322,0.23379900471861584,0.1742239846648933,0.05957502005372253
323,0.22147542352668692,0.20668734506764883,0.014788078459038095
324,0.22990671993765277,0.17787733574436126,0.052029384193291506
325,0.21749863821882245,0.20868522955957858,0.008813408659243877
326,0.15408135016854357,0.13381401610245833,0.020267334066085246
327,0.23457828755030014,0.1874034976379024,0.047174789912397735
328,0.20725622461143822,0.1142512023543108,0.09300502225712742
329,0.2530968202039017,0.1891587711914667,0.06393804901243497
330,0.22907679051128207,0.1716349028290951,0.05744188768218697
331,0.21382075929222152,0.2146608399431607,-0.0008400806509391845
332,0.20572812388318573,0.16953256914878653,0.0361955547343992
333,0.22706408795842764,0.15736127800321587,0.06970280995521178
334,0.21469591668660856,0.16809474559979526,0.0466011710868133
335,0.19928704471173198,0.19532706729418195,0.003959977417550026
336,0.22161968487230832,0.20075787120895727,0.020861813663351048
337,0.22437110614975464,0.17730468419436438,0.047066421955390264
338,0.21431097098968918,0.18449456776293846,0.02981640322675072
339,0.22930187244729072,0.15834259996449265,0.07095927248279807
340,0.22452075141310712,0.1778352215875824,0.046685529825524735
341,0.22692318641990009,0.1983544290609462,0.028568757358953895
342,0.18116896263282634,0.13953139473471224,0.0416375678981141
343,0.2215487940132724,0.15063117366174128,0.07091762035153112
344,0.23130053771513756,0.20959728712954923,0.021703250585588335
345,0.23145409677417414,0.1805567337950741,0.05089736297910005
346,0.19293560438537724,0.14789865077520278,0.04503695361017446
347,0.23449890600199058,0.199476420831884,0.03502248517010659
348,0.25049532612945274,0.16649336604964723,0.08400196007980551
349,0.20937935585926962,0.20118068295539432,0.008198672903875298
350,0.22568444994764034,0.1934005824940742,0.03228386745356612
351,0.20918446223099568,0.16833297573995123,0.04085148649104445
352,0.21249690876084576,0.12901076661970606,0.0834861421411397
353,0.22923304527938765,0.1687967784531098,0.06043626682627784
354,0.23124000321880828,0.18026771042920053,0.05097229278960774
355,0.22932430980760596,0.16386099668392864,0.06546331312367731
356,0.2026858388950438,0.15492941764905718,0.04775642124598661
357,0.21234526163794218,0.20001467848992271,0.012330583148019464
358,0.18314343267532587,0.16630878993816595,0.016834642737159927
359,0.21655833537894872,0.16190526635388955,0.054653069025059176
360,0.1645322081867838,0.16515742604590944,-0.000625217859125643
361,0.20275116025286574,0.1826940055187248,0.020057154734140936
362,0.23730947480609516,0.19781117354619596,0.0394983012598992
363,0.26727263254864214,0.19122897008394496,0.07604366246469718
364,0.19693509614234583,0.1637138547084364,0.03322124143390942
365,0.20705540748022738,0.19502888731717735,0.01202652016305003
366,0.1931180703473115,0.18258464246783052,0.010533427879480972
367,0.1846525620262418,0.16556249841049,0.0190900636157518
368,0.24282315296638934,0.21000650733894102,0.03281664562744832
369,0.2101681909301491,0.18798260656625557,0.022185584363893535
370,0.21981067165426227,0.1656112797777213,0.054199391876540964
371,0.20499169786649848,0.14840109829049866,0.05659059957599982
372,0.21294451372463477,0.1739001052920959,0.03904440843253887
373,0.20540403234615318,0.1467136469390658,0.058690385407087375
374,0.2176313041432686,0.16298277517131665,0.05464852897195194
375,0.23057932193472244,0.19152132151670456,0.03905800041801788
376,0.23251831278450572,0.20014044758253802,0.0323778652019677
377,0.21542944180237647,0.15694869797812175,0.05848074382425472
378,0.19561371116053095,0.17100989357107424,0.024603817589456706
379,0.19867386512615773,0.1940611678136452,0.004612697312512515
380,0.17214458247781414,0.18150261176218482,-0.009358029284370684
381,0.2029567593789105,0.16630585430719527,0.03665090507171523
382,0.1981748089487618,0.17910908058136665,0.019065728367395146
383,0.15145787118944018,0.17417091689711978,-0.022713045707679597
384,0.19729825988080607,0.18241536715475432,0.014882892726051755
385,0.16924672828312906,0.17120581526010625,-0.0019590869769771924
386,0.20162680736030553,0.1873849991333321,0.014241808226973435
387,0.13686746913384124,0.15084020078672758,-0.013972731652886344
388,0.19618455762108833,0.17346552317135866,0.02271903444972967
389,0.24943033297509365,0.18646235640925546,0.06296797656583819
390,0.24881138287877044,0.18893634648422342,0.059875036394547027
391,0.2064341295608006,0.13928449218612504,0.06714963737467555
392,0.17900827080772602,0.15097329625635184,0.028034974551374187
393,0.23736156282890625,0.1781183939944788,0.059243168834427457
394,0.22025649850048554,0.2002819098405547,0.019974588659930848
395,0.20914749601637386,0.1944298773845322,0.01471761863184165
396,0.21809176895284643,0.17575532953126377,0.04233643942158266
397,0.18731885273842455,0.16781342821195858,0.019505424526465975
398,0.1889070781600169,0.1878298224345791,0.0010772557254377924
399,0.1985409343762261,0.17601554000831654,0.022525394367909568
400,0.19839039727706512,0.15635118998096667,0.042039207296098446
401,0.21992767564523558,0.17813045283006287,0.0417972228151727
402,0.2530171930873395,0.18827735708753784,0.06473983599980165
403,0.18423977581978696,0.1471631534719066,0.03707662234788037
404,0.20158262146457517,0.19760853637617645,0.003974085088398721
405,0.20575451485024995,0.1870118251945449,0.018742689655705053
406,0.21514572212628094,0.15938194478077689,0.055763777345504056
407,0.22161268665132566,0.1664636391656407,0.05514904748568497
408,0.2035204507807402,0.16981338279787694,0.03370706798286324
409,0.19464850346466506,0.17068652295099385,0.02396198051367121
410,0.20647291012314398,0.171182960582186,0.03528994954095799
411,0.2003542371843258,0.18333300701899552,0.017021230165330276
412,0.19912693106576576,0.16964836687620796,0.0294785641895578
413,0.21209465495422883,0.17651309976511495,0.03558155518911388
414,0.1998510931387378,0.19638438879555997,0.0034667043431778344
415,0.23598699825671887,0.19719427104068724,0.038792727216031636
416,0.2021718290181384,0.16372025787970454,0.038451571138433865
417,0.19697927347521876,0.17748261295681309,0.01949666051840568
418,0.19794717816879953,0.18890768756460322,0.009039490604196315
419,0.2765491953951745,0.17577025993513487,0.1007789354600396
420,0.2028368134788618,0.1908577453062749,0.011979068172586899
421,0.23510865521048502,0.18700658639227485,0.048102068818210164
422,0.22812719223612732,0.19610669157757984,0.032020500658547474
423,0.25692669554279807,0.19517974468694907,0.061746950855849
424,0.21834073759910974,0.17973390942205908,0.03860682817705066
425,0.21490237334699241,0.1464076282226331,0.06849474512435932
426,0.23426382250543532,0.21150427103832264,0.02275955146711267
427,0.22294011698418498,0.18760932609101325,0.03533079089317173
428,0.2081030532580853,0.18586674801992065,0.022236305238164666
429,0.20972580360552004,0.1845830312390364,0.02514277236648363
430,0.23264366687368193,0.1691582482541963,0.06348541861948565
431,0.2059485550562117,0.15902203801253095,0.046926517043680754
432,0.22333545675435693,0.20147661348050694,0.021858843273849987
433,0.19865584070171213,0.1438928599090447,0.05476298079266742
434,0.18393081236554387,0.14178088096639183,0.042149931399152046
435,0.18383476109330596,0.157853484628714,0.025981276464591946
436,0.2079076784388021,0.1858465131752777,0.02206116526352439
437,0.23707708477814282,0.15306479954949587,0.08401228522864695
438,0.19726793764662476,0.18833307906689561,0.008934858579729144
439,0.21151986631214528,0.1927283797543015,0.018791486557843795
440,0.203853954606768,0.14363804794241428,0.060215906664353724
441,0.2200616496066468,0.1890528822585234,0.031008767348123384
442,0.20988780183815783,0.1327784235690531,0.07710937826910474
443,0.19423753465722146,0.17886815850581086,0.015369376151410596
444,0.21860753693316895,0.16139754272673992,0.05720999420642903
445,0.2197137182217975,0.16819852655838513,0.05151519166341237
446,0.2409126175248727,0.19458000497375172,0.04633261255112098
447,0.1944361429763492,0.18389462754991187,0.010541515426437331
448,0.1958728014913255,0.16388485244173961,0.03198794904958588
449,0.1854898201130713,0.16073857558370114,0.024751244529370164
450,0.23760106772529976,0.16902076464484125,0.06858030308045851
451,0.22552312275056746,0.18064804038447402,0.044875082366093444
452,0.19235769614271322,0.19889285359418543,-0.006535157451472207
453,0.19557669160486724,0.17006018922920513,0.02551650237566211
454,0.21114159254060738,0.18039298216820523,0.030748610372402146
455,0.19982983267078075,0.20919506821933298,-0.009365235548552231
456,0.15852433542570613,0.18907456843106407,-0.030550233005357946
457,0.22560736429723457,0.18276623676662404,0.042841127530610534
458,0.17686066558988922,0.18863092733985112,-0.011770261749961902
459,0.2434124432873444,0.20142043840926357,0.04199200487808083
460,0.20579072699946432,0.19640190395479976,0.009388823044664568
461,0.18895987353645202,0.17642825814830915,0.012531615388142875
462,0.20904133049425597,0.17006634632651285,0.038974984167743115
463,0.21553820946079572,0.19607511683015752,0.019463092630638196
464,0.21763286745058164,0.17693243176736642,0.040700435683215214
465,0.21305760920091296,0.18789838844908394,0.025159220751829026
466,0.2141049825913515,0.19305871982674772,0.02104626276460378
467,0.20126709852471059,0.14415544466306285,0.05711165386164774
468,0.2359277181498873,0.2180762934957161,0.017851424654171194
469,0.2555621024451892,0.21208357434988764,0.04347852809530153
470,0.20571074741051243,0.16403954964124792,0.041671197769264506
471,0.1940077051347014,0.19795722128594143,-0.0039495161512400345
472,0.23381641880954454,0.1848503134262663,0.04896610538327825
473,0.1911962982867311,0.1722853791804256,0.01891091910630549
474,0.211739138565577,0.1877203944873742,0.024018744078202786
475,0.2236126568807818,0.17357037559946695,0.050042281281314854
476,0.1912979053836805,0.15082878514306175,0.040469120240618744
477,0.21586388681392207,0.1973921659454129,0.01847172086850918
478,0.2102478910933485,0.1611348621770503,0.04911302891629818
479,0.2146887284166087,0.1861850024880884,0.028503725928520296
480,0.21433402906217996,0.17830824764187547,0.03602578142030449
481,0.20501643205761066,0.15117273018517507,0.05384370187243559
482,0.19039835650140838,0.18002402609769533,0.01037433040371305
483,0.2162087214448017,0.1810685917917663,0.035140129653035396
484,0.19791970801368644,0.18646780261692497,0.01145190539676147
485,0.20512258317392126,0.13441055647263275,0.07071202670128851
486,0.21379020446784414,0.15435930472909629,0.05943089973874785
487,0.24176779525579614,0.19422345310943628,0.04754434214635986
488,0.21344667591407632,0.16464259717703153,0.04880407873704479
489,0.19331373539166088,0.17647958866455835,0.01683414672710254
490,0.22995547291511048,0.19913360013438486,0.030821872780725623
491,0.19301697032709633,0.14959887587363166,0.04341809445346467
492,0.20867238596704468,0.1759772408686463,0.03269514509839838
493,0.21777487595980868,0.16697310153328102,0.05080177442652767
494,0.19410253748018905,0.14363288697476922,0.05046965050541982
495,0.2623277277059699,0.20525710713708656,0.057070620568883346
496,0.24547160013551794,0.19137517634857337,0.05409642378694457
497,0.21080067552210846,0.16292714143483888,0.047873534087269576
498,0.2515246067979183,0.1891195175491062,0.062405089248812134
499,0.20587971244444486,0.15871565546925404,0.04716405697519083
500,0.26380228699228725,0.18875635102252628,0.07504593596976097
501,0.18375402562864446,0.14336169451092917,0.040392331117715286
502,0.23722490960349255,0.1758554543174228,0.06136945528606974
503,0.21289165789899828,0.21897250890110853,-0.006080851002110255
504,0.19567686680720225,0.16469439404856337,0.030982472758638885
505,0.22117461199965271,0.18062156286123843,0.04055304913841429
506,0.22066525151017533,0.20879253745471965,0.011872714055455674
507,0.2322877929030086,0.18794264134724853,0.044345151555760076
508,0.22053008898148305,0.18236367460230452,0.03816641437917853
509,0.20283754163044335,0.17855868323621527,0.02427885839422808
510,0.2156570794779873,0.18907327887432726,0.02658380060366003
511,0.23944975742288296,0.2144339038582417,0.025015853564641255
512,0.19980499068014307,0.18402707449429453,0.015777916185848534
513,0.16817911904401922,0.17324850495457364,-0.005069385910554419
514,0.23459594106343207,0.15480225943691045,0.07979368162652162
515,0.23895130226987404,0.18073064783286183,0.058220654437012215
516,0.23862617933123195,0.16354470644041008,0.07508147289082187
517,0.23852024246511033,0.17503034327177938,0.06348989919333095
518,0.20134163436210445,0.15500244571314034,0.04633918864896411
519,0.2143271179119577,0.1742567657174048,0.04007035219455288
520,0.17715667955850073,0.12371922383392979,0.05343745572457094
521,0.21168439198051292,0.16889399432946764,0.04279039765104528
522,0.21065799035391394,0.16787359375930372,0.042784396594610224
523,0.2522147954588514,0.18010373768517765,0.07211105777367374
524,0.2233270745890958,0.16791858758941833,0.05540848699967746
525,0.24623377975575436,0.19173857799514132,0.05449520176061304
526,0.21724123016255284,0.1667174006445861,0.050523829517966745
527,0.21782526886288617,0.16244619985727227,0.0553790690056139
528,0.21212734743220427,0.17570861032864854,0.036418737103555726
529,0.1781312934144224,0.13516213767193824,0.042969155742484166
530,0.19956502154335282,0.19554947211855558,0.004015549424797232
531,0.19448908707789261,0.14125621788642181,0.0532328691914708
532,0.18396518468428186,0.1631051243894611,0.020860060294820765
533,0.20227592098226216,0.17266048091482183,0.029615440067440324
534,0.25651276644759025,0.2024257313644928,0.05408703508309745
535,0.19235613468586849,0.20895427739111364,-0.01659814270524515
536,0.24158441159279945,0.19373273005816172,0.04785168153463773
537,0.23362717593087032,0.2049383982828506,0.02868877764801972
538,0.1709752783894777,0.17522413145409377,-0.004248853064616059
539,0.2253335673995442,0.19726850703266718,0.028065060366877004
540,0.24529234841939077,0.17070482364553258,0.07458752477385819
541,0.2337932368452871,0.15571839585742198,0.07807484098786513
542,0.24917112165403574,0.23878063617337122,0.010390485480664513
543,0.24988110607138075,0.16960287471769253,0.08027823135368822
544,0.20853368520392424,0.15081211160675448,0.057721573597169756
545,0.20800010561644258,0.17422922137712438,0.033770884239318205
546,0.221018489707281,0.17058820731261898,0.05043028239466202
547,0.22445887625796954,0.2033869735293429,0.021071902728626635
548,0.19843372340172183,0.1575767334312591,0.04085698997046272
549,0.19514664655380853,0.16048951162768113,0.0346571349261274
550,0.18108090262528814,0.14466078230383106,0.03642012032145708
551,0.2170672917408881,0.15958986653448157,0.05747742520640653
552,0.21627244584231145,0.1871645167398004,0.02910792910251106
553,0.19283163670742767,0.16974015469436887,0.0230914820130588
554,0.223902491183578,0.19434595753256806,0.029556533651009936
555,0.20662113575323204,0.16206520511173506,0.04455593064149699
556,0.18016107074248966,0.15976662012260265,0.02039445061988701
557,0.21722478632380018,0.198515668338652,0.018709117985148183
558,0.15518560888638533,0.15454784373189054,0.0006377651544947904
559,0.20705113259377053,0.16315902219111178,0.04389211040265875
560,0.2410162235482172,0.17102405153709377,0.06999217201112343
561,0.2182346380250479,0.17459143549036787,0.043643202534680015
562,0.2321281878775156,0.1728282106207837,0.05929997725673189
563,0.2093617374821459,0.15200430528916453,0.05735743219298137
564,0.18380645153076675,0.17526753521028138,0.008538916320485368
565,0.2040114004544527,0.1960722215446453,0.007939178909807415
566,0.21564771448017012,0.19582486610006672,0.019822848380103397
567,0.21117137293200725,0.1411535045806939,0.07001786835131335
568,0.2281820744391246,0.1722131811134164,0.0559688933257082
569,0.21519836005965162,0.157326290835341,0.057872069224310624
570,0.21114702977469108,0.17431801572513228,0.036829014049558795
571,0.2189133966053114,0.19184318645941373,0.027070210145897666
572,0.20981812055024937,0.17166419021992937,0.038153930330319996
573,0.22247113181736414,0.1771083908413034,0.045362740976060745
574,0.28401775666237494,0.22071654297356033,0.06330121368881461
575,0.21207296765122186,0.14680535717411436,0.0652676104771075
576,0.20772548156998766,0.13894666649603404,0.06877881507395361
577,0.24127507715778876,0.18618241546910644,0.05509266168868232
578,0.19713517404786093,0.15525514944074123,0.041880024607119704
579,0.2178611072024862,0.15567105947469473,0.062190047727791464
580,0.20118230562440154,0.16628493632930877,0.03489736929509277
581,0.15806951234549796,0.14104140780950644,0.017028104535991517
582,0.22282525522837818,0.21709486482781595,0.005730390400562224
583,0.2022428290215276,0.15773880462025663,0.044504024401270964
584,0.20624681697246017,0.19320685152369907,0.013039965448761098
585,0.21163060654231225,0.18755197340812438,0.02407863313418787
586,0.20657980913220655,0.17315322031177202,0.03342658882043453
587,0.19929339557269957,0.17445911416087792,0.024834281411821646
588,0.1729314506626525,0.16778762017101412,0.005143830491638385
589,0.24148328848820427,0.19099911679038015,0.050484171697824126
590,0.23456426617562431,0.17097871415854887,0.06358555201707544
591,0.18934160751513018,0.15385848373239153,0.03548312378273866
592,0.21376192776806655,0.21522861583167033,-0.0014666880636037827
593,0.21081335540354668,0.17533641655322377,0.03547693885032291
594,0.21469146781039616,0.17810393741979158,0.03658753039060458
595,0.19315015174289585,0.19174079078583006,0.0014093609570657861
596,0.21501647064035967,0.1442690848325975,0.07074738580776216
597,0.24494190270467395,0.20752239712552153,0.03741950557915241
598,0.21312700147912267,0.1757839900467689,0.03734301143235377
599,0.2626484763823316,0.19083798815505743,0.07181048822727415
600,0.1988074494998863,0.16842435659540198,0.03038309290448432
601,0.21139145790660682,0.18867420085989373,0.022717257046713096
602,0.24269293622946586,0.17197446875916508,0.07071846747030078
603,0.20724333524544988,0.1929758834063942,0.014267451839055673
604,0.21316990207623543,0.15681177558228163,0.0563581264939538
605,0.21833540476248733,0.17986402294822706,0.03847138181426027
606,0.20000762507616018,0.17047217417889365,0.02953545089726653
607,0.2101919810856136,0.17133717326965453,0.03885480781595907
608,0.17850950836340881,0.15606120760985126,0.022448300753557554
609,0.23309626675856723,0.16533383635624946,0.06776243040231777
610,0.19219029375028718,0.1427821231060967,0.04940817064419048
611,0.23066092520111509,0.20302560437398692,0.027635320827128163
612,0.1912892157783572,0.16045486176556195,0.030834354012795245
613,0.21543824542866763,0.18953288831977078,0.025905357108896854
614,0.20086045445288192,0.16711152828993264,0.03374892616294928
615,0.21520687516034132,0.16991061436625476,0.04529626079408655
616,0.20282880375663143,0.19256346589588846,0.010265337860742962
617,0.2045527088095781,0.14545138182056283,0.05910132698901527
618,0.22059057372136492,0.16655962569269356,0.054030948028671366
619,0.21783539651801762,0.16368542810909797,0.05414996840891964
620,0.20314833224164877,0.1373404924766932,0.06580783976495558
621,0.2043048065057903,0.17380983459174487,0.030494971914045432
622,0.20427555923360177,0.17992175982951938,0.024353799404082388
623,0.21772084214005172,0.16821396587551773,0.04950687626453398
624,0.22798998231512332,0.1697128072141583,0.05827717510096503
625,0.23751089774962192,0.17288419583731623,0.06462670191230568
626,0.2398837278284903,0.20422201551837368,0.03566171231011661
627,0.21116410697909402,0.18456460001827366,0.026599506960820363
628,0.22708335716908734,0.16585088910124543,0.06123246806784191
629,0.21709979846974803,0.19256065039677492,0.02453914807297311
630,0.1818218061415486,0.1584364079220363,0.0233853982195123
631,0.2348541959914185,0.16504101233669433,0.06981318365472416
632,0.20430130254217874,0.1787901004230233,0.025511202119155446
633,0.19476472102040585,0.1496127644356614,0.04515195658474444
634,0.2165108682180436,0.16651270831881493,0.04999815989922868
635,0.20462520791069455,0.18836229777179178,0.01626291013890277
636,0.21853802831425137,0.19150376882530912,0.027034259488942253
637,0.20607676240268719,0.18762671739264192,0.01845004501004527
638,0.2483906708168552,0.1840766987092685,0.06431397210758671
639,0.17857462316772782,0.17727630695438704,0.0012983162133407833
640,0.20182901946892276,0.15668044897892547,0.04514857048999729
641,0.19447646189410672,0.15239276787014433,0.04208369402396239
642,0.23077197452680187,0.14743921050431003,0.08333276402249185
643,0.19561820566489424,0.170104645330675,0.025513560334219254
644,0.18950530874195873,0.16249123866592857,0.027014070076030156
645,0.2347378809921266,0.2110533074913527,0.02368457350077391
646,0.23597556850161414,0.15781447296829873,0.0781610955333154
647,0.18252167869129513,0.1862295493648892,-0.0037078706735940714
648,0.23886749428650653,0.15548828253462862,0.0833792117518779
649,0.21931448691424374,0.19154203061159952,0.027772456302644216
650,0.2214874420111279,0.1384768941463761,0.08301054786475182
651,0.2155578385046629,0.19609083445762485,0.01946700404703805
652,0.22485479779496612,0.17965974340331423,0.04519505439165189
653,0.19983255723352134,0.16445130958121387,0.03538124765230746
654,0.20976121187076896,0.1749013912393776,0.03485982063139137
655,0.23140152048671894,0.14931395855150087,0.08208756193521807
656,0.1919367050107757,0.16907585627177993,0.02286084873899577
657,0.21915689273661562,0.17489791031700938,0.04425898241960624
658,0.21846370905646906,0.15627320828511002,0.06219050077135904
659,0.2035603323308464,0.16574823780156384,0.03781209452928255
660,0.21648285311895174,0.18718289963801246,0.029299953480939278
661,0.22655881522753107,0.16234223408674492,0.06421658114078616
662,0.22032138517100675,0.18528189618271404,0.035039488988292705
663,0.20279764077629114,0.15361647336036297,0.04918116741592818
664,0.20114377079961634,0.19764528724936892,0.0034984835502474276
665,0.22581608714354784,0.17693474790244884,0.048881339241099
666,0.23430087546183243,0.17605916945320516,0.05824170600862727
667,0.22192895582774955,0.17290226361896524,0.049026692208784306
668,0.17068224544724153,0.14295580786155154,0.02772643758568999
669,0.20417463151235682,0.17981199518798327,0.02436263632437355
670,0.23240577207495436,0.17174835268198382,0.060657419392970535
671,0.17843661402175348,0.16002191518135508,0.018414698840398397
672,0.21562807701389022,0.17749996957263506,0.038128107441255166
673,0.19627003685870856,0.1785453043870781,0.01772473247163045
674,0.2158652444327417,0.20373282524468211,0.012132419188059573
675,0.213037343743768,0.1469616569634336,0.0660756867803344
676,0.1960351533307408,0.17394644079753688,0.022088712533203936
677,0.20320923313550565,0.15031768938104953,0.05289154375445612
678,0.21449697495995615,0.1631760070331951,0.05132096792676105
679,0.2262908766546348,0.17949963758983375,0.04679123906480104
680,0.23438667086086237,0.20800014919150808,0.02638652166935429
681,0.21899257414011522,0.19079095443686614,0.02820161970324908
682,0.19125766051178858,0.16144815325346484,0.029809507258323736
683,0.2158181721016386,0.1774660277221954,0.038352144379443176
684,0.1971539255770698,0.15333092156676045,0.043823004010309335
685,0.2119558423216627,0.17758286596017497,0.03437297636148773
686,0.2041499110142849,0.19664736081504,0.007502550199244895
687,0.164046219789645,0.14805866686440625,0.015987552925238763
688,0.21132003019579038,0.20873266267677457,0.0025873675190158096
689,0.24819676569389731,0.1579515024599711,0.0902452632339262
690,0.19415519175634002,0.16656420458005192,0.027590987176288106
691,0.2249662952982702,0.1734737940444347,0.051492501253835504
692,0.18972560906049662,0.13956973479605447,0.05015587426444215
693,0.20420549411076352,0.17611387453323238,0.028091619577531146
694,0.2047723208233488,0.19046062110960926,0.01431169971373955
695,0.1907984746296907,0.16474930670430782,0.026049167925382893
696,0.23552234480737433,0.21142534895063012,0.024096995856744213
697,0.22751331981955583,0.17636917289925744,0.051144146920298394
698,0.24236315125490168,0.1677804325910534,0.07458271866384827
699,0.24043430352576856,0.15274257112858772,0.08769173239718084
700,0.20963081522124546,0.17220698199200568,0.037423833229239784
701,0.18998044423122948,0.14139065496169614,0.048589789269533334
702,0.21690825815356293,0.16699457320597652,0.04991368494758641
703,0.22243127708466412,0.19921157094762143,0.02321970613704269
704,0.19738532561545596,0.1795804995421216,0.017804826073334362
705,0.18976361854794702,0.12391592084511678,0.06584769770283024
706,0.2211861991779195,0.17341008302828884,0.047776116149630676
707,0.2501337052776672,0.21368656219884505,0.03644714307882216
708,0.23468532200354866,0.20342514103259843,0.031260180970950235
709,0.24270768946041674,0.17125017054033018,0.07145751892008656
710,0.17571927856562075,0.17541099203109994,0.00030828653452080745
711,0.21021788823059573,0.17781938857489615,0.032398499655699575
712,0.22095853140537924,0.18915834997442227,0.031800181430956975
713,0.22903982363332995,0.16259533147318106,0.06644449216014889
714,0.20953904200287374,0.17724695942586946,0.03229208257700428
715,0.24850783383014263,0.1853394079653512,0.06316842586479143
716,0.2738059562490099,0.2193532003810783,0.05445275586793158
717,0.17331991373225047,0.16590569845930525,0.007414215272945224
718,0.1923442308805558,0.18148229748260425,0.010861933397951551
719,0.21353232366685437,0.19386851483065878,0.01966380883619559
720,0.1705757047591874,0.1533124589475442,0.017263245811643207
721,0.21612581038609804,0.13948965242550102,0.07663615796059703
722,0.23200473807665117,0.18904309847220394,0.04296163960444724
723,0.20022672695936672,0.17642205659705498,0.023804670362311736
724,0.2129834003973968,0.1878598796398239,0.025123520757572904
725,0.19401985511260114,0.15526079577573407,0.038759059336867074
726,0.22808247957728373,0.16777159738914393,0.06031088218813979
727,0.23111579298539503,0.17926722760005182,0.051848565385343215
728,0.19633270832588978,0.17089947114477022,0.02543323718111956
729,0.15188270683349633,0.14617081604099352,0.005711890792502811
730,0.1973420938256761,0.16218174435197866,0.03516034947369745
731,0.21706833352616373,0.16980181433223274,0.04726651919393099
732,0.22525481864521463,0.18238267799102795,0.04287214065418668
733,0.2256248085572113,0.16978823412583216,0.05583657443137913
734,0.20974359769141304,0.1423447378032099,0.06739885988820316
735,0.1801593899381882,0.16741075075522058,0.01274863918296762
736,0.20988809579561013,0.17578613188631304,0.034101963909297095
737,0.21253811743243314,0.15799261446750895,0.05454550296492419
738,0.20635641455448053,0.15104826127045895,0.05530815328402158
739,0.1920863543967262,0.17277240496737897,0.01931394942934722
740,0.20794224006123987,0.17461958549011056,0.03332265457112932
741,0.2244906061635381,0.1938869352004705,0.030603670963067597
742,0.21145526354161165,0.21123725993322315,0.00021800360838850064
743,0.23137393905768072,0.19762277799642616,0.03375116106125456
744,0.24285439233407846,0.16798659855649783,0.07486779377758063
745,0.2298639214216324,0.18961832569168358,0.04024559572994882
746,0.20292601527953413,0.17334899840146556,0.029577016878068574
747,0.23648502394345353,0.19261876282150606,0.04386626112194747
748,0.18365204688800707,0.1796219406287142,0.0040301062592928705
749,0.24366706474649721,0.1724033802627407,0.0712636844837565
750,0.18765951282872353,0.18710421405582653,0.000555298772897006
751,0.2004387310457039,0.1810460525072296,0.01939267853847429
752,0.22516833656459762,0.18547896505364533,0.03968937151095228
753,0.22583199341238872,0.21782584824404497,0.008006145168343748
754,0.21624768218024348,0.1631041296521354,0.053143552528108096
755,0.21094584983499304,0.16636169041589927,0.04458415941909377
756,0.18648085595813318,0.1826961400176251,0.003784715940508082
757,0.22362281183663382,0.1787167790718351,0.04490603276479871
758,0.19329421584962164,0.1568729672898606,0.03642124855976103
759,0.18748868866598917,0.187605673601007,-0.00011698493501782758
760,0.2051131664470167,0.159348585037732,0.04576458140928469
761,0.24993598319633378,0.19667023477478277,0.05326574842155102
762,0.17494244389896454,0.11946256598885682,0.05547987791010772
763,0.1896368266497969,0.2107962564188976,-0.021159429769100707
764,0.18456080235129785,0.17539886602973134,0.009161936321566505
765,0.24049893752948884,0.19344524583371592,0.04705369169577292
766,0.22927437148234098,0.19988916883730842,0.029385202645032554
767,0.2121243065211567,0.18116700711910494,0.030957299402051774
768,0.21831145323953913,0.204076704226951,0.014234749012588116
769,0.1999484089542062,0.1788368954191188,0.021111513535087417
770,0.17874253719571637,0.17132176619298325,0.007420771002733112
771,0.2670799252481827,0.2097176621345038,0.057362263113678896
772,0.18837308396161298,0.16746502691505805,0.020908057046554934
773,0.21301605805296212,0.1830929823934623,0.02992307565949981
774,0.21849595960260607,0.16566248753168517,0.0528334720709209
775,0.20369300742462185,0.17581742695999278,0.02787558046462907
776,0.21882642436923413,0.16242202305893352,0.05640440131030061
777,0.1831432534723499,0.17033694916150832,0.012806304310841565
778,0.2211084821380547,0.1716102479007564,0.049498234237298294
779,0.18735735397683417,0.15947931858005038,0.027878035396783796
780,0.1824277957631742,0.16823024998523253,0.014197545777941661
781,0.2150704234976682,0.1643532482960119,0.050717175201656306
782,0.23652050179260503,0.18882057374593184,0.047699928046673196
783,0.19238070275156452,0.1818460687945042,0.010534633957060308
784,0.2171089654556254,0.1827714171092386,0.034337548346386804
785,0.23348656019091643,0.18041955994929695,0.05306700024161948
786,0.1903590632672018,0.171069155333412,0.01928990793378982
787,0.22973498983569893,0.15727997592239681,0.07245501391330211
788,0.19063529218677128,0.16451879788320922,0.026116494303562054
789,0.25743499268486303,0.18109749589579754,0.07633749678906548
790,0.19986142720880296,0.14814127050648376,0.05172015670231919
791,0.201497385928932,0.1595145913305513,0.041982794598380696
792,0.216527409977727,0.16781972087891597,0.04870768909881101
793,0.2665667914129512,0.1582860380463351,0.1082807533666161
794,0.22604235065301304,0.16252812939629663,0.06351422125671641
795,0.22440981088290843,0.18007700866475854,0.04433280221814989
796,0.19738474299010209,0.16372167066872512,0.03366307232137697
797,0.20164259299686343,0.13553949951311914,0.0661030934837443
798,0.18827615039614837,0.14908866218935438,0.03918748820679399
799,0.20159793020386113,0.1883577039231423,0.013240226280718831
800,0.20298582202455873,0.18088530611795084,0.022100515906607887
801,0.19065824257282116,0.17540265479129633,0.015255587781524832
802,0.20931905279281324,0.1577361502695225,0.05158290252329073
803,0.2289070551493473,0.17955745086306213,0.04934960428628518
804,0.20635716840284138,0.17518902014031523,0.031168148262526146
805,0.20666600593075107,0.1986590505052759,0.008006955425475165
806,0.23463067559502895,0.2148809560584055,0.019749719536623467
807,0.19496785399239844,0.11337924062887408,0.08158861336352435
808,0.20383269943194562,0.1870107348954744,0.016821964536471223
809,0.2235783644078972,0.15373392061334007,0.06984444379455712
810,0.17649848397987972,0.15169556073680396,0.02480292324307576
811,0.20673959538544256,0.14158884424386228,0.06515075114158028
812,0.23980527259201725,0.1670069098137426,0.07279836277827464
813,0.2331826762689856,0.18090810484605283,0.052274571422932764
814,0.19924396744157682,0.15905187173901805,0.04019209570255877
815,0.2300651332025891,0.21410130124406598,0.015963831958523106
816,0.21733947197044148,0.1772635241917702,0.040075947778671295
817,0.22406320826042628,0.17094459982640084,0.05311860843402544
818,0.18832250676410622,0.15430124490736985,0.03402126185673637
819,0.20568041294706071,0.15171646651808035,0.053963946428980364
820,0.19610455184450573,0.17178166576420953,0.024322886080296202
821,0.2275670597599169,0.21213038521831484,0.015436674541602052
822,0.20278815275882336,0.19615880497955385,0.006629347779269518
823,0.18913318346846453,0.1561063069870149,0.03302687648144964
824,0.21464316796812982,0.13344121489300564,0.08120195307512418
825,0.20680453187710301,0.15838898421080333,0.048415547666299685
826,0.20289906854337914,0.17078136248108314,0.032117706062296
827,0.20354949682828027,0.14930586164314044,0.05424363518513983
828,0.2159265744745338,0.19189228681927759,0.024034287655256226
829,0.22649605617725832,0.17504262870555862,0.0514534274716997
830,0.18466256291590866,0.21565519899937102,-0.030992636083462366
831,0.20957601790393496,0.18056923273998537,0.029006785163949583
832,0.21202566935402944,0.17612176039650831,0.03590390895752113
833,0.2000781695475217,0.18566488907879233,0.014413280468729361
834,0.20418688375999397,0.14615478963855744,0.058032094121436534
835,0.20904810471500201,0.15851229292768507,0.05053581178731695
836,0.1845582452999489,0.158054632821449,0.026503612478499916
837,0.19806499438705677,0.18984003122208942,0.008224963164967347
838,0.1958907302557028,0.13349843312627943,0.062392297129423374
839,0.19669856848694234,0.18147773667563968,0.015220831811302654
840,0.23862252794231897,0.14885197559080685,0.08977055235151213
841,0.22478851712995998,0.15603036868134168,0.0687581484486183
842,0.22244032148586274,0.15713541936590253,0.0653049021199602
843,0.22213853733301972,0.1936352468494549,0.028503290483564814
844,0.27853544201896285,0.2080089091802771,0.07052653283868576
845,0.2526914989171192,0.16068297338986623,0.09200852552725294
846,0.22576663200619368,0.16367893295114375,0.06208769905504993
847,0.23927633203086102,0.17750409098841696,0.061772241042444054
848,0.2119193835476522,0.17200291122131883,0.03991647232633336
849,0.17641677749911844,0.17837544812384823,-0.0019586706247297914
850,0.19823516759675897,0.19826397480353053,-2.8807206771563898e-05
851,0.20990693870331192,0.16998585610913905,0.039921082594172874
852,0.19907870396025776,0.18878885607650378,0.010289847883753978
853,0.20608829923712307,0.1626327243707403,0.04345557486638277
854,0.2248462102132595,0.18760163451838271,0.0372445756948768
855,0.2351427845565359,0.1840872594694054,0.05105552508713049
856,0.2091584378831882,0.17260121014817492,0.03655722773501327
857,0.18299419915403345,0.18099961531941855,0.001994583834614899
858,0.22801030025352906,0.19147922609766424,0.03653107415586482
859,0.20741560047022256,0.18038921614488282,0.027026384325339742
860,0.19217167677804942,0.18728406890994262,0.004887607868106797
861,0.2121024821514953,0.18228642643715529,0.029816055714340012
862,0.20090172948119916,0.1335212355380232,0.06738049394317597
863,0.2332082895487311,0.1991292647350623,0.03407902481366881
864,0.17082759086022212,0.13524906083124064,0.03557853002898148
865,0.21552286125429274,0.1851651246446345,0.030357736609658237
866,0.19174002461137246,0.16966982169195474,0.02207020291941772
867,0.22763039151201847,0.15634943629827214,0.07128095521374633
868,0.20927548275331095,0.19578612094246955,0.0134893618108414
869,0.18301805633066312,0.17891206183826136,0.00410599449240176
870,0.22601127562253745,0.17611059091344913,0.04990068470908832
871,0.20130179213376218,0.15340916917670383,0.047892622957058345
872,0.20009220282466944,0.1485019908276258,0.05159021199704364
873,0.2144472054724085,0.16055257622483224,0.053894629247576264
874,0.2121210068250713,0.19414873558361312,0.01797227124145817
875,0.20732078588714017,0.1587699621320756,0.04855082375506459
876,0.2057105890089841,0.1399538399874797,0.06575674902150438
877,0.19186274581165946,0.16149544383064626,0.0303673019810132
878,0.21877256540529424,0.21024844670922688,0.008524118696067368
879,0.21845497031296698,0.19147595667714656,0.02697901363582042
880,0.2254369851708749,0.16726442112794054,0.05817256404293436
881,0.23846183728816825,0.16465839683776473,0.07380344045040352
882,0.20100507862205597,0.19274375894826046,0.008261319673795509
883,0.183021372917536,0.16580552116102487,0.017215851756511136
884,0.2137431294612144,0.16448955506114063,0.049253574400073774
885,0.22090687441033635,0.20851002602683605,0.012396848383500303
886,0.21643345679552523,0.1605135220762821,0.055919934719243114
887,0.2034534124812347,0.18526154921858737,0.018191863262647323
888,0.2225768624220526,0.18445007241950737,0.038126790002545236
889,0.2537240913422434,0.192385697431497,0.061338393910746386
890,0.21100306808269592,0.16377845669366134,0.04722461138903458
891,0.20029303869730938,0.1445971748075512,0.055695863889758196
892,0.21962199922326073,0.168998594515028,0.05062340470823273
893,0.20182431131617956,0.17510235041496872,0.026721960901210845
894,0.2276169323681432,0.1718128842659888,0.05580404810215439
895,0.2324939157764181,0.19232958643551212,0.04016432934090597
896,0.17834731843144,0.15438510909918324,0.023962209332256762
897,0.20021448874750813,0.15784630775533287,0.042368180992175264
898,0.21312658355289688,0.20378997573976412,0.009336607813132752
899,0.22916470494657712,0.18051198246934783,0.04865272247722929
900,0.19711140342177005,0.17802488828987967,0.019086515131890386
901,0.18514561580516364,0.1633132580733303,0.02183235773183334
902,0.19291036291289523,0.173994487538957,0.01891587537393824
903,0.20916692212453097,0.10777289767496472,0.10139402444956626
904,0.21278031990891796,0.16931734623342062,0.04346297367549734
905,0.21277830729500394,0.15706903064365968,0.05570927665134426
906,0.21699492160158715,0.12742782913789252,0.08956709246369463
907,0.17106766439956447,0.14876507279138096,0.022302591608183514
908,0.20170555073505025,0.17577208975454148,0.025933460980508777
909,0.22990167459282332,0.17690494720910985,0.05299672738371347
910,0.19144268834673875,0.1646489880708025,0.02679370027593625
911,0.2032015361649849,0.19231135199074578,0.01089018417423912
912,0.23104557010800225,0.1557456900976862,0.07529988001031604
913,0.21909665367857198,0.18236803490488654,0.03672861877368544
914,0.17504036941563625,0.15490690294132234,0.02013346647431391
915,0.20153023977215564,0.11882250943316162,0.08270773033899402
916,0.1969587785980702,0.1702054667332805,0.026753311864789714
917,0.2122999388837009,0.17011796050911457,0.04218197837458634
918,0.207705051258971,0.20047643832897927,0.007228612929991746
919,0.195175799682041,0.13847289088199555,0.05670290880004544
920,0.21457007435092648,0.18130108893237065,0.03326898541855583
921,0.20118609449991387,0.16495323006001655,0.03623286443989732
922,0.1928393138652449,0.16245859377898067,0.030380720086264218
923,0.2093122764771406,0.16838466123760643,0.04092761523953417
924,0.1622178684710233,0.12340914923420693,0.038808719236816364
925,0.2352997947216476,0.2015225425483154,0.03377725217333222
926,0.1976934824576082,0.1568449960699182,0.04084848638769001
927,0.23366461230747826,0.14611815075411055,0.0875464615533677
928,0.19550678859796133,0.16009879271928665,0.035407995878674686
929,0.1851844941313722,0.1558218390925717,0.029362655038800506
930,0.16973193162833544,0.16551780197112165,0.004214129657213794
931,0.22897829197303793,0.17689651979734647,0.05208177217569146
932,0.20192936476691514,0.15669696963830942,0.04523239512860572
933,0.18230401839982785,0.17079983225352433,0.011504186146303524
934,0.23828435682770438,0.17661598609691948,0.061668370730784905
935,0.2056226215837682,0.14863529035169581,0.05698733123207239
936,0.22179549487616787,0.18343060296556096,0.03836489191060691
937,0.20049712660015395,0.14617165559325404,0.05432547100689991
938,0.21897590756141141,0.17391067070752242,0.045065236853888996
939,0.20325341677417713,0.15901053700486473,0.044242879769312404
940,0.19828553036470897,0.18100767728327827,0.017277853081430705
941,0.22324353657124366,0.19558080108313539,0.02766273548810827
942,0.22386867691066886,0.16898815294909317,0.054880523961575695
943,0.20395927345957662,0.18093356949390257,0.02302570396567405
944,0.19671028434828425,0.1743933573251305,0.022316927023153743
945,0.2021016144703437,0.17111463020608214,0.030986984264261552
946,0.24412354685500845,0.1661261292543012,0.07799741760070725
947,0.2259158922582924,0.1621794984673225,0.0637363937909699
948,0.22359897238012802,0.18543074468245585,0.03816822769767217
949,0.21124801201137652,0.11358415655774379,0.09766385545363274
950,0.20214379826593987,0.1697484894211324,0.03239530884480746
951,0.1844931181142777,0.14493256303434188,0.03956055507993583
952,0.1990392346629059,0.15174112454572958,0.04729811011717633
953,0.1754162655106813,0.19193471998717135,-0.016518454476490058
954,0.19907537235193257,0.1610593280134631,0.038016044338469474
955,0.2175336162569501,0.1878631941906478,0.029670422066302327
956,0.21164233970107033,0.16719815605599878,0.04444418364507155
957,0.1970165456115982,0.17087064633826973,0.02614589927332847
958,0.20253178040214842,0.16755776584160334,0.03497401456054508
959,0.20448143778983233,0.17519863005127403,0.029282807738558292
960,0.20800197605041873,0.18358363586012155,0.024418340190297178
961,0.23671877495368182,0.20380300271043267,0.03291577224324915
962,0.20332900632511153,0.14070657013661564,0.06262243618849589
963,0.2129304429868621,0.18401152925114586,0.02891891373571623
964,0.21465042845452922,0.13691114065719018,0.07773928779733905
965,0.17162581339199626,0.137917162378446,0.03370865101355025
966,0.26695491860652515,0.20002914881356265,0.0669257697929625
967,0.1906278353951807,0.1941018432681636,-0.0034740078729829094
968,0.228207231614038,0.16731845276318144,0.060888778850856556
969,0.21655254865702794,0.16141949285387236,0.055133055803155584
970,0.20149510134381543,0.15319982320916087,0.04829527813465456
971,0.21665500046830857,0.16862211025344653,0.04803289021486204
972,0.19842982992883057,0.17291214325942741,0.025517686669403156
973,0.23904316392872602,0.16446727312410103,0.07457589080462498
974,0.2734532934465434,0.18885046189062335,0.08460283155592005
975,0.20068720749875504,0.1510525576650593,0.049634649833695754
976,0.22738489190274971,0.17112395770458555,0.056260934198164164
977,0.2222646699225394,0.18006254859824977,0.04220212132428963
978,0.23568143924588128,0.18039339443497834,0.05528804481090294
979,0.17776344155346682,0.17367874037346923,0.004084701179997596
980,0.26110601150871965,0.19681412372437426,0.06429188778434539
981,0.21749464856005557,0.1780753722966157,0.039419276263439856
982,0.19979775151381696,0.13773571461800554,0.06206203689581141
983,0.2442934677421791,0.19009931705138172,0.05419415069079739
984,0.18641313130402673,0.1518081137163696,0.03460501758765713
985,0.244575411948044,0.17677833859757047,0.06779707335047352
986,0.2458393324025455,0.17682573698889642,0.06901359541364907
987,0.18061913712443214,0.16204331761984547,0.01857581950458667
988,0.21902310669296066,0.15972558272273332,0.059297523970227334
989,0.24765655916039936,0.17729623178453574,0.07036032737586362
990,0.2095381311677621,0.1624078522426323,0.047130278925129804
991,0.18953156836382043,0.14531325523731184,0.04421831312650859
992,0.2126540087828617,0.17853521247828827,0.03411879630457343
993,0.22061568342768065,0.16565224655916627,0.054963436868514376
994,0.23591899320220058,0.17510728004916357,0.06081171315303702
995,0.2264692284678824,0.15117947566024934,0.07528975280763306
996,0.21457285463766457,0.17952385318857897,0.0350490014490856
997,0.19487926080648452,0.1735429132178304,0.021336347588654103
998,0.2292180474877154,0.19763214862664166,0.03158589886107374
999,0.2233797178755769,0.15646734130469359,0.06691237657088331
1000,0.21205335846112558,0.15937948730389764,0.052673871157227936
1001,0.24624259393131057,0.18181682539496197,0.0644257685363486
1002,0.22389574220718808,0.20209795110469342,0.021797791102494662
1003,0.19400574538784943,0.16869944680239768,0.025306298585451747
1004,0.22403664927129374,0.1723363768242711,0.05170027244702263
1005,0.23420361189286798,0.16392792760570582,0.07027568428716216
1006,0.21332745341872233,0.1812674247170318,0.03206002870169053
1007,0.199444543365626,0.17289714744709894,0.02654739591852706
1008,0.20631689306296283,0.157551666956477,0.04876522610648584
1009,0.22026441914053357,0.17825193791430616,0.042012481226227416
1010,0.20802628675317097,0.1759968029639226,0.032029483789248386
1011,0.2309282120003635,0.16763026327907776,0.06329794872128575
1012,0.23628133697909798,0.19277865669917407,0.043502680279923905
1013,0.22643894074433635,0.18874078936600522,0.03769815137833113
1014,0.2518352885308158,0.19386183046436203,0.05797345806645379
1015,0.16858860773530976,0.13965124438450874,0.02893736335080102
1016,0.21549391334310844,0.1493842038027802,0.06610970954032824
1017,0.18972163677255086,0.15554142040479013,0.034180216367760724
1018,0.1929374591806337,0.16785311790786733,0.025084341272766375
1019,0.20614803840662163,0.17564175160085532,0.03050628680576631
1020,0.20457567758764947,0.16026734127331616,0.04430833631433331
1021,0.20428631454562704,0.15868342306079677,0.045602891484830266
1022,0.17724453439757804,0.16916322907997694,0.008081305317601095
1023,0.21420067577695637,0.16189409331259122,0.05230658246436515
1024,0.1974860797901218,0.17524287549628426,0.022243204293837554
1025,0.22163743823463447,0.1713250205894036,0.05031241764523087
1026,0.24350337011243922,0.1916906213056202,0.05181274880681902
1027,0.19923854936517932,0.17868812395148143,0.020550425413697893
1028,0.21926250896700875,0.16661910174384298,0.05264340722316577
1029,0.19975728263889087,0.17200392454697602,0.027753358091914843
1030,0.22120170570432685,0.14079941303927804,0.08040229266504881
1031,0.22245559805505652,0.15819544372860378,0.06426015432645274
1032,0.2248824291998386,0.18952523812843683,0.03535719107140178
1033,0.230645767975178,0.19823587576441515,0.03240989221076285
1034,0.23149660466848357,0.15073190068814535,0.08076470398033822
1035,0.20353145791934574,0.14304085089495222,0.06049060702439352
1036,0.18135829473635112,0.1445435685533038,0.03681472618304732
1037,0.19997946204703138,0.19194645905965105,0.008033002987380328
1038,0.22067610719501285,0.19768900933939,0.022987097855622862
1039,0.24583412418794073,0.1904336611863359,0.05540046300160484
1040,0.2029177059731871,0.14284834663197354,0.060069359341213546
1041,0.20875030075138556,0.17782211965925387,0.03092818109213169
1042,0.22012533259430173,0.1964492803240002,0.023676052270301534
1043,0.23150491480428018,0.17811215159599741,0.05339276320828276
1044,0.22376362392821655,0.16608070609987122,0.05768291782834534
1045,0.24053438127207935,0.17915282369656294,0.061381557575516416
1046,0.18753607648405646,0.18184969924864364,0.005686377235412821
1047,0.23615140760463058,0.15531574346888802,0.08083566413574256
1048,0.1923641138172283,0.15732781499687598,0.03503629882035231
1049,0.16949351767678517,0.18286387532859139,-0.01337035765180622
1050,0.2178910875887559,0.19267723689217123,0.02521385069658466
1051,0.19071644722480285,0.16410387449323338,0.026612572731569473
1052,0.1956289516836581,0.17555082372677452,0.020078127956883574
1053,0.19020901084387967,0.1793510979250787,0.010857912918800977
1054,0.23965814088332638,0.20632443952235024,0.03333370136097613
1055,0.1791804325352204,0.1608376043531333,0.0183428281820871
1056,0.18453631066073548,0.16057201425948123,0.023964296401254248
1057,0.24096737177244237,0.18752652389613417,0.053440847876308206
1058,0.21256332368362169,0.1543363353929402,0.058226988290681486
1059,0.2138324403258053,0.1369943726517518,0.07683806767405352
1060,0.21814336951037705,0.18904705258142937,0.02909631692894768
1061,0.22643510312697732,0.1881643302827772,0.03827077284420011
1062,0.1890697597345799,0.16214955576140938,0.02692020397317052
1063,0.19580500873088572,0.1671358080792119,0.028669200651673804
1064,0.21086401321567771,0.17774596789932376,0.033118045316353956
1065,0.2601057282881394,0.21070561712082717,0.049400111167312216
1066,0.20102549738851047,0.1678484696400499,0.03317702774846057
1067,0.24422796941681807,0.2108135984691928,0.03341437094762528
1068,0.2218595399599869,0.21202648265282684,0.009833057307160054
1069,0.16352119344920987,0.16927731189429532,-0.005756118445085445
1070,0.2551801480823017,0.1645209757715228,0.09065917231077891
1071,0.19396907046152112,0.18875099231491108,0.0052180781466100445
1072,0.21522117313414818,0.17115670788372508,0.044064465250423096
1073,0.21963206688753964,0.19550711979290905,0.02412494709463059
1074,0.2147423525298185,0.16894289256302497,0.04579945996679352
1075,0.25053651562146895,0.215875510400955,0.034661005220513935
1076,0.2221050344039539,0.19738251595869083,0.024722518445263075
1077,0.2183527591076775,0.17576363350130725,0.042589125606370265
1078,0.23024332912244397,0.17663150196314384,0.05361182715930013
1079,0.22357707538152286,0.18267462102740678,0.040902454354116075
1080,0.22274963505890127,0.18932090721959766,0.03342872783930362
1081,0.19571590373336764,0.161966591532698,0.03374931220066965
1082,0.20277696973291884,0.141343378128511,0.06143359160440784
1083,0.2600417368442755,0.2193703482553926,0.04067138858888292
1084,0.21633234315433683,0.19642902450814956,0.019903318646187274
1085,0.21350072434019524,0.15630871284597986,0.05719201149421538
1086,0.20018540195088558,0.13368972602984672,0.06649567592103886
1087,0.16879604393787312,0.14840415279457206,0.02039189114330106
1088,0.21399301380724042,0.1731407043243263,0.04085230948291413
1089,0.24669856265176615,0.18377882205175322,0.06291974060001293
1090,0.2203921602272787,0.16957463514887172,0.05081752507840698
1091,0.2272215468611461,0.16730065078160197,0.05992089607954412
1092,0.1880461332937172,0.16919295557616706,0.01885317771755013
1093,0.21262874611816904,0.17193948515952817,0.040689260958640866
1094,0.21031207182810258,0.18389725486403274,0.02641481696406983
1095,0.24255902960114153,0.21643579896967205,0.026123230631469485
1096,0.22751104610616418,0.18164295632485253,0.045868089781311655
1097,0.2432686961216016,0.21485945675117052,0.028409239370431077
1098,0.14269332727687684,0.16512432898042842,-0.022431001703551584
1099,0.21487224879454903,0.16429614281956728,0.050576105974981744
1100,0.19971490574683678,0.16651761705397627,0.03319728869286051
1101,0.21589922653510787,0.18324125284314616,0.03265797369196172
1102,0.2547490804529996,0.20527004015518283,0.04947904029781677
1103,0.22952367340959678,0.15122683787497254,0.07829683553462424
1104,0.240427984070239,0.17272357921723386,0.06770440485300513
1105,0.20059126899388718,0.15036173989887167,0.05022952909501552
1106,0.1938615927804542,0.16298703487731275,0.030874557903141447
1107,0.17767436009100607,0.12262278066316763,0.055051579427838435
1108,0.17853705884514576,0.1941455638144025,-0.015608504969256753
1109,0.2254856764277181,0.17057684903877557,0.05490882738894254
1110,0.2467881158009777,0.17372207476966461,0.07306604103131309
1111,0.20667736374395962,0.15618827961848147,0.050489084125478145
1112,0.21228286088589024,0.19746239360889356,0.01482046727699668
1113,0.2525969915135438,0.22662765578274038,0.025969335730803428
1114,0.21805777707840288,0.1719665713728352,0.046091205705567684
1115,0.21897727816934973,0.1792111974571596,0.03976608071219012
1116,0.20395078129302824,0.14588196367332143,0.05806881761970681
1117,0.21616222984156266,0.16302302070949803,0.05313920913206463
1118,0.21868078037182107,0.18279235969337174,0.03588842067844933
1119,0.224722073191546,0.1906003200775462,0.034121753113999786
1120,0.21417042690443786,0.16131893540283485,0.05285149150160301
1121,0.21391284440812522,0.17984915073923063,0.034063693668894585
1122,0.2285984943647968,0.17563832741797258,0.052960166946824205
1123,0.1889382946617641,0.16637425189336047,0.022564042768403625
1124,0.20299489504793447,0.16839006797179668,0.034604827076137795
1125,0.2627835087002691,0.1976679504696075,0.06511555823066162
1126,0.15425996623063612,0.12866868907185608,0.02559127715878004
1127,0.20532608744984143,0.1748039857695982,0.03052210168024322
1128,0.2280024116937938,0.15809516811681526,0.06990724357697853
1129,0.19866408978015512,0.12760407935347376,0.07106001042668136
1130,0.21486297151934855,0.1544177235045634,0.06044524801478515
1131,0.23254419258940756,0.1727937165815588,0.059750476007848774
1132,0.23798752600868586,0.18639701107682904,0.05159051493185682
1133,0.2218602314601389,0.18565865938258017,0.036201572077558725
1134,0.19783219811633795,0.16327401617477588,0.03455818194156207
1135,0.21330912877904662,0.1847131477455267,0.02859598103351993
1136,0.23779466032999053,0.19512564340424135,0.042669016925749176
1137,0.1955061940356512,0.17422346964553898,0.021282724390112223
1138,0.20977619265742645,0.18389567304721086,0.02588051961021559
1139,0.21343980544200922,0.21169186638855408,0.0017479390534551331
1140,0.2611996875656977,0.17445224034774343,0.0867474472179543
1141,0.2380071227635725,0.19205400661292674,0.04595311615064576
1142,0.2180571158561865,0.22331664528916836,-0.005259529432981858
1143,0.20448203773667048,0.17025328115242377,0.034228756584246706
1144,0.2182684570886143,0.16397202929812454,0.054296427790489765
1145,0.2274420286988775,0.17397311163782656,0.05346891706105095
1146,0.17709794586688427,0.14157599949309366,0.03552194637379061
1147,0.21116433154632566,0.17659885326603378,0.034565478280291884
1148,0.221242647704925,0.16991922756624267,0.051323420138682324
1149,0.22260210997897667,0.17414768153674695,0.04845442844222972
1150,0.20133580275952748,0.16494939266333425,0.03638641009619323
1151,0.21081660391361828,0.1534707217099684,0.05734588220364989
1152,0.24511224191781542,0.20076538790313894,0.04434685401467647
1153,0.17687549589577736,0.18040298633000007,-0.0035274904342227076
1154,0.229953047193883,0.19568391095885057,0.034269136235032416
1155,0.210666721103991,0.1824155336838598,0.02825118742013122
1156,0.19382625158658945,0.17271765392694416,0.02110859765964529
1157,0.22232820573676082,0.18866462495080744,0.033663580785953384
1158,0.231703320822182,0.1791424259373734,0.05256089488480861
1159,0.21839705260645154,0.16002915606237753,0.05836789654407401
1160,0.23113333934143004,0.20336192796178393,0.027771411379646116
1161,0.19538461681718067,0.16217583345263195,0.033208783364548716
1162,0.19717689098234684,0.16234530422604038,0.03483158675630646
1163,0.20762465125741583,0.18950578671061288,0.01811886454680295
1164,0.23451799787966618,0.1814397410195042,0.05307825686016199
1165,0.21819780802015745,0.13228006961149008,0.08591773840866737
1166,0.20009953312172732,0.18042998630216936,0.01966954681955796
1167,0.21168866474764247,0.19210038318710265,0.019588281560539822
1168,0.20909939648519876,0.16860254889340343,0.04049684759179534
1169,0.2138527894145607,0.17727406948135868,0.036578719933202025
1170,0.21609787573013292,0.19126209208079772,0.024835783649335197
1171,0.1869851669399449,0.1779327705576638,0.009052396382281114
1172,0.20290433520609183,0.12690180321352984,0.07600253199256199
1173,0.23825920845543616,0.19941154053875268,0.03884766791668348
1174,0.2089543164618235,0.16190989343634335,0.04704442302548015
1175,0.23458642177513075,0.17000354570487217,0.06458287607025859
1176,0.21665085301295048,0.16708900508089264,0.04956184793205784
1177,0.21379205024608403,0.1918843613521752,0.021907688893908817
1178,0.22070242557378003,0.18705116845876765,0.03365125711501238
1179,0.23252401101828868,0.19489365099264308,0.0376303600256456
1180,0.2152199006731385,0.17820368596813593,0.037016214705002576
1181,0.1820004180279197,0.1645182391413706,0.0174821788865491
1182,0.18606024769349164,0.15164157654306673,0.03441867115042491
1183,0.22211454153043642,0.1759547985745303,0.04615974295590611
1184,0.22721268634214534,0.17997977784449143,0.04723290849765391
1185,0.22082796317762,0.16726184027843097,0.05356612289918902
1186,0.22676768727877952,0.17838615039675193,0.04838153688202759
1187,0.20892953559410862,0.21754589221646908,-0.00861635662236046
1188,0.23156422660577347,0.19000121513806295,0.04156301146771052
1189,0.21101092436223085,0.1782964997748877,0.03271442458734314
1190,0.21174352641294436,0.12823783316830809,0.08350569324463628
1191,0.20844569025729145,0.19476942700823416,0.013676263249057297
1192,0.1885734983651986,0.14744980752738254,0.04112369083781606
1193,0.18566895322225244,0.1614993243095209,0.024169628912731528
1194,0.19291189786199334,0.13525004627593137,0.05766185158606196
1195,0.23082304726946837,0.20361271910713302,0.027210328162335345
1196,0.2329466428988256,0.16060877814243774,0.07233786475638787
1197,0.18465790052420594,0.1476021136266723,0.03705578689753364
1198,0.22809829719620112,0.17984352292043448,0.04825477427576663
1199,0.19511098274233846,0.19129459471816704,0.0038163880241714188
1200,0.22798755906767518,0.16282017691712564,0.06516738215054954
1201,0.21411654965987953,0.16786666275040582,0.04624988690947371
1202,0.18259705666428394,0.16013884708020348,0.022458209584080457
1203,0.23084698781195798,0.15882430773392736,0.07202268007803062
1204,0.2169342254562305,0.17067625243140006,0.04625797302483045
1205,0.1993101333279469,0.1404531693508829,0.058856963977064
1206,0.2162127254441801,0.15245837204794,0.06375435339624011
1207,0.21007139033484346,0.14360439314325393,0.06646699719158952
1208,0.22818316021088678,0.18826734632790473,0.03991581388298204
1209,0.19576116979734468,0.16825208564829705,0.027509084149047625
1210,0.22412702347468394,0.1762698886995492,0.04785713477513473
1211,0.21501173691335507,0.1827723583796704,0.032239378533684665
1212,0.22257505055642324,0.18400213433167525,0.03857291622474798
1213,0.2333687333878669,0.21225651621388486,0.02111221717398204
1214,0.19124690370455524,0.17990798693763457,0.01133891676692067
1215,0.1717463638732169,0.14340608302830318,0.028340280844913718
1216,0.20811329054861724,0.21369387811370386,-0.005580587565086614
1217,0.24501251516571204,0.22539425847356465,0.019618256692147396
1218,0.20759298787397235,0.17347076293097474,0.0341222249429976
1219,0.19272355372155303,0.1728054493957891,0.019918104325763936
1220,0.1891795927758736,0.16521830715539304,0.023961285620480555
1221,0.19753299050531242,0.20504646119274658,-0.0075134706874341595
1222,0.21694312245103894,0.1916348615712987,0.025308260879740252
1223,0.23209133296552653,0.19384479105455604,0.03824654191097049
1224,0.19645548330288376,0.15071133124854097,0.04574415205434279
1225,0.2070512911443387,0.20438933057553477,0.0026619605688039394
1226,0.23898467140720045,0.1864463071809989,0.05253836422620156
1227,0.22129356853772986,0.19582783323600103,0.025465735301728826
1228,0.23148460191521544,0.14212472353082437,0.08935987838439108
1229,0.23529616921918844,0.17448262687481222,0.06081354234437622
1230,0.21284643794349584,0.14345492852189873,0.06939150942159711
1231,0.22595358280338101,0.1916297136106179,0.03432386919276312
1232,0.1562318074729235,0.13111867730362708,0.02511313016929642
1233,0.19347341274513305,0.16332738154808316,0.030146031197049894
1234,0.19494444393941682,0.18275074802143446,0.012193695917982361
1235,0.19751276539377932,0.10658791702794658,0.09092484836583274
1236,0.2120104611187175,0.1893209190145795,0.022689542104137983
1237,0.2596624739859732,0.21782144792391747,0.041841026062055725
1238,0.21222325410370443,0.19029605855753484,0.021927195546169592
1239,0.21886311775497755,0.17336301782146496,0.04550009993351259
1240,0.2364309992730254,0.22837752752328516,0.008053471749740249
1241,0.20323084145365633,0.1552758716695791,0.047954969784077234
1242,0.21780548036660263,0.18243586742440704,0.035369612942195594
1243,0.19031315888677833,0.14469284911796312,0.045620309768815204
1244,0.22993807709265618,0.14130912702186701,0.08862895007078916
1245,0.21779156231247845,0.1816357983850327,0.036155763927445767
1246,0.24481107334155697,0.2081328349615594,0.03667823837999756
1247,0.20117302200264306,0.18146975334927717,0.019703268653365885
1248,0.21209029189224263,0.19316461860611295,0.01892567328612968
1249,0.19816270968209096,0.1784605729233353,0.01970213675875565
1250,0.1910296289718183,0.17102051039878752,0.020009118573030782
1251,0.19997615632615595,0.14262422428593208,0.057351932040223874
1252,0.18188771181707183,0.17199950884391202,0.009888202973159815
1253,0.2047095204801516,0.18851664992038472,0.01619287055976687
1254,0.21857444218768213,0.1915007121224817,0.02707373006520042
1255,0.21486083508458256,0.17020127372887048,0.044659561355712085
1256,0.2009610676147341,0.16188565159195029,0.039075416022783804
1257,0.1864274350895296,0.17607557067497817,0.010351864414551437
1258,0.24239904561956666,0.20645590717004642,0.03594313844952024
1259,0.21959560263672612,0.18863981627519555,0.03095578636153057
1260,0.19442129525455998,0.1567005228613866,0.03772077239317337
1261,0.19953586944235893,0.17447144649252677,0.02506442294983216
1262,0.18111031044934317,0.16423963282942114,0.01687067761992203
1263,0.213586444471613,0.17208443418861713,0.04150201028299588
1264,0.19588582567265853,0.16636106938722692,0.029524756285431608
1265,0.21211392928250766,0.149334097362867,0.06277983191964065
1266,0.23954449655568674,0.21668967227147404,0.022854824284212705
1267,0.22938860222179636,0.15807745788890065,0.0713111443328957
1268,0.1926179298874853,0.1718826776627575,0.0207352522247278
1269,0.20841231250180045,0.16986352429494894,0.03854878820685151
1270,0.2390460869984499,0.19185041547917003,0.047195671519279864
1271,0.17992804254261752,0.16696706917875126,0.012960973363866257
1272,0.19446678144174076,0.1424789030810103,0.05198787836073046
1273,0.21101637677338178,0.1451420969056394,0.06587427986774239
1274,0.20918342660393177,0.16104816962105375,0.048135256982878016
1275,0.2000437440319496,0.18206132663798122,0.017982417393968386
1276,0.19638812534798486,0.16733735604822447,0.029050769299760387
1277,0.1675879873025552,0.155515868541423,0.012072118761132206
1278,0.22842146540355165,0.2136719405673476,0.014749524836204064
1279,0.20246952637987764,0.15260553144407132,0.049863994935806316
1280,0.2045304968361247,0.15004307778362355,0.05448741905250115
1281,0.21667694724741732,0.15989923759893404,0.05677770964848328
1282,0.22319277414803781,0.1425396497738342,0.0806531243742036
1283,0.211900970393744,0.1740890652839266,0.03781190510981741
1284,0.21437891496178074,0.15833733344535486,0.05604158151642588
1285,0.21119564012251077,0.15005896295145124,0.06113667717105953
1286,0.19713702894427515,0.1520195464036711,0.04511748254060405
1287,0.2302033775013523,0.17741610199307767,0.05278727550827464
1288,0.2111152792063778,0.160249681538674,0.050865597667703794
1289,0.21361565426757834,0.15303163802820757,0.060584016239370764
1290,0.2238371125482607,0.18007558083753375,0.04376153171072694
1291,0.22773959978038627,0.17633629520346467,0.051403304576921605
1292,0.21788068962451335,0.1583667527960757,0.05951393682843764
1293,0.22454802966272414,0.18348579776625476,0.041062231896469376
1294,0.1821407437992256,0.1513548995283435,0.0307858442708821
1295,0.2110118336927867,0.16078687631702948,0.05022495737575722
1296,0.22807806053948035,0.18050465615687408,0.047573404382606266
1297,0.19300779413329977,0.18167150447088842,0.011336289662411347
1298,0.22680600771256015,0.19421239039045016,0.03259361732211
1299,0.22541527307942072,0.16994057419780717,0.05547469888161355
1300,0.20808134586159813,0.1986367977491093,0.009444548112488821
1301,0.197745243555483,0.15312491593145178,0.04462032762403123
1302,0.23931905592910338,0.1880571732828697,0.051261882646233686
1303,0.23956784083508603,0.18998000948489727,0.049587831350188766
1304,0.2151579197612596,0.16562605914312656,0.04953186061813303
1305,0.21966542311890605,0.17502637794194056,0.044639045176965486
1306,0.2230631830726014,0.19673608688018107,0.026327096192420324
1307,0.20571205401449524,0.173877275163963,0.031834778850532236
1308,0.20258069769112097,0.15212937607299606,0.050451321618124906
1309,0.2197218670110001,0.18005242304895738,0.03966944396204272
1310,0.19026684443129616,0.18631109552608804,0.003955748905208112
1311,0.2297193341676168,0.1815865374189251,0.0481327967486917
1312,0.23816244929741795,0.1673836809585933,0.07077876833882465
1313,0.23733993924055294,0.20365057306085524,0.0336893661796977
1314,0.18985394221658372,0.172938682323106,0.016915259893477724
1315,0.21159407881626335,0.17283377530443522,0.03876030351182813
1316,0.2120662057062974,0.16518445892335254,0.04688174678294485
1317,0.24066651014475754,0.17775866505129384,0.0629078450934637
1318,0.2020837659515321,0.17557837776773796,0.026505388183794137
1319,0.24141379449893804,0.18391691629432078,0.05749687820461727
1320,0.17476669573395373,0.14896371719709925,0.02580297853685448
1321,0.20162755585169959,0.14709852814777422,0.05452902770392537
1322,0.19705179694329958,0.1882239154882661,0.008827881455033465
1323,0.18617745678979533,0.15096629399113584,0.03521116279865949
1324,0.2316970644376445,0.1730321100580393,0.0586649543796052
1325,0.2266542666244888,0.17452937933779594,0.052124887286692845
1326,0.23506369044083358,0.17540686991792095,0.05965682052291263
1327,0.18944216399665106,0.1827695869065772,0.00667257709007385
1328,0.2097579015061663,0.14761069827415205,0.06214720323201425
1329,0.22194148430780986,0.16115670489653988,0.060784779411269974
1330,0.2251778801874636,0.16393079152587386,0.06124708866158973
1331,0.2071227892730685,0.1839451732254281,0.023177616047640404
1332,0.20010491670844652,0.17750027869150511,0.022604638016941403
1333,0.2335536195539554,0.19508474385733796,0.038468875696617444
1334,0.22393188929707325,0.17488960251624625,0.049042286780827005
1335,0.20814798372989765,0.20583541433103375,0.0023125693988639007
1336,0.24687343255574073,0.19259125763878945,0.05428217491695128
1337,0.2729669274875223,0.17063870875938777,0.10232821872813455
1338,0.20869951144726415,0.1439017485622563,0.06479776288500785
1339,0.23068791403152128,0.16601131164193692,0.06467660238958436
1340,0.21916099738476955,0.14939055437879034,0.0697704430059792
1341,0.19843011750710585,0.15857648386715156,0.03985363363995428
1342,0.2460998601077516,0.20852331511681108,0.037576544990940514
1343,0.22009949610392657,0.17369602620459684,0.046403469899329725
1344,0.18529567803145558,0.17732308608791267,0.007972591943542912
1345,0.2083950342592296,0.1791193903733787,0.029275643885850883
1346,0.2175830129139108,0.16386975951112837,0.053713253402782435
1347,0.21144340839546924,0.1730969288185999,0.03834647957686935
1348,0.21979765632344317,0.1694053767940227,0.050392279529420464
1349,0.2246234221010179,0.17475464118135056,0.049868780919667344
1350,0.22331104253619832,0.1810252935685099,0.042285748967688414
1351,0.22023447190125087,0.18353904327879303,0.03669542862245784
1352,0.2505572779604852,0.20350109353236728,0.04705618442811793
1353,0.19954289425828156,0.16703553136552224,0.03250736289275932
1354,0.2138000187124192,0.1547994643263825,0.059000554386036685
1355,0.18609703799866825,0.18994643292993943,-0.0038493949312711773
1356,0.21731634197871957,0.17065149957587195,0.04666484240284763
1357,0.21493920853214565,0.17103613224250713,0.04390307628963852
1358,0.22340018717478996,0.16143598096175707,0.06196420621303289
1359,0.1966990823752605,0.16755926855885767,0.02913981381640282
1360,0.21815175188803806,0.18669280153538173,0.031458950352656334
1361,0.2511710863499436,0.16265298273430273,0.08851810361564089
1362,0.21176124311459346,0.17252332143023144,0.03923792168436202
1363,0.20193072570301435,0.15721327263237264,0.044717453070641705
1364,0.2113747380510367,0.17430459241276886,0.037070145638267854
1365,0.2190085380344624,0.19420385089289377,0.024804687141568638
1366,0.2268742924867758,0.18319179232935837,0.043682500157417425
1367,0.2239707654727851,0.17223385297232582,0.05173691250045928
1368,0.19915783102526763,0.1701898266593999,0.028968004365867717
1369,0.20996270387873625,0.16897107781694987,0.040991626061786385
1370,0.2066223839593341,0.1594393889747062,0.04718299498462791
1371,0.21548664443531154,0.18251913073543796,0.03296751369987358
1372,0.2078269565427604,0.18758570077754638,0.020241255765214017
1373,0.22108056293693598,0.1400970766603661,0.08098348627656987
1374,0.18205318130288828,0.15226094523779218,0.029792236065096095
1375,0.25398454857419706,0.18950126235117157,0.06448328622302549
1376,0.22396772405804163,0.20179439053888026,0.02217333351916137
1377,0.19203680707168427,0.1395491358220637,0.05248767124962056
1378,0.22600343288887206,0.1989739980265993,0.027029434862272772
1379,0.18779443341198265,0.16804703868908583,0.019747394722896827
1380,0.2403851150954388,0.1742913861223422,0.0660937289730966
1381,0.19913822940220163,0.15883556917055403,0.04030266023164761
1382,0.20133634608730394,0.18677993050041153,0.014556415586892413
1383,0.21157397494507502,0.14067437223155255,0.07089960271352247
1384,0.20697908393179917,0.1707073755899815,0.03627170834181767
1385,0.21472310778550555,0.18791447741560463,0.026808630369900915
1386,0.22055505702919478,0.1765655591989212,0.04398949783027359
1387,0.21970138008018228,0.16774368496836237,0.05195769511181991
1388,0.22468202251812797,0.2227108875518178,0.0019711349663101563
1389,0.19017694962879172,0.17088826780952115,0.01928868181927057
1390,0.20665294554155464,0.16526339527947398,0.04138955026208066
1391,0.21653234369036936,0.17721840011870732,0.03931394357166204
1392,0.19130837003173295,0.16655238170839842,0.024755988323334532
1393,0.18032444863347719,0.15589009370620333,0.02443435492727386
1394,0.2156111989291448,0.17008572026626664,0.04552547866287815
1395,0.23277237016141356,0.1779568936903301,0.05481547647108345
1396,0.2616070906505292,0.16516089552775365,0.09644619512277552
1397,0.2428323153648373,0.1864479751122844,0.0563843402525529
1398,0.23486097064577188,0.1737769355642948,0.061084035081477084
1399,0.19765646559944414,0.20692474767747693,-0.009268282078032791
1400,0.20794367932866226,0.20831345279015162,-0.0003697734614893644
1401,0.20287457869890674,0.19414233596576613,0.008732242733140605
1402,0.1899979857950586,0.18941643911591874,0.0005815466791398716
1403,0.2116478309074974,0.16415450299347764,0.04749332791401975
1404,0.22390630283200216,0.18200647260186584,0.041899830230136326
1405,0.2253452302469637,0.1723326718441686,0.05301255840279512
1406,0.23503797773374047,0.175887842402533,0.05915013533120747
1407,0.22345420081130435,0.17440436433702913,0.049049836474275216
1408,0.24047010927784374,0.19861286491914484,0.04185724435869889
1409,0.1782643813129438,0.15353328722101806,0.024731094091925754
1410,0.18945734313103887,0.14516681327922157,0.044290529851817306
1411,0.21657196030594542,0.21069166710002946,0.00588029320591596
1412,0.21885270587363706,0.18894484114519203,0.029907864728445033
1413,0.21374522385298028,0.17365262772440454,0.04009259612857574
1414,0.18248440204277672,0.14501664335105782,0.037467758691718894
1415,0.2055938401875799,0.16260866930656892,0.042985170881010976
1416,0.2182028384603951,0.16232577287046557,0.055877065589929525
1417,0.2367283362389754,0.2069394628072577,0.02978887343171771
1418,0.14306258894385102,0.12976659838063825,0.013295990563212762
1419,0.2213725535156663,0.18993226993135623,0.03144028358431006
1420,0.19916381828132218,0.1574167636825105,0.04174705459881167
1421,0.21807750206102505,0.18884859511256935,0.029228906948455702
1422,0.19524239744075308,0.19186553379923274,0.0033768636415203446
1423,0.22417061245853256,0.16528427900946424,0.05888633344906832
1424,0.19455135968671525,0.19251644186402356,0.0020349178226916897
1425,0.1835781725107984,0.1544633321145129,0.02911484039628548
1426,0.19322093231103585,0.16648337356669088,0.02673755874434497
1427,0.16470940177273155,0.1708669614896447,-0.006157559716913147
1428,0.22020822157166425,0.16999494516715608,0.05021327640450818
1429,0.19590191784179095,0.14119216489382383,0.05470975294796712
1430,0.21761543565627864,0.1848665006896654,0.03274893496661324
1431,0.23381688842662604,0.18666661222047282,0.047150276206153224
1432,0.2185861716219054,0.17395659621151946,0.04462957541038595
1433,0.1857654587114379,0.18454248037991097,0.0012229783315269305
1434,0.20685864961637745,0.16011645204946826,0.0467421975669092
1435,0.21243756725194896,0.1741668410413173,0.038270726210631656
1436,0.2300876025406833,0.19377716318887653,0.03631043935180678
1437,0.21039734346245864,0.17929286362739988,0.031104479835058763
1438,0.21815813647480412,0.1793361748110243,0.038821961663779825
1439,0.1995018315611689,0.16096973085251762,0.03853210070865129
1440,0.2219640387573534,0.19427507238000907,0.027688966377344332
1441,0.17914755848309483,0.15222461652572913,0.026922941957365693
1442,0.2570789142468839,0.17866026514406472,0.07841864910281918
1443,0.21312226867699782,0.16496934895273446,0.04815291972426336
1444,0.2511445948311214,0.1739086429077446,0.07723595192337679
1445,0.21897941802023962,0.18537375663866812,0.033605661381571506
1446,0.2185022721171874,0.20245570263379184,0.016046569483395556
1447,0.20656502592491094,0.1634223827371118,0.043142643187799146
1448,0.18843247859430187,0.17395686405244695,0.01447561454185492
1449,0.19376596523072784,0.17376536431878228,0.020000600911945554
1450,0.19030926817725588,0.17171197910987623,0.018597289067379646
1451,0.22389384442272395,0.15451389043948946,0.06937995398323449
1452,0.19923821647249018,0.13907693889123857,0.060161277581251615
1453,0.2158041774737282,0.16427704946661653,0.05152712800711168
1454,0.1815977019588931,0.13322621715776745,0.04837148480112566
1455,0.22329107051626365,0.16938245499634283,0.05390861551992082
1456,0.19938961003123915,0.1795276607256363,0.01986194930560284
1457,0.20668181296496727,0.17650577557196112,0.030176037393006144
1458,0.20586902454561648,0.159060585889386,0.04680843865623047
1459,0.18612956418881998,0.203994660225568,-0.01786509603674802
1460,0.19097393005293603,0.17931967152050338,0.011654258532432654
1461,0.21724688672718925,0.17450884913492595,0.0427380375922633
1462,0.24294589080776202,0.19898256963897346,0.043963321168788566
1463,0.23015324434662163,0.16275955703045988,0.06739368731616174
1464,0.23242472391633306,0.18675954557022453,0.04566517834610853
1465,0.2188139143105626,0.17571877438662484,0.043095139923937764
1466,0.225762957860905,0.138647020905089,0.08711593695581599
1467,0.2057617268609603,0.17693506498992073,0.028826661871039577
1468,0.20276439944349886,0.16705377262733512,0.03571062681616374
1469,0.19691811122556743,0.15761332977304557,0.039304781452521864
1470,0.1996966300037733,0.14656548407222916,0.05313114593154414
1471,0.22146793184342184,0.18146020041163302,0.04000773143178882
1472,0.18221738251087127,0.14141568980477448,0.04080169270609679
1473,0.2129588100805159,0.16802160178796585,0.044937208292550046
1474,0.2324336824163337,0.1627602336487319,0.06967344876760179
1475,0.25049415399182706,0.18441109394577432,0.06608306004605274
1476,0.2000890685740992,0.15947353079966303,0.04061553777443616
1477,0.22847994337132915,0.19114238529277047,0.03733755807855868
1478,0.22139406659468858,0.1774915216418062,0.04390254495288237
1479,0.23247396173615933,0.1609012818524785,0.07157267988368082
1480,0.22368159668511411,0.2066859683246777,0.016995628360436416
1481,0.21827049617899436,0.16592840944136178,0.052342086737632576
1482,0.23254904473227467,0.1755689028427467,0.05698014188952796
1483,0.2391358584664353,0.19956228253223868,0.039573575934196636
1484,0.23257106526475094,0.16117362047327072,0.07139744479148022
1485,0.19397430545668334,0.15457730085122537,0.039397004605457975
1486,0.20709162208038748,0.15173554557109628,0.0553560765092912
1487,0.1939318816909884,0.16150872557373025,0.032423156117258156
1488,0.21210697357305708,0.20736593008558127,0.00474104348747581
1489,0.23764020173750017,0.16585126740099126,0.0717889343365089
1490,0.21680465475023927,0.1749193833324117,0.04188527141782758
1491,0.1828007423526509,0.17301461633449178,0.00978612601815912
1492,0.23214873231321875,0.14989456275292523,0.08225416956029352
1493,0.24797450608623858,0.21919794967091552,0.028776556415323062
1494,0.25093312964574105,0.18110954688376768,0.06982358276197337
1495,0.2179124617802924,0.167910476997622,0.0500019847826704
1496,0.24814163252816254,0.20742258905482203,0.040719043473340516
1497,0.23029750131347648,0.19714588845905065,0.03315161285442583
1498,0.21517541579504407,0.1744327547644659,0.040742661030578164
1499,0.25115531381020423,0.2111420397791101,0.040013274031094115
1500,0.21623675252758523,0.1805981513820233,0.03563860114556194
1501,0.24717926268146825,0.2084236116234775,0.03875565105799075
1502,0.2379286176162518,0.17315124284708824,0.06477737476916356
1503,0.20334809362504777,0.17663770322066294,0.02671039040438483
1504,0.18882531249268952,0.17223362898053146,0.016591683512158062
1505,0.18605693777602242,0.14481961014228,0.04123732763374241
1506,0.21179893699241256,0.13301088205248487,0.07878805493992769
1507,0.2159336512412521,0.1454148707601392,0.0705187804811129
1508,0.1857623838685816,0.1975330490931552,-0.011770665224573595
1509,0.22388012346546718,0.1760868447623112,0.04779327870315597
1510,0.19345289183045106,0.15446876054426414,0.03898413128618691
1511,0.22488071579230717,0.1983726724802196,0.026508043312087587
1512,0.1843615418260145,0.16080967421560607,0.023551867610408422
1513,0.18697341912217422,0.17523914422372527,0.011734274898448943
1514,0.20865690723658575,0.17727969688814196,0.03137721034844379
1515,0.23497622174345234,0.1789110044064186,0.056065217337033735
1516,0.22646650149790043,0.17262230115112012,0.05384420034678031
1517,0.20642624479376287,0.18210139540537823,0.02432484938838464
1518,0.22550294238114152,0.21092893796787077,0.014574004413270752
1519,0.25460457794513014,0.20868566324308915,0.045918914702040986
1520,0.2076827654290005,0.19011947462818798,0.01756329080081251
1521,0.23304292275419292,0.1972762120327033,0.035766710721489625
1522,0.1963679244086459,0.17267409027988948,0.02369383412875642
1523,0.19697719998268498,0.15208036520835286,0.04489683477433212
1524,0.21924580485781126,0.18143702548184165,0.0378087793759696
1525,0.24902449671728874,0.18324693128673844,0.0657775654305503
1526,0.22384547415204392,0.1778808119851638,0.04596466216688011
1527,0.2386979148617436,0.19703386293726144,0.041664051924482165
1528,0.21200062576389742,0.16347125172074028,0.04852937404315713
1529,0.21206263442472312,0.19154557594845645,0.02051705847626667
1530,0.20423996704580535,0.14324784851021558,0.06099211853558978
1531,0.246757726165677,0.19775182746306477,0.04900589870261224
1532,0.20403570679921562,0.1957512325603511,0.008284474238864525
1533,0.19958913137231965,0.1609813981270121,0.03860773324530756
1534,0.21149819892807448,0.1797692193697693,0.03172897955830517
1535,0.22827640937064037,0.1682367566516142,0.06003965271902617
1536,0.21308250755461705,0.18943124541914685,0.023651262135470197
1537,0.24967687314882464,0.1833616789502094,0.06631519419861523
1538,0.2147874603010189,0.1796034909267977,0.03518396937422119
1539,0.2093667149827885,0.1367479082527675,0.072618806730021
1540,0.21129142885546467,0.14978248576090883,0.061508943094555846
1541,0.2570772638972678,0.15992720890791254,0.09715005498935528
1542,0.2221164975250579,0.18665210778330582,0.03546438974175209
1543,0.24618497747562887,0.21359928559033098,0.03258569188529789
1544,0.21025787799270496,0.14953276123481954,0.06072511675788542
1545,0.18908667470634977,0.15387542564901585,0.035211249057333915
1546,0.20825195697703122,0.14507989690174727,0.06317206007528395
1547,0.16263847190246644,0.13024080914252806,0.032397662759938384
1548,0.20605983218630075,0.14684989324894762,0.05920993893735313
1549,0.2248166919300322,0.2022954016584811,0.022521290271551114
1550,0.19785632614248666,0.18198644565627672,0.015869880486209936
1551,0.21638688445414087,0.17080328305011167,0.0455836014040292
1552,0.2454063604623832,0.200245477707427,0.045160882754956194
1553,0.2035683796291943,0.19355892672663194,0.01000945290256236
1554,0.18430169241315994,0.19637096796371786,-0.012069275550557923
1555,0.21778178939421222,0.1716764829970281,0.04610530639718413
1556,0.22363347839503028,0.1647202009371744,0.05891327745785588
1557,0.2231331267857151,0.1939859659285519,0.02914716085716318
1558,0.22474663663788505,0.17260437798276085,0.0521422586551242
1559,0.23568543359692778,0.18183594311603318,0.0538494904808946
1560,0.20737666912793165,0.2004414512794985,0.006935217848433151
1561,0.25564709773392874,0.17990261951496228,0.07574447821896646
1562,0.2228982623862263,0.15526543028707926,0.06763283209914703
1563,0.1756395805564612,0.15569217023620419,0.019947410320257014
1564,0.25578580766447123,0.18700223998004478,0.06878356768442645
1565,0.24027962217563345,0.183453046580881,0.05682657559475246
1566,0.23105181569827563,0.19907369508125258,0.03197812061702304
1567,0.2606894024884865,0.21344843973945862,0.047240962749027865
1568,0.21743390031136187,0.1944078203693228,0.023026079942039063
1569,0.22306827998488601,0.1608297366889327,0.062238543295953325
1570,0.2167953288565047,0.1701549158855049,0.0466404129709998
1571,0.17850052364707522,0.14095994404862935,0.03754057959844587
1572,0.21389577296963913,0.19188741232100223,0.0220083606486369
1573,0.20946145176707096,0.14409988565601212,0.06536156611105884
1574,0.24033989037340794,0.19041245871292237,0.04992743166048558
1575,0.2364042473619323,0.1596159449767505,0.0767883023851818
1576,0.2301827582347993,0.16458589454071426,0.06559686369408504
1577,0.1997354326337313,0.18151059848305617,0.018224834150675134
1578,0.15981400559995781,0.13676570164506163,0.023048303954896182
1579,0.21805947944726856,0.16603850604375295,0.05202097340351561
1580,0.19693749543892566,0.2051520382129733,-0.008214542774047623
1581,0.19776958865447375,0.22029396717822564,-0.022524378523751887
1582,0.20231583424320423,0.17113287596119292,0.031182958282011314
1583,0.2127620146613474,0.14399168305584586,0.06877033160550153
1584,0.1733709955587027,0.13373854847648314,0.03963244708221955
1585,0.20477993938331954,0.18356203367166304,0.021217905711656493
1586,0.22687429124018885,0.19042101977133896,0.036453271468849885
1587,0.18544278319499777,0.14493845935351482,0.04050432384148295
1588,0.20721139177737752,0.1749351131668983,0.032276278610479214
1589,0.19809337635363714,0.18653697752907664,0.011556398824560499
1590,0.1624092159612263,0.14928275471326422,0.013126461247962073
1591,0.21752216316341189,0.16473504751535792,0.05278711564805397
1592,0.2168493777778401,0.16860073666649805,0.048248641111342055
1593,0.25512900247630543,0.20141977325845214,0.05370922921785329
1594,0.1929956002558357,0.15692892742735054,0.03606667282848516
1595,0.23321904116925596,0.1541929039731913,0.07902613719606466
1596,0.20772131345946065,0.1966692661659566,0.011052047293504064
1597,0.20608634087011168,0.12988437985685677,0.07620196101325491
1598,0.2541051501768841,0.17267379770885202,0.0814313524680321
1599,0.20899324614148523,0.1632529034678883,0.045740342673596945
1600,0.2182461081936813,0.14887463123333253,0.06937147696034876
1601,0.18808541149537944,0.1550208518196659,0.033064559675713534
1602,0.18450168442209278,0.15223549925494925,0.032266185167143524
1603,0.19177132559372093,0.15378381555921947,0.03798751003450146
1604,0.2232544130983756,0.15469654825831972,0.06855786484005588
1605,0.15689361296482052,0.14064423208883306,0.016249380875987457
1606,0.2104977867819431,0.14712611587069366,0.06337167091124946
1607,0.22340338366337167,0.1932316919653159,0.03017169169805578
1608,0.20285207084141244,0.13663438656182825,0.06621768427958419
1609,0.20991740248139765,0.16888333265614958,0.04103406982524807
1610,0.20670090905529206,0.19018997134977866,0.0165109377055134
1611,0.21587822498476006,0.16319584477590293,0.05268238020885713
1612,0.2190398320473465,0.17984663948682422,0.03919319256052228
1613,0.212821670784153,0.16611811847564584,0.046703552308507174
1614,0.19305447960601577,0.16902009437627005,0.024034385229745714
1615,0.17182661249137063,0.1346762595694109,0.03715035292195973
1616,0.2057027573028116,0.1713941771793395,0.0343085801234721
1617,0.22744784007207597,0.16724250776708868,0.060205332304987286
1618,0.206482819417988,0.16186056250892558,0.04462225690906241
1619,0.2118736312645613,0.17915466299521027,0.03271896826935103
1620,0.23993526856648267,0.1928143250733332,0.047120943493149464
1621,0.24696142827450082,0.196917474731306,0.050043953543194825
1622,0.18271029695069435,0.1587903673359217,0.023919929614772656
1623,0.19667526943528751,0.18507542092973472,0.01159984850555279
1624,0.18973268495478252,0.18507637051389222,0.004656314440890291
1625,0.23380550501832145,0.20902947283364134,0.024776032184680108
1626,0.2212243569832285,0.18588152037108227,0.03534283661214624
1627,0.19180955554795145,0.1497003350231825,0.04210922052476895
1628,0.21528875464353203,0.19309065952334292,0.02219809512018911
1629,0.19705727801911066,0.18174145668400685,0.015315821335103813
1630,0.23865955704184183,0.16083596174002932,0.07782359530181251
1631,0.24002276791835117,0.19270379464566464,0.047318973272686526
1632,0.20705103865272606,0.18672155189679088,0.020329486755935183
1633,0.23058707877579235,0.17145832768759572,0.059128751088196624
1634,0.2170246534591531,0.18186763284990332,0.03515702060924977
1635,0.24609064390068164,0.17096994441854393,0.0751206994821377
1636,0.27466646486499763,0.18501574939316787,0.08965071547182976
1637,0.24240337124026842,0.17746886774659043,0.06493450349367799
1638,0.22012276042300363,0.1734728521190133,0.04664990830399032
1639,0.2338789585164805,0.1725504854265351,0.06132847308994541
1640,0.1819097311992369,0.14932418761942456,0.03258554357981233
1641,0.1907202684378856,0.19535629386695044,-0.004636025429064855
1642,0.2066494676592918,0.131819959125337,0.07482950853395479
1643,0.2074453856502043,0.14832582816000386,0.059119557490200425
1644,0.1961994620208447,0.1458312406626994,0.05036822135814531
1645,0.1975658904227542,0.16280581599617427,0.03476007442657991
1646,0.17371679079664026,0.14029949443009734,0.03341729636654292
1647,0.23128458407596192,0.1724059712380229,0.05887861283793902
1648,0.1792254044342103,0.16236147381736898,0.016863930616841327
1649,0.18804913198895853,0.14533748740785374,0.042711644581104796
1650,0.17833090153566786,0.16866596743760326,0.009664934098064598
1651,0.23900337785518486,0.1958456005017075,0.04315777735347737
1652,0.21686195561847482,0.15223424765586394,0.06462770796261089
1653,0.17609242458658173,0.1902854536482317,-0.014193029061649987
1654,0.1738114028358747,0.1762075968051066,-0.00239619396923188
1655,0.19900552917833914,0.15309722935242084,0.04590829982591829
1656,0.23791822131899862,0.1842260736443678,0.05369214767463082
1657,0.22651625745583076,0.17523100647195455,0.05128525098387621
1658,0.25380184124495897,0.19475321902009676,0.05904862222486221
1659,0.23872140747337398,0.1838021645254798,0.05491924294789419
1660,0.2026539997580834,0.17839196165797208,0.02426203810011132
1661,0.21714194130602055,0.1732558688471162,0.04388607245890436
1662,0.23179116168873273,0.19690209295471628,0.034889068734016454
1663,0.19519113617709874,0.16003839744577486,0.03515273873132388
1664,0.2356741148410185,0.19460811063622854,0.04106600420478995
1665,0.1852567351376696,0.14287843492383392,0.04237830021383568
1666,0.22197070140405845,0.19279500615966802,0.029175695244390426
1667,0.18945066325065682,0.1662682798835863,0.023182383367070514
1668,0.1973245285513322,0.16637665215928885,0.030947876392043355
1669,0.2031527207993722,0.1816199437490556,0.021532777050316587
1670,0.2231530996491649,0.19569744495319757,0.027455654695967335
1671,0.19948862636887144,0.1561183260294079,0.04337030033946354
1672,0.19868568860876076,0.1847029882877803,0.013982700320980451
1673,0.257021032311784,0.1750173935538057,0.08200363875797834
1674,0.21451014822050463,0.16392360371205947,0.05058654450844516
1675,0.17999068196885137,0.14322618203353327,0.03676449993531811
1676,0.22046098616026935,0.17306104633526312,0.04739993982500623
1677,0.23542973559468516,0.15235963228111987,0.08307010331356529
1678,0.24042132467157143,0.1831352846613509,0.05728604001022053
1679,0.18227620394752742,0.16748053052839887,0.014795673419128547
1680,0.22089118463772964,0.16355346348878144,0.057337721148948195
1681,0.24723747694816758,0.21662911696363818,0.030608359984529404
1682,0.18767860883382975,0.1593332533102953,0.028345355523534455
1683,0.2032340916192117,0.16951090899682436,0.03372318262238733
1684,0.21160800803385058,0.16582870394932153,0.04577930408452904
1685,0.2033268721387363,0.1515720019824234,0.05175487015631289
1686,0.23875255686876906,0.22090797386687064,0.017844583001898423
1687,0.24819770801474547,0.17566133571182027,0.0725363723029252
1688,0.16136887049239088,0.12890371727592237,0.032465153216468506
1689,0.2024027088312464,0.1665319971491291,0.03587071168211728
1690,0.19540433928063575,0.17651967428489468,0.01888466499574107
1691,0.19673435559544417,0.15988862291037353,0.03684573268507063
1692,0.22694526221938852,0.11854383638999405,0.10840142582939447
1693,0.21277521874377203,0.1616302325954103,0.05114498614836174
1694,0.19630562735960633,0.16122781300475594,0.035077814354850384
1695,0.22483077915998337,0.17487154087720466,0.049959238282778706
1696,0.20910323268514996,0.13680524514892034,0.07229798753622962
1697,0.20981193295104028,0.19113950188724868,0.0186724310637916
1698,0.2114597646831579,0.17982115916154534,0.03163860552161257
1699,0.2233535882935882,0.16214195014112884,0.06121163815245936
1700,0.1768980958761779,0.16095699595855062,0.015941099917627294
1701,0.20008606779828006,0.12512764945412044,0.07495841834415962
1702,0.20191257076375246,0.17878786716397427,0.023124703599778196
1703,0.23743914433151544,0.2010740753419267,0.036365068989588745
1704,0.19403844918614307,0.16942873330885397,0.024609715877289107
1705,0.23208457296045984,0.15430823789129205,0.07777633506916778
1706,0.23824632918849195,0.17795748424711852,0.06028884494137343
1707,0.24848249463883731,0.1845592100119947,0.0639232846268426
1708,0.21931585501463446,0.18022849977977964,0.03908735523485482
1709,0.2655946285627121,0.19946025570552978,0.06613437285718232
1710,0.21664848588874808,0.18965422731889936,0.026994258569848717
1711,0.22192445414403986,0.2032527239805078,0.018671730163532047
1712,0.2303698433654322,0.1835975628566175,0.04677228050881471
1713,0.25593767322516453,0.17741544312333327,0.07852223010183126
1714,0.18813926457647223,0.1532397808158778,0.03489948376059443
1715,0.23175610742884728,0.20617815026536537,0.025577957163481907
1716,0.2246523302288516,0.18850224482993366,0.036150085398917925
1717,0.19274971426750856,0.19587448982608194,-0.0031247755585733783
1718,0.19145137050096897,0.16191215044996868,0.029539220051000292
1719,0.17760015151609407,0.15771218955796967,0.019887961958124395
1720,0.19426279547481373,0.17181876221672282,0.022444033258090912
1721,0.22926320566356975,0.1673797642166609,0.061883441446908855
1722,0.17957264100561093,0.14760669261484782,0.03196594839076311
1723,0.1969243004626196,0.17287645893457249,0.02404784152804712
1724,0.19143080210788846,0.18906485376628476,0.0023659483416036964
1725,0.19583471768024605,0.17316022780434714,0.0226744898758989
1726,0.23746213849171896,0.19243954441453545,0.04502259407718351
1727,0.2082696304788418,0.15238079641938082,0.05588883405946099
1728,0.21172359829173293,0.14401950895776872,0.06770408933396421
1729,0.22283357263051887,0.19277874916870313,0.030054823461815733
1730,0.1933978147297904,0.1778305224802414,0.015567292249549003
1731,0.20172838573835067,0.16267520200018776,0.03905318373816291
1732,0.19515637481491455,0.15528200077156268,0.03987437404335187
1733,0.2250142776296152,0.17734154180311681,0.04767273582649839
1734,0.2415449597077638,0.2060773481580795,0.03546761154968431
1735,0.20786958543490466,0.14025937591010587,0.06761020952479879
1736,0.2143530055035817,0.17469687004931936,0.03965613545426233
1737,0.20858115997207757,0.1734423222613628,0.03513883771071477
1738,0.2093377069421357,0.19718154854104292,0.01215615840109277
1739,0.1968654198961837,0.15192553740149653,0.04493988249468717
1740,0.18560968891663476,0.13381881442610286,0.05179087449053191
1741,0.22187595743815589,0.15672959982898846,0.06514635760916743
1742,0.21002351684610637,0.12246660521293196,0.08755691163317442
1743,0.2209223010955821,0.18416976640993943,0.036752534685642685
1744,0.21174219715753928,0.18526136224161477,0.02648083491592451
1745,0.21598435690240925,0.16547153331998038,0.05051282358242887
1746,0.24317036803387987,0.17197514607752723,0.07119522195635264
1747,0.22103030471898277,0.1617688096620577,0.05926149505692507
1748,0.20282855052364723,0.19432342052913945,0.008505129994507782
1749,0.20296587840368477,0.18672034896500592,0.016245529438678852
1750,0.20246732354865185,0.13995280968137133,0.06251451386728052
1751,0.24636008158471417,0.17668075636604902,0.06967932521866516
1752,0.22631840178262133,0.19405865989541135,0.03225974188720998
1753,0.16374952287146805,0.17099444712201556,-0.007244924250547513
1754,0.21385257811479788,0.1632970837556303,0.05055549435916759
1755,0.19654777482007185,0.16437597386388492,0.032171800956186936
1756,0.1746897695838562,0.18338255606003537,-0.00869278647617916
1757,0.21738928249231454,0.1918393909033737,0.025549891588940832
1758,0.2199988650497135,0.1887920273798161,0.031206837669897403
1759,0.19259124915148296,0.1948464544510295,-0.0022552052995465366
1760,0.22773490585470338,0.18730695345029374,0.040427952404409634
1761,0.21580077135323486,0.19868514877091803,0.01711562258231683
1762,0.21912827737162302,0.16321119954639732,0.0559170778252257
1763,0.22485905281842075,0.212715669473488,0.012143383344932757
1764,0.2528292215760876,0.19468811928847712,0.05814110228761049
1765,0.20262132017091727,0.17694147871321275,0.025679841457704522
1766,0.1976059567523895,0.1806095429354097,0.016996413816979805
1767,0.22062651738583103,0.17038615616588457,0.05024036121994646
1768,0.16667644064755682,0.167470425355763,-0.0007939847082061857
1769,0.20661781131168924,0.16618907336475372,0.04042873794693552
1770,0.16577859221973887,0.12862894075007256,0.03714965146966631
1771,0.19505078849248556,0.16870929838716872,0.026341490105316834
1772,0.21936683671744842,0.18274774321545478,0.03661909350199363
1773,0.1920648407131287,0.2033346997963755,-0.011269859083246792
1774,0.16323076355833605,0.16813787216498566,-0.004907108606649613
1775,0.20350804102597067,0.16827303808669206,0.035235002939278615
1776,0.23294536256206713,0.2015343349765884,0.03141102758547873
1777,0.17339280526340284,0.17421489712113206,-0.000822091857729218
1778,0.20620224998135497,0.17930681030233966,0.02689543967901531
1779,0.22122290466266492,0.16637611574650182,0.0548467889161631
1780,0.223922497955527,0.20283373102620328,0.02108876692932371
1781,0.17955415331188848,0.1645815290704202,0.01497262424146828
1782,0.23019368100089377,0.19424671253471135,0.03594696846618242
1783,0.21951036855691966,0.19286285216511195,0.026647516391807707
1784,0.2229074857429164,0.12484286223054532,0.0980646235123711
1785,0.23040893006448168,0.16000666185627269,0.070402268208209
1786,0.21380250048398647,0.1741486245426792,0.03965387594130726
1787,0.21845022993676066,0.18182546799014374,0.03662476194661693
1788,0.1915469976709207,0.13195122658243694,0.05959577108848377
1789,0.23822296635081278,0.1500328366717698,0.08819012967904297
1790,0.24457748005192156,0.168668476447339,0.07590900360458255
1791,0.2687306437338315,0.221202049640676,0.04752859409315549
1792,0.17720623743056546,0.15910462123700378,0.01810161619356168
1793,0.22317200954934782,0.14875467456881264,0.07441733498053518
1794,0.2379655580704008,0.18832531461824067,0.049640243452160115
1795,0.21547529679286018,0.21301807325858638,0.0024572235342738002
1796,0.2224999747612743,0.17449893544463715,0.048001039316637156
1797,0.2378409613003858,0.15097050285948002,0.08687045844090577
1798,0.2086740187883974,0.1772481183840132,0.0314259004043842
1799,0.1867509867952337,0.17839827562009938,0.008352711175134309
1800,0.1847347464051768,0.18206857618108377,0.0026661702240930174
1801,0.20170311577880082,0.20396515014179223,-0.002262034362991411
1802,0.20180373321255562,0.20669306521388253,-0.004889332001326907
1803,0.20274714797845753,0.1592409030524712,0.043506244925986315
1804,0.20568464558289914,0.11030491363343885,0.0953797319494603
1805,0.20403935440887339,0.18009897185071744,0.023940382558155948
1806,0.22860979665327424,0.20750409260148286,0.02110570405179138
1807,0.2359167711852521,0.20180866275719922,0.03410810842805287
1808,0.21731786266028463,0.19617639554090505,0.021141467119379587
1809,0.20563755432092515,0.16899005636608236,0.03664749795484279
1810,0.1933322227527026,0.18326906099582244,0.010063161756880157
1811,0.19236025707506793,0.17541305443796565,0.016947202637102282
1812,0.21708796990558146,0.15854143496711326,0.0585465349384682
1813,0.23652308143380996,0.1662204953109494,0.07030258612286056
1814,0.2150948835556767,0.17143041461805827,0.04366446893761844
1815,0.18090451433007004,0.12948431964231208,0.051420194687757964
1816,0.22194965686987583,0.16508076655916254,0.056868890310713294
1817,0.19797256830107862,0.1820640911635308,0.01590847713754781
1818,0.17888512271916446,0.13066245639338808,0.048222666325776375
1819,0.20383390316489688,0.1530813234205649,0.05075257974433198
1820,0.21534014422797096,0.16924749316637858,0.04609265106159238
1821,0.18310834732761824,0.1785314652328468,0.004576882094771445
1822,0.18961213723251197,0.17058579884589,0.01902633838662196
1823,0.2342474591449396,0.20597432735796645,0.02827313178697316
1824,0.21377426265092447,0.16580104852069216,0.04797321413023231
1825,0.19327577577172392,0.16477636152132577,0.028499414250398147
1826,0.2183118078455599,0.1687642349523976,0.049547572893162306
1827,0.21467639021991203,0.1850071279602057,0.02966926225970634
1828,0.16781011344904148,0.1712005189953736,-0.0033904055463321314
1829,0.18682938005852792,0.14280719172702191,0.04402218833150601
1830,0.20432535640936733,0.15876448048980701,0.04556087591956032
1831,0.2285294972750038,0.1763179081572771,0.05221158911772669
1832,0.22620196130474843,0.1833209270768955,0.042881034227852916
1833,0.20764372922564225,0.21257901430196702,-0.0049352850763247635
1834,0.2300000120734914,0.16655151980397925,0.06344849226951216
1835,0.23386037548548536,0.17380382662970215,0.06005654885578321
1836,0.22925152360285722,0.16732242203595177,0.06192910156690545
1837,0.18688785462370172,0.17464533444741456,0.012242520176287158
1838,0.23608523478250032,0.18292617942990044,0.05315905535259988
1839,0.21503651636242865,0.18058367170415537,0.03445284465827328
1840,0.20326312545584754,0.15630724921088004,0.0469558762449675
1841,0.20532050172810024,0.1777825072863727,0.027537994441727526
1842,0.1924915006315332,0.1512555452197958,0.041235955411737385
1843,0.24825387910089466,0.1832254063886768,0.06502847271221787
1844,0.2041290887156999,0.19711418143525736,0.007014907280442545
1845,0.21976916720511788,0.16522045036287014,0.05454871684224774
1846,0.2031135419680274,0.1460964625914822,0.05701707937654518
1847,0.2373110573016754,0.19790415817718687,0.039406899124488526
1848,0.20639686515350164,0.18224448043579497,0.02415238471770667
1849,0.21143639074756948,0.16853149612397572,0.04290489462359376
1850,0.22892977109144574,0.17894699795474295,0.049982773136702796
1851,0.2037473146006258,0.1803832567886741,0.02336405781195172
1852,0.1853997427382888,0.1559728006871512,0.029426942051137606
1853,0.21022221781297115,0.16800447432007584,0.04221774349289531
1854,0.20757910060175247,0.17227202773351127,0.035307072868241196
1855,0.21489012686363151,0.1559442987215616,0.05894582814206992
1856,0.1987694141681016,0.17844612892966932,0.02032328523843227
1857,0.1861675526568253,0.12856802699287953,0.05759952566394577
1858,0.2170941239831501,0.20400350729433703,0.013090616688813062
1859,0.19989920294776692,0.1402224147167615,0.05967678823100542
1860,0.18766847269871295,0.14304758399386272,0.04462088870485023
1861,0.24364327152716653,0.18404042123064895,0.05960285029651757
1862,0.1969696300598126,0.19525338155220326,0.001716248507609347
1863,0.20268523719671452,0.19123638145668678,0.011448855740027741
1864,0.2292789941283735,0.1725006828340037,0.056778311294369804
1865,0.2008601974339317,0.15385665252337913,0.04700354491055256
1866,0.24086198839812206,0.2027849067756669,0.038077081622455156
1867,0.19473484492221108,0.15645032839076548,0.0382845165314456
1868,0.2249864683990377,0.1708770990058708,0.05410936939316688
1869,0.19235927589747748,0.15764207088292143,0.03471720501455605
1870,0.18575177577720905,0.15051010024381042,0.03524167553339863
1871,0.24665506922337596,0.18532071303689313,0.061334356186482836
1872,0.17955831478565104,0.14125870225805387,0.03829961252759717
1873,0.1806356777551098,0.13086657422041037,0.04976910353469943
1874,0.24382481198729128,0.18071675963071476,0.06310805235657652
1875,0.22225959050647187,0.167151581173004,0.05510800933346788
1876,0.26842009415383644,0.17239200847109798,0.09602808568273846
1877,0.20253718926107292,0.17577043887265395,0.02676675038841897
1878,0.20843933808380719,0.171653538423827,0.03678579965998019
1879,0.20842036959343033,0.15924533075249264,0.049175038840937685
1880,0.21635857212191026,0.17715508244494038,0.03920348967696988
1881,0.22369045508425575,0.20162975830358873,0.022060696780667022
1882,0.20554543453961294,0.20707860044489976,-0.0015331659052868207
1883,0.22128181723096538,0.1738800652385987,0.04740175199236668
1884,0.17694282783935256,0.1653142340881952,0.011628593751157351
1885,0.20255726669771668,0.18763011559340098,0.014927151104315695
1886,0.21293058406620652,0.15217576446603473,0.06075481960017179
1887,0.23317709971367379,0.1934641748462222,0.03971292486745159
1888,0.2331999912357524,0.15424990501538235,0.07895008622037006
1889,0.18315246845190797,0.1795475930660517,0.003604875385856271
1890,0.20675402598156242,0.18536023145917058,0.021393794522391846
1891,0.19540185887010766,0.12834632820044745,0.06705553066966022
1892,0.19444119903108575,0.1619679852621913,0.03247321376889445
1893,0.21664501202843112,0.19917509154289068,0.01746992048554044
1894,0.23102860448542253,0.1730661053331543,0.057962499152268226
1895,0.2206770813694317,0.20236740126914055,0.01830968010029116
1896,0.21420240485009487,0.19086096615412956,0.023341438695965305
1897,0.19968454048171388,0.19793627419555995,0.0017482662861539322
1898,0.22993977849014685,0.18055335932426728,0.049386419165879575
1899,0.22390764909330613,0.17501032881488135,0.04889732027842478
1900,0.2155330207795139,0.16968990531530842,0.04584311546420547
1901,0.21734785074204535,0.21283217879532187,0.004515671946723476
1902,0.20917634801222895,0.16784592439389498,0.04133042361833397
1903,0.2084724195471104,0.15587387537809402,0.05259854416901638
1904,0.23458907186634864,0.19711527325654607,0.03747379860980257
1905,0.18287721883568034,0.1290724272451727,0.053804791590507633
1906,0.19279154084996758,0.16598127538539975,0.02681026546456783
1907,0.22459281591839048,0.1771968558228599,0.04739596009553057
1908,0.18305099237338052,0.11944733230810252,0.063603660065278
1909,0.20709952832115947,0.182769893404615,0.024329634916544468
1910,0.20537887625770548,0.16111865495688257,0.04426022130082291
1911,0.19684258823999,0.17614799552422633,0.020694592715763682
1912,0.21456411543822615,0.1974925283679854,0.017071587070240757
1913,0.2069663061075891,0.14320575409741204,0.06376055201017705
1914,0.23030735111856857,0.19739524888219012,0.03291210223637844
1915,0.23048875201868838,0.18889222963999397,0.041596522378694406
1916,0.1929790728984668,0.12852097054427994,0.06445810235418686
1917,0.18993193240977257,0.16809375777239954,0.02183817463737303
1918,0.19692086869822195,0.17376683325656847,0.02315403544165348
1919,0.22941255916530132,0.1670738070595353,0.062338752105766004
1920,0.2225777244943962,0.1626189428285094,0.05995878166588681
1921,0.22773765875458823,0.18038766093688235,0.04734999781770588
1922,0.2117312775042408,0.16862278400379901,0.0431084935004418
1923,0.19972849250795496,0.17789572302855744,0.021832769479397524
1924,0.17572428423827732,0.17064058218435732,0.005083702053920003
1925,0.2359363397142354,0.19500048139210757,0.040935858322127816
1926,0.21081733636159544,0.17562918462368418,0.03518815173791126
1927,0.22790612369855562,0.2034601234835425,0.024446000215013114
1928,0.2197277423908405,0.20741367314725837,0.012314069243582138
1929,0.19340830520654162,0.13237480923622483,0.06103349597031679
1930,0.20446235633872098,0.17745913897115662,0.027003217367564364
1931,0.24873858002042004,0.20183256965777577,0.046906010362644274
1932,0.22756223937249487,0.16826928495233662,0.05929295442015825
1933,0.19908760505970358,0.18198220574590257,0.017105399313801006
1934,0.20957612288773883,0.18309319234004462,0.02648293054769421
1935,0.2429393111805397,0.16490865020036505,0.07803066098017467
1936,0.22096369942385014,0.18884711544746358,0.03211658397638656
1937,0.2049850846007952,0.16369337239091147,0.04129171220988373
1938,0.14930164865762358,0.15991896641196682,-0.010617317754343242
1939,0.18480244329155898,0.11090141278543161,0.07390103050612737
1940,0.22596665903684315,0.1856995847118003,0.04026707432504287
1941,0.21003467162359055,0.16688467506185714,0.043149996561733406
1942,0.20428595336861285,0.17119126118288733,0.03309469218572553
1943,0.19525991230407538,0.1708540535687717,0.02440585873530368
1944,0.23957297526479845,0.14291574360294185,0.09665723166185661
1945,0.22393404378016152,0.1635013370348061,0.06043270674535542
1946,0.21591404387090218,0.1882700000393391,0.027644043831563075
1947,0.22437327814434352,0.17830612844089438,0.046067149703449134
1948,0.2220981242807944,0.18690090591231437,0.03519721836848003
1949,0.2250343943971631,0.20549175901640304,0.019542635380760065
1950,0.24160464599175924,0.1973252811165986,0.044279364875160626
1951,0.21632625647938375,0.18659013648808087,0.02973611999130288
1952,0.19059297196860012,0.16975324073333503,0.020839731235265085
1953,0.21926912775802038,0.18279969770999033,0.03646943004803005
1954,0.1931275107749895,0.16684198913034287,0.02628552164464662
1955,0.22575450841042732,0.18157276767064323,0.04418174073978409
1956,0.1998721108431072,0.15008811567784502,0.04978399516526216
1957,0.23092192300502815,0.19104271817467508,0.039879204830353066
1958,0.20684280044463807,0.1588615684632932,0.04798123198134488
1959,0.22591975967155323,0.17277116770980674,0.05314859196174648
1960,0.19358611645328494,0.17475620288720614,0.0188299135660788
1961,0.20392126141269223,0.1637597303926703,0.04016153102002193
1962,0.20205085001977174,0.17462912422209634,0.027421725797675406
1963,0.20293719005510438,0.1823804324524793,0.02055675760262507
1964,0.17876289505022727,0.16977658651767055,0.00898630853255672
1965,0.21390660438013745,0.1722372041944816,0.04166940018565585
1966,0.21220104418075925,0.15073018603353452,0.06147085814722472
1967,0.1981285491936143,0.18899143521636083,0.009137113977253475
1968,0.24681690824275845,0.19256831727675117,0.05424859096600729
1969,0.18356235786965241,0.1471967358509739,0.03636562201867852
1970,0.21265582991281212,0.18414544344958972,0.028510386463222404
1971,0.23186729833823427,0.18104081342564923,0.05082648491258504
1972,0.21595949648693474,0.16395063869582455,0.0520088577911102
1973,0.20048839033580765,0.16417587860583732,0.036312511729970326
1974,0.2401353424911132,0.1936143755457915,0.04652096694532171
1975,0.2220599785408053,0.1734443812971871,0.04861559724361822
1976,0.20849075578789095,0.1557433829461348,0.05274737284175615
1977,0.22210608800840553,0.1722008259663638,0.04990526204204174
1978,0.2195128983488304,0.14851210431582673,0.07100079403300366
1979,0.21868446101819852,0.1922328139016881,0.026451647116510435
1980,0.22876414980032814,0.20273560400387328,0.02602854579645486
1981,0.21627704687396296,0.17384737166606315,0.04242967520789981
1982,0.22884600319497506,0.15746075002021762,0.07138525317475744
1983,0.2174986967570976,0.20487324756549355,0.012625449191604049
1984,0.19969527476526916,0.1883799856336587,0.011315289131610451
1985,0.201352566009842,0.12823097359629565,0.07312159241354635
1986,0.2037817497080767,0.1609825666260798,0.0427991830819969
1987,0.2513394850758627,0.21746069438612756,0.03387879068973512
1988,0.20759163257606555,0.1517385919210008,0.055853040655064745
1989,0.20183603872712946,0.1741864977749809,0.027649540952148555
1990,0.2381058459812053,0.16650421994858594,0.07160162603261935
1991,0.21670007944041494,0.1868036839307567,0.029896395509658252
1992,0.1896904152177929,0.15229982717403928,0.037390588043753614
1993,0.1842960391553033,0.17885212481212032,0.005443914343182976
1994,0.23686189826092557,0.18941487215165742,0.04744702610926815
1995,0.18378193696035713,0.16357319088092587,0.020208746079431267
1996,0.20090175426231438,0.15045456501148657,0.050447189250827806
1997,0.21817927167573278,0.16137922271581576,0.05680004895991703
1998,0.21254811136690968,0.18739131972207768,0.025156791644832005
1999,0.22073779868389012,0.17356835817220173,0.04716944051168839
2000,0.22007224195597125,0.16786081106681922,0.05221143088915203
