snapshot_date,warehouse_id,carrier_id,warehouse_backlog_index,available_capacity_ratio,carrier_ontime_30d,weather_severity,is_holiday_period
2024-01-01,WH-A,CR-1,1.81459,1.22525,0.90284,0.76385,1
2024-01-01,WH-A,CR-2,1.81459,1.22525,0.88062,0.76385,1
2024-01-01,WH-A,CR-3,1.81459,1.22525,0.86778,0.76385,1
2024-01-01,WH-A,CR-4,1.81459,1.22525,0.91246,0.76385,1
2024-01-01,WH-B,CR-1,1.67605,1.08176,0.9368,0.76385,1
2024-01-01,WH-B,CR-2,1.67605,1.08176,0.90558,0.76385,1
2024-01-01,WH-B,CR-3,1.67605,1.08176,0.86704,0.76385,1
2024-01-01,WH-B,CR-4,1.67605,1.08176,0.92978,0.76385,1
2024-01-01,WH-C,CR-1,1.61556,1.08126,0.93068,0.76385,1
2024-01-01,WH-C,CR-2,1.61556,1.08126,0.88474,0.76385,1
2024-01-01,WH-C,CR-3,1.61556,1.08126,0.87679,0.76385,1
2024-01-01,WH-C,CR-4,1.61556,1.08126,0.91565,0.76385,1
2024-01-02,WH-A,CR-1,2.18624,1.13764,0.92411,0.597,1
2024-01-02,WH-A,CR-2,2.18624,1.13764,0.89503,0.597,1
2024-01-02,WH-A,CR-3,2.18624,1.13764,0.87564,0.597,1
2024-01-02,WH-A,CR-4,2.18624,1.13764,0.92364,0.597,1
2024-01-02,WH-B,CR-1,1.94276,1.18447,0.95495,0.597,1
2024-01-02,WH-B,CR-2,1.94276,1.18447,0.89438,0.597,1
2024-01-02,WH-B,CR-3,1.94276,1.18447,0.86311,0.597,1
2024-01-02,WH-B,CR-4,1.94276,1.18447,0.90949,0.597,1
2024-01-02,WH-C,CR-1,1.74458,1.24032,0.92789,0.597,1
2024-01-02,WH-C,CR-2,1.74458,1.24032,0.88917,0.597,1
2024-01-02,WH-C,CR-3,1.74458,1.24032,0.85936,0.597,1
2024-01-02,WH-C,CR-4,1.74458,1.24032,0.92706,0.597,1
2024-01-03,WH-A,CR-1,1.59194,1.19345,0.91463,0.96568,1
2024-01-03,WH-A,CR-2,1.59194,1.19345,0.8954,0.96568,1
2024-01-03,WH-A,CR-3,1.59194,1.19345,0.86402,0.96568,1
2024-01-03,WH-A,CR-4,1.59194,1.19345,0.91524,0.96568,1
2024-01-03,WH-B,CR-1,2.2786,1.16789,0.93076,0.96568,1
2024-01-03,WH-B,CR-2,2.2786,1.16789,0.89343,0.96568,1
2024-01-03,WH-B,CR-3,2.2786,1.16789,0.86609,0.96568,1
2024-01-03,WH-B,CR-4,2.2786,1.16789,0.92019,0.96568,1
2024-01-03,WH-C,CR-1,1.10477,1.12443,0.91697,0.96568,1
2024-01-03,WH-C,CR-2,1.10477,1.12443,0.88495,0.96568,1
2024-01-03,WH-C,CR-3,1.10477,1.12443,0.85932,0.96568,1
2024-01-03,WH-C,CR-4,1.10477,1.12443,0.93056,0.96568,1
2024-01-04,WH-A,CR-1,1.02849,1.12321,0.93386,0.44964,0
2024-01-04,WH-A,CR-2,1.02849,1.12321,0.90894,0.44964,0
2024-01-04,WH-A,CR-3,1.02849,1.12321,0.88044,0.44964,0
2024-01-04,WH-A,CR-4,1.02849,1.12321,0.93143,0.44964,0
2024-01-04,WH-B,CR-1,2.07177,1.11301,0.9422,0.44964,0
2024-01-04,WH-B,CR-2,2.07177,1.11301,0.89961,0.44964,0
2024-01-04,WH-B,CR-3,2.07177,1.11301,0.8566,0.44964,0
2024-01-04,WH-B,CR-4,2.07177,1.11301,0.90831,0.44964,0
2024-01-04,WH-C,CR-1,0.87903,1.18977,0.93362,0.44964,0
2024-01-04,WH-C,CR-2,0.87903,1.18977,0.91019,0.44964,0
2024-01-04,WH-C,CR-3,0.87903,1.18977,0.86678,0.44964,0
2024-01-04,WH-C,CR-4,0.87903,1.18977,0.92381,0.44964,0
2024-01-05,WH-A,CR-1,1.41306,1.09705,0.91933,0.90624,0
2024-01-05,WH-A,CR-2,1.41306,1.09705,0.88911,0.90624,0
2024-01-05,WH-A,CR-3,1.41306,1.09705,0.84934,0.90624,0
2024-01-05,WH-A,CR-4,1.41306,1.09705,0.91953,0.90624,0
2024-01-05,WH-B,CR-1,1.89702,1.151,0.92946,0.90624,0
2024-01-05,WH-B,CR-2,1.89702,1.151,0.89905,0.90624,0
2024-01-05,WH-B,CR-3,1.89702,1.151,0.87167,0.90624,0
2024-01-05,WH-B,CR-4,1.89702,1.151,0.91251,0.90624,0
2024-01-05,WH-C,CR-1,0.90788,1.14362,0.90344,0.90624,0
2024-01-05,WH-C,CR-2,0.90788,1.14362,0.87632,0.90624,0
2024-01-05,WH-C,CR-3,0.90788,1.14362,0.84782,0.90624,0
2024-01-05,WH-C,CR-4,0.90788,1.14362,0.90172,0.90624,0
2024-01-06,WH-A,CR-1,1.37272,1.17394,0.92127,0.80313,0
2024-01-06,WH-A,CR-2,1.37272,1.17394,0.90439,0.80313,0
2024-01-06,WH-A,CR-3,1.37272,1.17394,0.85434,0.80313,0
2024-01-06,WH-A,CR-4,1.37272,1.17394,0.91308,0.80313,0
2024-01-06,WH-B,CR-1,1.61715,1.04288,0.93563,0.80313,0
2024-01-06,WH-B,CR-2,1.61715,1.04288,0.87482,0.80313,0
2024-01-06,WH-B,CR-3,1.61715,1.04288,0.87076,0.80313,0
2024-01-06,WH-B,CR-4,1.61715,1.04288,0.9184,0.80313,0
2024-01-06,WH-C,CR-1,0.86876,0.95432,0.92641,0.80313,0
2024-01-06,WH-C,CR-2,0.86876,0.95432,0.88919,0.80313,0
2024-01-06,WH-C,CR-3,0.86876,0.95432,0.86834,0.80313,0
2024-01-06,WH-C,CR-4,0.86876,0.95432,0.91581,0.80313,0
2024-01-07,WH-A,CR-1,1.12256,1.08434,0.91507,1.5318,0
2024-01-07,WH-A,CR-2,1.12256,1.08434,0.89874,1.5318,0
2024-01-07,WH-A,CR-3,1.12256,1.08434,0.86245,1.5318,0
2024-01-07,WH-A,CR-4,1.12256,1.08434,0.90671,1.5318,0
2024-01-07,WH-B,CR-1,2.28182,0.9749,0.90475,1.5318,0
2024-01-07,WH-B,CR-2,2.28182,0.9749,0.87131,1.5318,0
2024-01-07,WH-B,CR-3,2.28182,0.9749,0.84775,1.5318,0
2024-01-07,WH-B,CR-4,2.28182,0.9749,0.88591,1.5318,0
2024-01-07,WH-C,CR-1,1.27551,1.05222,0.89478,1.5318,0
2024-01-07,WH-C,CR-2,1.27551,1.05222,0.87024,1.5318,0
2024-01-07,WH-C,CR-3,1.27551,1.05222,0.85619,1.5318,0
2024-01-07,WH-C,CR-4,1.27551,1.05222,0.91249,1.5318,0
2024-01-08,WH-A,CR-1,1.46514,1.07084,0.88058,1.87993,0
2024-01-08,WH-A,CR-2,1.46514,1.07084,0.87937,1.87993,0
2024-01-08,WH-A,CR-3,1.46514,1.07084,0.83641,1.87993,0
2024-01-08,WH-A,CR-4,1.46514,1.07084,0.89118,1.87993,0
2024-01-08,WH-B,CR-1,1.98938,1.13874,0.91895,1.87993,0
2024-01-08,WH-B,CR-2,1.98938,1.13874,0.87805,1.87993,0
2024-01-08,WH-B,CR-3,1.98938,1.13874,0.84426,1.87993,0
2024-01-08,WH-B,CR-4,1.98938,1.13874,0.88373,1.87993,0
2024-01-08,WH-C,CR-1,0.73338,1.1111,0.90552,1.87993,0
2024-01-08,WH-C,CR-2,0.73338,1.1111,0.89738,1.87993,0
2024-01-08,WH-C,CR-3,0.73338,1.1111,0.84772,1.87993,0
2024-01-08,WH-C,CR-4,0.73338,1.1111,0.90795,1.87993,0
2024-01-09,WH-A,CR-1,1.2069,1.09198,0.95622,0.518,0
2024-01-09,WH-A,CR-2,1.2069,1.09198,0.89082,0.518,0
2024-01-09,WH-A,CR-3,1.2069,1.09198,0.88074,0.518,0
2024-01-09,WH-A,CR-4,1.2069,1.09198,0.90984,0.518,0
2024-01-09,WH-B,CR-1,2.3415,1.1808,0.9288,0.518,0
2024-01-09,WH-B,CR-2,2.3415,1.1808,0.90019,0.518,0
2024-01-09,WH-B,CR-3,2.3415,1.1808,0.86282,0.518,0
2024-01-09,WH-B,CR-4,2.3415,1.1808,0.92603,0.518,0
2024-01-09,WH-C,CR-1,0.8098,1.05195,0.91534,0.518,0
2024-01-09,WH-C,CR-2,0.8098,1.05195,0.90275,0.518,0
2024-01-09,WH-C,CR-3,0.8098,1.05195,0.88963,0.518,0
2024-01-09,WH-C,CR-4,0.8098,1.05195,0.9226,0.518,0
2024-01-10,WH-A,CR-1,1.83584,1.16755,0.92398,0.6163,0
2024-01-10,WH-A,CR-2,1.83584,1.16755,0.91218,0.6163,0
2024-01-10,WH-A,CR-3,1.83584,1.16755,0.87405,0.6163,0
2024-01-10,WH-A,CR-4,1.83584,1.16755,0.93734,0.6163,0
2024-01-10,WH-B,CR-1,2.31036,1.05204,0.91249,0.6163,0
2024-01-10,WH-B,CR-2,2.31036,1.05204,0.91872,0.6163,0
2024-01-10,WH-B,CR-3,2.31036,1.05204,0.88959,0.6163,0
2024-01-10,WH-B,CR-4,2.31036,1.05204,0.91675,0.6163,0
2024-01-10,WH-C,CR-1,0.88651,1.26692,0.91562,0.6163,0
2024-01-10,WH-C,CR-2,0.88651,1.26692,0.88817,0.6163,0
2024-01-10,WH-C,CR-3,0.88651,1.26692,0.87663,0.6163,0
2024-01-10,WH-C,CR-4,0.88651,1.26692,0.91417,0.6163,0
2024-01-11,WH-A,CR-1,1.90761,1.2626,0.92936,0.65167,0
2024-01-11,WH-A,CR-2,1.90761,1.2626,0.906,0.65167,0
2024-01-11,WH-A,CR-3,1.90761,1.2626,0.84367,0.65167,0
2024-01-11,WH-A,CR-4,1.90761,1.2626,0.91769,0.65167,0
2024-01-11,WH-B,CR-1,1.93277,1.05249,0.91773,0.65167,0
2024-01-11,WH-B,CR-2,1.93277,1.05249,0.89426,0.65167,0
2024-01-11,WH-B,CR-3,1.93277,1.05249,0.87926,0.65167,0
2024-01-11,WH-B,CR-4,1.93277,1.05249,0.90235,0.65167,0
2024-01-11,WH-C,CR-1,1.08311,1.11127,0.92434,0.65167,0
2024-01-11,WH-C,CR-2,1.08311,1.11127,0.9103,0.65167,0
2024-01-11,WH-C,CR-3,1.08311,1.11127,0.87473,0.65167,0
2024-01-11,WH-C,CR-4,1.08311,1.11127,0.93432,0.65167,0
2024-01-12,WH-A,CR-1,1.75965,1.1694,0.93122,0.60572,0
2024-01-12,WH-A,CR-2,1.75965,1.1694,0.88608,0.60572,0
2024-01-12,WH-A,CR-3,1.75965,1.1694,0.87018,0.60572,0
2024-01-12,WH-A,CR-4,1.75965,1.1694,0.92184,0.60572,0
2024-01-12,WH-B,CR-1,2.86547,1.30015,0.91886,0.60572,0
2024-01-12,WH-B,CR-2,2.86547,1.30015,0.89565,0.60572,0
2024-01-12,WH-B,CR-3,2.86547,1.30015,0.85154,0.60572,0
2024-01-12,WH-B,CR-4,2.86547,1.30015,0.91201,0.60572,0
2024-01-12,WH-C,CR-1,1.31254,1.24647,0.92035,0.60572,0
2024-01-12,WH-C,CR-2,1.31254,1.24647,0.89125,0.60572,0
2024-01-12,WH-C,CR-3,1.31254,1.24647,0.84333,0.60572,0
2024-01-12,WH-C,CR-4,1.31254,1.24647,0.91714,0.60572,0
2024-01-13,WH-A,CR-1,2.51759,1.02764,0.92188,0.42215,0
2024-01-13,WH-A,CR-2,2.51759,1.02764,0.90127,0.42215,0
2024-01-13,WH-A,CR-3,2.51759,1.02764,0.85131,0.42215,0
2024-01-13,WH-A,CR-4,2.51759,1.02764,0.9048,0.42215,0
2024-01-13,WH-B,CR-1,3.33774,0.96701,0.91924,0.42215,0
2024-01-13,WH-B,CR-2,3.33774,0.96701,0.92444,0.42215,0
2024-01-13,WH-B,CR-3,3.33774,0.96701,0.90726,0.42215,0
2024-01-13,WH-B,CR-4,3.33774,0.96701,0.90834,0.42215,0
2024-01-13,WH-C,CR-1,1.22422,1.09732,0.95315,0.42215,0
2024-01-13,WH-C,CR-2,1.22422,1.09732,0.89056,0.42215,0
2024-01-13,WH-C,CR-3,1.22422,1.09732,0.86946,0.42215,0
2024-01-13,WH-C,CR-4,1.22422,1.09732,0.93173,0.42215,0
2024-01-14,WH-A,CR-1,2.19143,0.96001,0.92241,0.81819,0
2024-01-14,WH-A,CR-2,2.19143,0.96001,0.89208,0.81819,0
2024-01-14,WH-A,CR-3,2.19143,0.96001,0.86806,0.81819,0
2024-01-14,WH-A,CR-4,2.19143,0.96001,0.90861,0.81819,0
2024-01-14,WH-B,CR-1,3.0664,1.15102,0.92714,0.81819,0
2024-01-14,WH-B,CR-2,3.0664,1.15102,0.89949,0.81819,0
2024-01-14,WH-B,CR-3,3.0664,1.15102,0.86591,0.81819,0
2024-01-14,WH-B,CR-4,3.0664,1.15102,0.91527,0.81819,0
2024-01-14,WH-C,CR-1,1.04503,1.09532,0.92411,0.81819,0
2024-01-14,WH-C,CR-2,1.04503,1.09532,0.92039,0.81819,0
2024-01-14,WH-C,CR-3,1.04503,1.09532,0.88415,0.81819,0
2024-01-14,WH-C,CR-4,1.04503,1.09532,0.9199,0.81819,0
2024-01-15,WH-A,CR-1,2.11954,1.06101,0.9459,0.46645,0
2024-01-15,WH-A,CR-2,2.11954,1.06101,0.90476,0.46645,0
2024-01-15,WH-A,CR-3,2.11954,1.06101,0.87737,0.46645,0
2024-01-15,WH-A,CR-4,2.11954,1.06101,0.90067,0.46645,0
2024-01-15,WH-B,CR-1,3.05147,1.18635,0.91828,0.46645,0
2024-01-15,WH-B,CR-2,3.05147,1.18635,0.89595,0.46645,0
2024-01-15,WH-B,CR-3,3.05147,1.18635,0.87477,0.46645,0
2024-01-15,WH-B,CR-4,3.05147,1.18635,0.92223,0.46645,0
2024-01-15,WH-C,CR-1,1.08072,1.14172,0.92858,0.46645,0
2024-01-15,WH-C,CR-2,1.08072,1.14172,0.90343,0.46645,0
2024-01-15,WH-C,CR-3,1.08072,1.14172,0.88926,0.46645,0
2024-01-15,WH-C,CR-4,1.08072,1.14172,0.8908,0.46645,0
2024-01-16,WH-A,CR-1,2.08687,1.12025,0.90843,0.58252,0
2024-01-16,WH-A,CR-2,2.08687,1.12025,0.90345,0.58252,0
2024-01-16,WH-A,CR-3,2.08687,1.12025,0.89024,0.58252,0
2024-01-16,WH-A,CR-4,2.08687,1.12025,0.90111,0.58252,0
2024-01-16,WH-B,CR-1,3.02137,1.12372,0.92878,0.58252,0
2024-01-16,WH-B,CR-2,3.02137,1.12372,0.88688,0.58252,0
2024-01-16,WH-B,CR-3,3.02137,1.12372,0.8655,0.58252,0
2024-01-16,WH-B,CR-4,3.02137,1.12372,0.93512,0.58252,0
2024-01-16,WH-C,CR-1,1.41197,1.28858,0.94364,0.58252,0
2024-01-16,WH-C,CR-2,1.41197,1.28858,0.90478,0.58252,0
2024-01-16,WH-C,CR-3,1.41197,1.28858,0.89044,0.58252,0
2024-01-16,WH-C,CR-4,1.41197,1.28858,0.92478,0.58252,0
2024-01-17,WH-A,CR-1,1.98719,1.09421,0.93368,1.01101,0
2024-01-17,WH-A,CR-2,1.98719,1.09421,0.87766,1.01101,0
2024-01-17,WH-A,CR-3,1.98719,1.09421,0.87119,1.01101,0
2024-01-17,WH-A,CR-4,1.98719,1.09421,0.90951,1.01101,0
2024-01-17,WH-B,CR-1,3.11126,1.21007,0.94365,1.01101,0
2024-01-17,WH-B,CR-2,3.11126,1.21007,0.90057,1.01101,0
2024-01-17,WH-B,CR-3,3.11126,1.21007,0.84294,1.01101,0
2024-01-17,WH-B,CR-4,3.11126,1.21007,0.911,1.01101,0
2024-01-17,WH-C,CR-1,1.01501,1.10854,0.93994,1.01101,0
2024-01-17,WH-C,CR-2,1.01501,1.10854,0.89945,1.01101,0
2024-01-17,WH-C,CR-3,1.01501,1.10854,0.85341,1.01101,0
2024-01-17,WH-C,CR-4,1.01501,1.10854,0.89964,1.01101,0
2024-01-18,WH-A,CR-1,1.66606,1.17496,0.94191,0.66414,0
2024-01-18,WH-A,CR-2,1.66606,1.17496,0.90535,0.66414,0
2024-01-18,WH-A,CR-3,1.66606,1.17496,0.84055,0.66414,0
2024-01-18,WH-A,CR-4,1.66606,1.17496,0.9217,0.66414,0
2024-01-18,WH-B,CR-1,2.78681,1.18311,0.94744,0.66414,0
2024-01-18,WH-B,CR-2,2.78681,1.18311,0.87329,0.66414,0
2024-01-18,WH-B,CR-3,2.78681,1.18311,0.86095,0.66414,0
2024-01-18,WH-B,CR-4,2.78681,1.18311,0.92514,0.66414,0
2024-01-18,WH-C,CR-1,0.61548,1.26808,0.93247,0.66414,0
2024-01-18,WH-C,CR-2,0.61548,1.26808,0.9082,0.66414,0
2024-01-18,WH-C,CR-3,0.61548,1.26808,0.86119,0.66414,0
2024-01-18,WH-C,CR-4,0.61548,1.26808,0.92781,0.66414,0
2024-01-19,WH-A,CR-1,1.7761,1.17163,0.90891,1.15165,0
2024-01-19,WH-A,CR-2,1.7761,1.17163,0.8875,1.15165,0
2024-01-19,WH-A,CR-3,1.7761,1.17163,0.85744,1.15165,0
2024-01-19,WH-A,CR-4,1.7761,1.17163,0.91387,1.15165,0
2024-01-19,WH-B,CR-1,2.90249,1.06532,0.91777,1.15165,0
2024-01-19,WH-B,CR-2,2.90249,1.06532,0.90705,1.15165,0
2024-01-19,WH-B,CR-3,2.90249,1.06532,0.85035,1.15165,0
2024-01-19,WH-B,CR-4,2.90249,1.06532,0.8994,1.15165,0
2024-01-19,WH-C,CR-1,0.98199,1.21755,0.91941,1.15165,0
2024-01-19,WH-C,CR-2,0.98199,1.21755,0.90522,1.15165,0
2024-01-19,WH-C,CR-3,0.98199,1.21755,0.86955,1.15165,0
2024-01-19,WH-C,CR-4,0.98199,1.21755,0.91937,1.15165,0
2024-01-20,WH-A,CR-1,1.6956,0.90972,0.94355,0.87207,0
2024-01-20,WH-A,CR-2,1.6956,0.90972,0.88881,0.87207,0
2024-01-20,WH-A,CR-3,1.6956,0.90972,0.8656,0.87207,0
2024-01-20,WH-A,CR-4,1.6956,0.90972,0.93002,0.87207,0
2024-01-20,WH-B,CR-1,2.06877,0.96987,0.90509,0.87207,0
2024-01-20,WH-B,CR-2,2.06877,0.96987,0.88477,0.87207,0
2024-01-20,WH-B,CR-3,2.06877,0.96987,0.86958,0.87207,0
2024-01-20,WH-B,CR-4,2.06877,0.96987,0.92059,0.87207,0
2024-01-20,WH-C,CR-1,1.24793,0.95698,0.89658,0.87207,0
2024-01-20,WH-C,CR-2,1.24793,0.95698,0.89495,0.87207,0
2024-01-20,WH-C,CR-3,1.24793,0.95698,0.85864,0.87207,0
2024-01-20,WH-C,CR-4,1.24793,0.95698,0.91982,0.87207,0
2024-01-21,WH-A,CR-1,1.98295,1.08834,0.93764,0.48465,0
2024-01-21,WH-A,CR-2,1.98295,1.08834,0.89282,0.48465,0
2024-01-21,WH-A,CR-3,1.98295,1.08834,0.86912,0.48465,0
2024-01-21,WH-A,CR-4,1.98295,1.08834,0.92364,0.48465,0
2024-01-21,WH-B,CR-1,2.37665,1.0385,0.93753,0.48465,0
2024-01-21,WH-B,CR-2,2.37665,1.0385,0.89809,0.48465,0
2024-01-21,WH-B,CR-3,2.37665,1.0385,0.86987,0.48465,0
2024-01-21,WH-B,CR-4,2.37665,1.0385,0.93123,0.48465,0
2024-01-21,WH-C,CR-1,0.62835,0.96628,0.91349,0.48465,0
2024-01-21,WH-C,CR-2,0.62835,0.96628,0.87327,0.48465,0
2024-01-21,WH-C,CR-3,0.62835,0.96628,0.86314,0.48465,0
2024-01-21,WH-C,CR-4,0.62835,0.96628,0.93027,0.48465,0
2024-01-22,WH-A,CR-1,2.28671,1.25621,0.92892,0.56966,0
2024-01-22,WH-A,CR-2,2.28671,1.25621,0.91599,0.56966,0
2024-01-22,WH-A,CR-3,2.28671,1.25621,0.87085,0.56966,0
2024-01-22,WH-A,CR-4,2.28671,1.25621,0.9097,0.56966,0
2024-01-22,WH-B,CR-1,2.08335,1.03156,0.91909,0.56966,0
2024-01-22,WH-B,CR-2,2.08335,1.03156,0.89545,0.56966,0
2024-01-22,WH-B,CR-3,2.08335,1.03156,0.87939,0.56966,0
2024-01-22,WH-B,CR-4,2.08335,1.03156,0.9404,0.56966,0
2024-01-22,WH-C,CR-1,0.44123,1.18143,0.91726,0.56966,0
2024-01-22,WH-C,CR-2,0.44123,1.18143,0.90544,0.56966,0
2024-01-22,WH-C,CR-3,0.44123,1.18143,0.86817,0.56966,0
2024-01-22,WH-C,CR-4,0.44123,1.18143,0.89778,0.56966,0
2024-01-23,WH-A,CR-1,1.91786,1.06442,0.91293,1.06748,0
2024-01-23,WH-A,CR-2,1.91786,1.06442,0.89592,1.06748,0
2024-01-23,WH-A,CR-3,1.91786,1.06442,0.85851,1.06748,0
2024-01-23,WH-A,CR-4,1.91786,1.06442,0.91473,1.06748,0
2024-01-23,WH-B,CR-1,2.22921,1.25565,0.91667,1.06748,0
2024-01-23,WH-B,CR-2,2.22921,1.25565,0.87306,1.06748,0
2024-01-23,WH-B,CR-3,2.22921,1.25565,0.87359,1.06748,0
2024-01-23,WH-B,CR-4,2.22921,1.25565,0.90681,1.06748,0
2024-01-23,WH-C,CR-1,1.19527,1.18067,0.91921,1.06748,0
2024-01-23,WH-C,CR-2,1.19527,1.18067,0.89497,1.06748,0
2024-01-23,WH-C,CR-3,1.19527,1.18067,0.8842,1.06748,0
2024-01-23,WH-C,CR-4,1.19527,1.18067,0.93571,1.06748,0
2024-01-24,WH-A,CR-1,2.24343,1.08235,0.93182,0.67651,0
2024-01-24,WH-A,CR-2,2.24343,1.08235,0.89751,0.67651,0
2024-01-24,WH-A,CR-3,2.24343,1.08235,0.87159,0.67651,0
2024-01-24,WH-A,CR-4,2.24343,1.08235,0.90782,0.67651,0
2024-01-24,WH-B,CR-1,1.64277,0.98416,0.91441,0.67651,0
2024-01-24,WH-B,CR-2,1.64277,0.98416,0.89232,0.67651,0
2024-01-24,WH-B,CR-3,1.64277,0.98416,0.8643,0.67651,0
2024-01-24,WH-B,CR-4,1.64277,0.98416,0.94107,0.67651,0
2024-01-24,WH-C,CR-1,1.68416,1.07303,0.932,0.67651,0
2024-01-24,WH-C,CR-2,1.68416,1.07303,0.89294,0.67651,0
2024-01-24,WH-C,CR-3,1.68416,1.07303,0.86441,0.67651,0
2024-01-24,WH-C,CR-4,1.68416,1.07303,0.92005,0.67651,0
2024-01-25,WH-A,CR-1,2.45248,1.05864,0.92382,0.90311,0
2024-01-25,WH-A,CR-2,2.45248,1.05864,0.92492,0.90311,0
2024-01-25,WH-A,CR-3,2.45248,1.05864,0.86642,0.90311,0
2024-01-25,WH-A,CR-4,2.45248,1.05864,0.93094,0.90311,0
2024-01-25,WH-B,CR-1,1.85174,1.19646,0.92306,0.90311,0
2024-01-25,WH-B,CR-2,1.85174,1.19646,0.8917,0.90311,0
2024-01-25,WH-B,CR-3,1.85174,1.19646,0.85439,0.90311,0
2024-01-25,WH-B,CR-4,1.85174,1.19646,0.91891,0.90311,0
2024-01-25,WH-C,CR-1,1.31857,1.20325,0.93677,0.90311,0
2024-01-25,WH-C,CR-2,1.31857,1.20325,0.89814,0.90311,0
2024-01-25,WH-C,CR-3,1.31857,1.20325,0.86031,0.90311,0
2024-01-25,WH-C,CR-4,1.31857,1.20325,0.91919,0.90311,0
2024-01-26,WH-A,CR-1,1.57678,1.12315,0.90597,0.56346,0
2024-01-26,WH-A,CR-2,1.57678,1.12315,0.88192,0.56346,0
2024-01-26,WH-A,CR-3,1.57678,1.12315,0.88622,0.56346,0
2024-01-26,WH-A,CR-4,1.57678,1.12315,0.9306,0.56346,0
2024-01-26,WH-B,CR-1,1.70547,1.0298,0.89428,0.56346,0
2024-01-26,WH-B,CR-2,1.70547,1.0298,0.89334,0.56346,0
2024-01-26,WH-B,CR-3,1.70547,1.0298,0.8989,0.56346,0
2024-01-26,WH-B,CR-4,1.70547,1.0298,0.92508,0.56346,0
2024-01-26,WH-C,CR-1,1.18488,1.18721,0.91113,0.56346,0
2024-01-26,WH-C,CR-2,1.18488,1.18721,0.89629,0.56346,0
2024-01-26,WH-C,CR-3,1.18488,1.18721,0.87105,0.56346,0
2024-01-26,WH-C,CR-4,1.18488,1.18721,0.91882,0.56346,0
2024-01-27,WH-A,CR-1,1.88421,1.01493,0.93294,0.99085,0
2024-01-27,WH-A,CR-2,1.88421,1.01493,0.91171,0.99085,0
2024-01-27,WH-A,CR-3,1.88421,1.01493,0.85052,0.99085,0
2024-01-27,WH-A,CR-4,1.88421,1.01493,0.90151,0.99085,0
2024-01-27,WH-B,CR-1,2.33147,1.05469,0.93901,0.99085,0
2024-01-27,WH-B,CR-2,2.33147,1.05469,0.88685,0.99085,0
2024-01-27,WH-B,CR-3,2.33147,1.05469,0.87963,0.99085,0
2024-01-27,WH-B,CR-4,2.33147,1.05469,0.91374,0.99085,0
2024-01-27,WH-C,CR-1,1.38594,1.19518,0.91782,0.99085,0
2024-01-27,WH-C,CR-2,1.38594,1.19518,0.88087,0.99085,0
2024-01-27,WH-C,CR-3,1.38594,1.19518,0.85678,0.99085,0
2024-01-27,WH-C,CR-4,1.38594,1.19518,0.91759,0.99085,0
2024-01-28,WH-A,CR-1,1.66328,1.16183,0.90451,0.37573,0
2024-01-28,WH-A,CR-2,1.66328,1.16183,0.8938,0.37573,0
2024-01-28,WH-A,CR-3,1.66328,1.16183,0.853,0.37573,0
2024-01-28,WH-A,CR-4,1.66328,1.16183,0.91332,0.37573,0
2024-01-28,WH-B,CR-1,2.35926,1.05566,0.9302,0.37573,0
2024-01-28,WH-B,CR-2,2.35926,1.05566,0.90133,0.37573,0
2024-01-28,WH-B,CR-3,2.35926,1.05566,0.87568,0.37573,0
2024-01-28,WH-B,CR-4,2.35926,1.05566,0.91113,0.37573,0
2024-01-28,WH-C,CR-1,1.67538,1.12301,0.93786,0.37573,0
2024-01-28,WH-C,CR-2,1.67538,1.12301,0.90992,0.37573,0
2024-01-28,WH-C,CR-3,1.67538,1.12301,0.87679,0.37573,0
2024-01-28,WH-C,CR-4,1.67538,1.12301,0.94766,0.37573,0
2024-01-29,WH-A,CR-1,1.44622,1.06742,0.9138,0.62583,0
2024-01-29,WH-A,CR-2,1.44622,1.06742,0.88807,0.62583,0
2024-01-29,WH-A,CR-3,1.44622,1.06742,0.86789,0.62583,0
2024-01-29,WH-A,CR-4,1.44622,1.06742,0.92275,0.62583,0
2024-01-29,WH-B,CR-1,2.31024,1.08876,0.93954,0.62583,0
2024-01-29,WH-B,CR-2,2.31024,1.08876,0.90761,0.62583,0
2024-01-29,WH-B,CR-3,2.31024,1.08876,0.86682,0.62583,0
2024-01-29,WH-B,CR-4,2.31024,1.08876,0.9109,0.62583,0
2024-01-29,WH-C,CR-1,1.80977,1.16504,0.91136,0.62583,0
2024-01-29,WH-C,CR-2,1.80977,1.16504,0.89792,0.62583,0
2024-01-29,WH-C,CR-3,1.80977,1.16504,0.87188,0.62583,0
2024-01-29,WH-C,CR-4,1.80977,1.16504,0.90794,0.62583,0
2024-01-30,WH-A,CR-1,2.03823,1.24984,0.92402,0.71949,0
2024-01-30,WH-A,CR-2,2.03823,1.24984,0.90141,0.71949,0
2024-01-30,WH-A,CR-3,2.03823,1.24984,0.83813,0.71949,0
2024-01-30,WH-A,CR-4,2.03823,1.24984,0.90317,0.71949,0
2024-01-30,WH-B,CR-1,2.15935,1.06423,0.93562,0.71949,0
2024-01-30,WH-B,CR-2,2.15935,1.06423,0.92102,0.71949,0
2024-01-30,WH-B,CR-3,2.15935,1.06423,0.85293,0.71949,0
2024-01-30,WH-B,CR-4,2.15935,1.06423,0.907,0.71949,0
2024-01-30,WH-C,CR-1,1.78927,1.27889,0.91238,0.71949,0
2024-01-30,WH-C,CR-2,1.78927,1.27889,0.90004,0.71949,0
2024-01-30,WH-C,CR-3,1.78927,1.27889,0.8889,0.71949,0
2024-01-30,WH-C,CR-4,1.78927,1.27889,0.89723,0.71949,0
2024-01-31,WH-A,CR-1,1.77483,1.21501,0.93573,0.39811,0
2024-01-31,WH-A,CR-2,1.77483,1.21501,0.88153,0.39811,0
2024-01-31,WH-A,CR-3,1.77483,1.21501,0.87902,0.39811,0
2024-01-31,WH-A,CR-4,1.77483,1.21501,0.9159,0.39811,0
2024-01-31,WH-B,CR-1,2.61182,1.09979,0.92519,0.39811,0
2024-01-31,WH-B,CR-2,2.61182,1.09979,0.90933,0.39811,0
2024-01-31,WH-B,CR-3,2.61182,1.09979,0.88199,0.39811,0
2024-01-31,WH-B,CR-4,2.61182,1.09979,0.92821,0.39811,0
2024-01-31,WH-C,CR-1,1.10526,1.19304,0.92042,0.39811,0
2024-01-31,WH-C,CR-2,1.10526,1.19304,0.90566,0.39811,0
2024-01-31,WH-C,CR-3,1.10526,1.19304,0.85575,0.39811,0
2024-01-31,WH-C,CR-4,1.10526,1.19304,0.92819,0.39811,0
2024-02-01,WH-A,CR-1,2.03733,1.16933,0.92437,0.45911,0
2024-02-01,WH-A,CR-2,2.03733,1.16933,0.91915,0.45911,0
2024-02-01,WH-A,CR-3,2.03733,1.16933,0.86645,0.45911,0
2024-02-01,WH-A,CR-4,2.03733,1.16933,0.92212,0.45911,0
2024-02-01,WH-B,CR-1,2.55565,1.10043,0.93739,0.45911,0
2024-02-01,WH-B,CR-2,2.55565,1.10043,0.89533,0.45911,0
2024-02-01,WH-B,CR-3,2.55565,1.10043,0.8668,0.45911,0
2024-02-01,WH-B,CR-4,2.55565,1.10043,0.93809,0.45911,0
2024-02-01,WH-C,CR-1,0.88806,0.95698,0.95107,0.45911,0
2024-02-01,WH-C,CR-2,0.88806,0.95698,0.93233,0.45911,0
2024-02-01,WH-C,CR-3,0.88806,0.95698,0.86687,0.45911,0
2024-02-01,WH-C,CR-4,0.88806,0.95698,0.89849,0.45911,0
2024-02-02,WH-A,CR-1,1.89328,1.06093,0.93682,0.563,0
2024-02-02,WH-A,CR-2,1.89328,1.06093,0.90616,0.563,0
2024-02-02,WH-A,CR-3,1.89328,1.06093,0.85193,0.563,0
2024-02-02,WH-A,CR-4,1.89328,1.06093,0.92826,0.563,0
2024-02-02,WH-B,CR-1,3.1451,1.16376,0.92582,0.563,0
2024-02-02,WH-B,CR-2,3.1451,1.16376,0.89816,0.563,0
2024-02-02,WH-B,CR-3,3.1451,1.16376,0.87725,0.563,0
2024-02-02,WH-B,CR-4,3.1451,1.16376,0.8991,0.563,0
2024-02-02,WH-C,CR-1,1.17026,1.11876,0.95204,0.563,0
2024-02-02,WH-C,CR-2,1.17026,1.11876,0.89778,0.563,0
2024-02-02,WH-C,CR-3,1.17026,1.11876,0.88988,0.563,0
2024-02-02,WH-C,CR-4,1.17026,1.11876,0.90662,0.563,0
2024-02-03,WH-A,CR-1,1.56357,1.08419,0.93857,0.88774,0
2024-02-03,WH-A,CR-2,1.56357,1.08419,0.89014,0.88774,0
2024-02-03,WH-A,CR-3,1.56357,1.08419,0.84372,0.88774,0
2024-02-03,WH-A,CR-4,1.56357,1.08419,0.91381,0.88774,0
2024-02-03,WH-B,CR-1,2.49558,1.04261,0.92304,0.88774,0
2024-02-03,WH-B,CR-2,2.49558,1.04261,0.87355,0.88774,0
2024-02-03,WH-B,CR-3,2.49558,1.04261,0.84463,0.88774,0
2024-02-03,WH-B,CR-4,2.49558,1.04261,0.91981,0.88774,0
2024-02-03,WH-C,CR-1,1.11483,0.86482,0.93344,0.88774,0
2024-02-03,WH-C,CR-2,1.11483,0.86482,0.89729,0.88774,0
2024-02-03,WH-C,CR-3,1.11483,0.86482,0.85545,0.88774,0
2024-02-03,WH-C,CR-4,1.11483,0.86482,0.89822,0.88774,0
2024-02-04,WH-A,CR-1,2.48895,1.10362,0.92638,1.0153,0
2024-02-04,WH-A,CR-2,2.48895,1.10362,0.88972,1.0153,0
2024-02-04,WH-A,CR-3,2.48895,1.10362,0.87153,1.0153,0
2024-02-04,WH-A,CR-4,2.48895,1.10362,0.91923,1.0153,0
2024-02-04,WH-B,CR-1,2.82895,1.02829,0.9165,1.0153,0
2024-02-04,WH-B,CR-2,2.82895,1.02829,0.88598,1.0153,0
2024-02-04,WH-B,CR-3,2.82895,1.02829,0.87121,1.0153,0
2024-02-04,WH-B,CR-4,2.82895,1.02829,0.92971,1.0153,0
2024-02-04,WH-C,CR-1,1.10276,1.03602,0.92549,1.0153,0
2024-02-04,WH-C,CR-2,1.10276,1.03602,0.88878,1.0153,0
2024-02-04,WH-C,CR-3,1.10276,1.03602,0.87315,1.0153,0
2024-02-04,WH-C,CR-4,1.10276,1.03602,0.8847,1.0153,0
2024-02-05,WH-A,CR-1,1.44599,1.07291,0.92081,0.45583,0
2024-02-05,WH-A,CR-2,1.44599,1.07291,0.89938,0.45583,0
2024-02-05,WH-A,CR-3,1.44599,1.07291,0.88515,0.45583,0
2024-02-05,WH-A,CR-4,1.44599,1.07291,0.91885,0.45583,0
2024-02-05,WH-B,CR-1,2.24833,1.14544,0.94439,0.45583,0
2024-02-05,WH-B,CR-2,2.24833,1.14544,0.89008,0.45583,0
2024-02-05,WH-B,CR-3,2.24833,1.14544,0.86087,0.45583,0
2024-02-05,WH-B,CR-4,2.24833,1.14544,0.9285,0.45583,0
2024-02-05,WH-C,CR-1,1.17956,1.2018,0.93163,0.45583,0
2024-02-05,WH-C,CR-2,1.17956,1.2018,0.91021,0.45583,0
2024-02-05,WH-C,CR-3,1.17956,1.2018,0.85937,0.45583,0
2024-02-05,WH-C,CR-4,1.17956,1.2018,0.92165,0.45583,0
2024-02-06,WH-A,CR-1,1.03455,1.20486,0.92517,0.58973,0
2024-02-06,WH-A,CR-2,1.03455,1.20486,0.88712,0.58973,0
2024-02-06,WH-A,CR-3,1.03455,1.20486,0.86823,0.58973,0
2024-02-06,WH-A,CR-4,1.03455,1.20486,0.93292,0.58973,0
2024-02-06,WH-B,CR-1,1.43502,1.03027,0.91831,0.58973,0
2024-02-06,WH-B,CR-2,1.43502,1.03027,0.91692,0.58973,0
2024-02-06,WH-B,CR-3,1.43502,1.03027,0.87278,0.58973,0
2024-02-06,WH-B,CR-4,1.43502,1.03027,0.92859,0.58973,0
2024-02-06,WH-C,CR-1,0.90952,1.06044,0.93476,0.58973,0
2024-02-06,WH-C,CR-2,0.90952,1.06044,0.90008,0.58973,0
2024-02-06,WH-C,CR-3,0.90952,1.06044,0.87597,0.58973,0
2024-02-06,WH-C,CR-4,0.90952,1.06044,0.91713,0.58973,0
2024-02-07,WH-A,CR-1,1.58809,1.21456,0.907,0.75329,0
2024-02-07,WH-A,CR-2,1.58809,1.21456,0.86947,0.75329,0
2024-02-07,WH-A,CR-3,1.58809,1.21456,0.87846,0.75329,0
2024-02-07,WH-A,CR-4,1.58809,1.21456,0.93069,0.75329,0
2024-02-07,WH-B,CR-1,1.34896,1.00121,0.92763,0.75329,0
2024-02-07,WH-B,CR-2,1.34896,1.00121,0.90761,0.75329,0
2024-02-07,WH-B,CR-3,1.34896,1.00121,0.88801,0.75329,0
2024-02-07,WH-B,CR-4,1.34896,1.00121,0.92264,0.75329,0
2024-02-07,WH-C,CR-1,1.0045,1.07855,0.92658,0.75329,0
2024-02-07,WH-C,CR-2,1.0045,1.07855,0.89285,0.75329,0
2024-02-07,WH-C,CR-3,1.0045,1.07855,0.85426,0.75329,0
2024-02-07,WH-C,CR-4,1.0045,1.07855,0.94103,0.75329,0
2024-02-08,WH-A,CR-1,1.3549,1.2184,0.91733,1.68601,0
2024-02-08,WH-A,CR-2,1.3549,1.2184,0.88496,1.68601,0
2024-02-08,WH-A,CR-3,1.3549,1.2184,0.86465,1.68601,0
2024-02-08,WH-A,CR-4,1.3549,1.2184,0.90728,1.68601,0
2024-02-08,WH-B,CR-1,1.91077,1.20095,0.91374,1.68601,0
2024-02-08,WH-B,CR-2,1.91077,1.20095,0.85825,1.68601,0
2024-02-08,WH-B,CR-3,1.91077,1.20095,0.85066,1.68601,0
2024-02-08,WH-B,CR-4,1.91077,1.20095,0.89298,1.68601,0
2024-02-08,WH-C,CR-1,0.74992,1.28455,0.9304,1.68601,0
2024-02-08,WH-C,CR-2,0.74992,1.28455,0.89596,1.68601,0
2024-02-08,WH-C,CR-3,0.74992,1.28455,0.85271,1.68601,0
2024-02-08,WH-C,CR-4,0.74992,1.28455,0.91586,1.68601,0
2024-02-09,WH-A,CR-1,1.14441,1.18176,0.92889,0.65728,0
2024-02-09,WH-A,CR-2,1.14441,1.18176,0.88254,0.65728,0
2024-02-09,WH-A,CR-3,1.14441,1.18176,0.86755,0.65728,0
2024-02-09,WH-A,CR-4,1.14441,1.18176,0.91721,0.65728,0
2024-02-09,WH-B,CR-1,2.64759,1.22154,0.92831,0.65728,0
2024-02-09,WH-B,CR-2,2.64759,1.22154,0.90115,0.65728,0
2024-02-09,WH-B,CR-3,2.64759,1.22154,0.8687,0.65728,0
2024-02-09,WH-B,CR-4,2.64759,1.22154,0.91573,0.65728,0
2024-02-09,WH-C,CR-1,0.65505,1.13792,0.91922,0.65728,0
2024-02-09,WH-C,CR-2,0.65505,1.13792,0.88317,0.65728,0
2024-02-09,WH-C,CR-3,0.65505,1.13792,0.8743,0.65728,0
2024-02-09,WH-C,CR-4,0.65505,1.13792,0.92286,0.65728,0
2024-02-10,WH-A,CR-1,1.74029,1.15474,0.94575,0.36418,0
2024-02-10,WH-A,CR-2,1.74029,1.15474,0.90391,0.36418,0
2024-02-10,WH-A,CR-3,1.74029,1.15474,0.8633,0.36418,0
2024-02-10,WH-A,CR-4,1.74029,1.15474,0.91044,0.36418,0
2024-02-10,WH-B,CR-1,2.61948,1.10034,0.94889,0.36418,0
2024-02-10,WH-B,CR-2,2.61948,1.10034,0.91664,0.36418,0
2024-02-10,WH-B,CR-3,2.61948,1.10034,0.87186,0.36418,0
2024-02-10,WH-B,CR-4,2.61948,1.10034,0.90851,0.36418,0
2024-02-10,WH-C,CR-1,0.86202,1.08738,0.93102,0.36418,0
2024-02-10,WH-C,CR-2,0.86202,1.08738,0.89651,0.36418,0
2024-02-10,WH-C,CR-3,0.86202,1.08738,0.87648,0.36418,0
2024-02-10,WH-C,CR-4,0.86202,1.08738,0.9174,0.36418,0
2024-02-11,WH-A,CR-1,1.63989,1.08953,0.93444,0.49126,0
2024-02-11,WH-A,CR-2,1.63989,1.08953,0.88748,0.49126,0
2024-02-11,WH-A,CR-3,1.63989,1.08953,0.86538,0.49126,0
2024-02-11,WH-A,CR-4,1.63989,1.08953,0.93841,0.49126,0
2024-02-11,WH-B,CR-1,2.07532,0.90067,0.90882,0.49126,0
2024-02-11,WH-B,CR-2,2.07532,0.90067,0.90151,0.49126,0
2024-02-11,WH-B,CR-3,2.07532,0.90067,0.87153,0.49126,0
2024-02-11,WH-B,CR-4,2.07532,0.90067,0.91975,0.49126,0
2024-02-11,WH-C,CR-1,1.53467,0.85617,0.93591,0.49126,0
2024-02-11,WH-C,CR-2,1.53467,0.85617,0.91989,0.49126,0
2024-02-11,WH-C,CR-3,1.53467,0.85617,0.85762,0.49126,0
2024-02-11,WH-C,CR-4,1.53467,0.85617,0.9166,0.49126,0
2024-02-12,WH-A,CR-1,1.60257,1.2642,0.95362,0.46821,0
2024-02-12,WH-A,CR-2,1.60257,1.2642,0.89754,0.46821,0
2024-02-12,WH-A,CR-3,1.60257,1.2642,0.89443,0.46821,0
2024-02-12,WH-A,CR-4,1.60257,1.2642,0.922,0.46821,0
2024-02-12,WH-B,CR-1,2.74359,1.14254,0.93314,0.46821,0
2024-02-12,WH-B,CR-2,2.74359,1.14254,0.90596,0.46821,0
2024-02-12,WH-B,CR-3,2.74359,1.14254,0.90972,0.46821,0
2024-02-12,WH-B,CR-4,2.74359,1.14254,0.93179,0.46821,0
2024-02-12,WH-C,CR-1,1.30083,1.22752,0.92723,0.46821,0
2024-02-12,WH-C,CR-2,1.30083,1.22752,0.8957,0.46821,0
2024-02-12,WH-C,CR-3,1.30083,1.22752,0.88248,0.46821,0
2024-02-12,WH-C,CR-4,1.30083,1.22752,0.92195,0.46821,0
2024-02-13,WH-A,CR-1,1.81172,1.184,0.90319,0.75346,0
2024-02-13,WH-A,CR-2,1.81172,1.184,0.90444,0.75346,0
2024-02-13,WH-A,CR-3,1.81172,1.184,0.85465,0.75346,0
2024-02-13,WH-A,CR-4,1.81172,1.184,0.89913,0.75346,0
2024-02-13,WH-B,CR-1,2.54514,1.15672,0.91812,0.75346,0
2024-02-13,WH-B,CR-2,2.54514,1.15672,0.90641,0.75346,0
2024-02-13,WH-B,CR-3,2.54514,1.15672,0.85033,0.75346,0
2024-02-13,WH-B,CR-4,2.54514,1.15672,0.91155,0.75346,0
2024-02-13,WH-C,CR-1,1.19308,1.14627,0.92978,0.75346,0
2024-02-13,WH-C,CR-2,1.19308,1.14627,0.88434,0.75346,0
2024-02-13,WH-C,CR-3,1.19308,1.14627,0.87513,0.75346,0
2024-02-13,WH-C,CR-4,1.19308,1.14627,0.91719,0.75346,0
2024-02-14,WH-A,CR-1,1.82696,1.13232,0.93228,0.36018,0
2024-02-14,WH-A,CR-2,1.82696,1.13232,0.90318,0.36018,0
2024-02-14,WH-A,CR-3,1.82696,1.13232,0.87622,0.36018,0
2024-02-14,WH-A,CR-4,1.82696,1.13232,0.93489,0.36018,0
2024-02-14,WH-B,CR-1,2.0491,1.05624,0.9204,0.36018,0
2024-02-14,WH-B,CR-2,2.0491,1.05624,0.90698,0.36018,0
2024-02-14,WH-B,CR-3,2.0491,1.05624,0.88846,0.36018,0
2024-02-14,WH-B,CR-4,2.0491,1.05624,0.91834,0.36018,0
2024-02-14,WH-C,CR-1,0.45356,1.01368,0.92352,0.36018,0
2024-02-14,WH-C,CR-2,0.45356,1.01368,0.89682,0.36018,0
2024-02-14,WH-C,CR-3,0.45356,1.01368,0.86862,0.36018,0
2024-02-14,WH-C,CR-4,0.45356,1.01368,0.92398,0.36018,0
2024-02-15,WH-A,CR-1,1.60593,1.08101,0.93562,0.56267,0
2024-02-15,WH-A,CR-2,1.60593,1.08101,0.88144,0.56267,0
2024-02-15,WH-A,CR-3,1.60593,1.08101,0.87455,0.56267,0
2024-02-15,WH-A,CR-4,1.60593,1.08101,0.9211,0.56267,0
2024-02-15,WH-B,CR-1,2.06533,1.27706,0.92241,0.56267,0
2024-02-15,WH-B,CR-2,2.06533,1.27706,0.9246,0.56267,0
2024-02-15,WH-B,CR-3,2.06533,1.27706,0.86717,0.56267,0
2024-02-15,WH-B,CR-4,2.06533,1.27706,0.90455,0.56267,0
2024-02-15,WH-C,CR-1,0.8743,1.0639,0.92085,0.56267,0
2024-02-15,WH-C,CR-2,0.8743,1.0639,0.90464,0.56267,0
2024-02-15,WH-C,CR-3,0.8743,1.0639,0.87654,0.56267,0
2024-02-15,WH-C,CR-4,0.8743,1.0639,0.91241,0.56267,0
2024-02-16,WH-A,CR-1,2.20293,1.19235,0.93652,1.10221,0
2024-02-16,WH-A,CR-2,2.20293,1.19235,0.86759,1.10221,0
2024-02-16,WH-A,CR-3,2.20293,1.19235,0.85635,1.10221,0
2024-02-16,WH-A,CR-4,2.20293,1.19235,0.89976,1.10221,0
2024-02-16,WH-B,CR-1,2.17056,1.10428,0.91817,1.10221,0
2024-02-16,WH-B,CR-2,2.17056,1.10428,0.91275,1.10221,0
2024-02-16,WH-B,CR-3,2.17056,1.10428,0.85812,1.10221,0
2024-02-16,WH-B,CR-4,2.17056,1.10428,0.91513,1.10221,0
2024-02-16,WH-C,CR-1,1.04337,1.15606,0.92023,1.10221,0
2024-02-16,WH-C,CR-2,1.04337,1.15606,0.89554,1.10221,0
2024-02-16,WH-C,CR-3,1.04337,1.15606,0.87414,1.10221,0
2024-02-16,WH-C,CR-4,1.04337,1.15606,0.92993,1.10221,0
2024-02-17,WH-A,CR-1,1.68679,1.06297,0.9375,0.76582,0
2024-02-17,WH-A,CR-2,1.68679,1.06297,0.90661,0.76582,0
2024-02-17,WH-A,CR-3,1.68679,1.06297,0.86875,0.76582,0
2024-02-17,WH-A,CR-4,1.68679,1.06297,0.92685,0.76582,0
2024-02-17,WH-B,CR-1,2.37032,1.16602,0.92969,0.76582,0
2024-02-17,WH-B,CR-2,2.37032,1.16602,0.89195,0.76582,0
2024-02-17,WH-B,CR-3,2.37032,1.16602,0.87025,0.76582,0
2024-02-17,WH-B,CR-4,2.37032,1.16602,0.88105,0.76582,0
2024-02-17,WH-C,CR-1,1.36989,0.77813,0.90553,0.76582,0
2024-02-17,WH-C,CR-2,1.36989,0.77813,0.90164,0.76582,0
2024-02-17,WH-C,CR-3,1.36989,0.77813,0.87195,0.76582,0
2024-02-17,WH-C,CR-4,1.36989,0.77813,0.90227,0.76582,0
2024-02-18,WH-A,CR-1,1.586,1.24943,0.93142,0.47544,0
2024-02-18,WH-A,CR-2,1.586,1.24943,0.90634,0.47544,0
2024-02-18,WH-A,CR-3,1.586,1.24943,0.89084,0.47544,0
2024-02-18,WH-A,CR-4,1.586,1.24943,0.92301,0.47544,0
2024-02-18,WH-B,CR-1,1.97888,1.06122,0.93101,0.47544,0
2024-02-18,WH-B,CR-2,1.97888,1.06122,0.88507,0.47544,0
2024-02-18,WH-B,CR-3,1.97888,1.06122,0.86837,0.47544,0
2024-02-18,WH-B,CR-4,1.97888,1.06122,0.91254,0.47544,0
2024-02-18,WH-C,CR-1,1.77295,1.07277,0.92805,0.47544,0
2024-02-18,WH-C,CR-2,1.77295,1.07277,0.90017,0.47544,0
2024-02-18,WH-C,CR-3,1.77295,1.07277,0.87412,0.47544,0
2024-02-18,WH-C,CR-4,1.77295,1.07277,0.92884,0.47544,0
2024-02-19,WH-A,CR-1,2.0778,1.11701,0.91525,0.43028,0
2024-02-19,WH-A,CR-2,2.0778,1.11701,0.90758,0.43028,0
2024-02-19,WH-A,CR-3,2.0778,1.11701,0.87782,0.43028,0
2024-02-19,WH-A,CR-4,2.0778,1.11701,0.90389,0.43028,0
2024-02-19,WH-B,CR-1,2.15686,1.20885,0.93675,0.43028,0
2024-02-19,WH-B,CR-2,2.15686,1.20885,0.90984,0.43028,0
2024-02-19,WH-B,CR-3,2.15686,1.20885,0.8554,0.43028,0
2024-02-19,WH-B,CR-4,2.15686,1.20885,0.92623,0.43028,0
2024-02-19,WH-C,CR-1,1.60676,1.11138,0.9427,0.43028,0
2024-02-19,WH-C,CR-2,1.60676,1.11138,0.92001,0.43028,0
2024-02-19,WH-C,CR-3,1.60676,1.11138,0.89379,0.43028,0
2024-02-19,WH-C,CR-4,1.60676,1.11138,0.93803,0.43028,0
2024-02-20,WH-A,CR-1,2.28047,1.15969,0.93043,0.61896,0
2024-02-20,WH-A,CR-2,2.28047,1.15969,0.90874,0.61896,0
2024-02-20,WH-A,CR-3,2.28047,1.15969,0.86815,0.61896,0
2024-02-20,WH-A,CR-4,2.28047,1.15969,0.91011,0.61896,0
2024-02-20,WH-B,CR-1,2.04841,1.20071,0.92889,0.61896,0
2024-02-20,WH-B,CR-2,2.04841,1.20071,0.90294,0.61896,0
2024-02-20,WH-B,CR-3,2.04841,1.20071,0.8769,0.61896,0
2024-02-20,WH-B,CR-4,2.04841,1.20071,0.91436,0.61896,0
2024-02-20,WH-C,CR-1,1.8706,1.18031,0.91404,0.61896,0
2024-02-20,WH-C,CR-2,1.8706,1.18031,0.91617,0.61896,0
2024-02-20,WH-C,CR-3,1.8706,1.18031,0.86285,0.61896,0
2024-02-20,WH-C,CR-4,1.8706,1.18031,0.899,0.61896,0
2024-02-21,WH-A,CR-1,2.16331,1.12809,0.92832,0.42435,0
2024-02-21,WH-A,CR-2,2.16331,1.12809,0.9098,0.42435,0
2024-02-21,WH-A,CR-3,2.16331,1.12809,0.87644,0.42435,0
2024-02-21,WH-A,CR-4,2.16331,1.12809,0.92615,0.42435,0
2024-02-21,WH-B,CR-1,2.26765,1.19929,0.90707,0.42435,0
2024-02-21,WH-B,CR-2,2.26765,1.19929,0.89799,0.42435,0
2024-02-21,WH-B,CR-3,2.26765,1.19929,0.8462,0.42435,0
2024-02-21,WH-B,CR-4,2.26765,1.19929,0.92279,0.42435,0
2024-02-21,WH-C,CR-1,1.77701,1.23364,0.94661,0.42435,0
2024-02-21,WH-C,CR-2,1.77701,1.23364,0.9048,0.42435,0
2024-02-21,WH-C,CR-3,1.77701,1.23364,0.86636,0.42435,0
2024-02-21,WH-C,CR-4,1.77701,1.23364,0.92818,0.42435,0
2024-02-22,WH-A,CR-1,2.41524,1.10538,0.94046,0.51179,0
2024-02-22,WH-A,CR-2,2.41524,1.10538,0.90892,0.51179,0
2024-02-22,WH-A,CR-3,2.41524,1.10538,0.85933,0.51179,0
2024-02-22,WH-A,CR-4,2.41524,1.10538,0.93247,0.51179,0
2024-02-22,WH-B,CR-1,2.51241,1.15815,0.92164,0.51179,0
2024-02-22,WH-B,CR-2,2.51241,1.15815,0.89048,0.51179,0
2024-02-22,WH-B,CR-3,2.51241,1.15815,0.86434,0.51179,0
2024-02-22,WH-B,CR-4,2.51241,1.15815,0.9273,0.51179,0
2024-02-22,WH-C,CR-1,1.38452,1.185,0.91589,0.51179,0
2024-02-22,WH-C,CR-2,1.38452,1.185,0.89834,0.51179,0
2024-02-22,WH-C,CR-3,1.38452,1.185,0.8721,0.51179,0
2024-02-22,WH-C,CR-4,1.38452,1.185,0.95013,0.51179,0
2024-02-23,WH-A,CR-1,2.28746,1.18289,0.93441,0.38949,0
2024-02-23,WH-A,CR-2,2.28746,1.18289,0.90833,0.38949,0
2024-02-23,WH-A,CR-3,2.28746,1.18289,0.87114,0.38949,0
2024-02-23,WH-A,CR-4,2.28746,1.18289,0.94044,0.38949,0
2024-02-23,WH-B,CR-1,2.26841,1.24058,0.92526,0.38949,0
2024-02-23,WH-B,CR-2,2.26841,1.24058,0.90227,0.38949,0
2024-02-23,WH-B,CR-3,2.26841,1.24058,0.86013,0.38949,0
2024-02-23,WH-B,CR-4,2.26841,1.24058,0.92845,0.38949,0
2024-02-23,WH-C,CR-1,1.97085,1.14381,0.93063,0.38949,0
2024-02-23,WH-C,CR-2,1.97085,1.14381,0.88961,0.38949,0
2024-02-23,WH-C,CR-3,1.97085,1.14381,0.87024,0.38949,0
2024-02-23,WH-C,CR-4,1.97085,1.14381,0.90388,0.38949,0
2024-02-24,WH-A,CR-1,2.61476,1.29474,0.925,0.44252,0
2024-02-24,WH-A,CR-2,2.61476,1.29474,0.91926,0.44252,0
2024-02-24,WH-A,CR-3,2.61476,1.29474,0.87496,0.44252,0
2024-02-24,WH-A,CR-4,2.61476,1.29474,0.92022,0.44252,0
2024-02-24,WH-B,CR-1,2.42213,1.07495,0.93336,0.44252,0
2024-02-24,WH-B,CR-2,2.42213,1.07495,0.89713,0.44252,0
2024-02-24,WH-B,CR-3,2.42213,1.07495,0.85526,0.44252,0
2024-02-24,WH-B,CR-4,2.42213,1.07495,0.90351,0.44252,0
2024-02-24,WH-C,CR-1,2.07594,1.04786,0.92488,0.44252,0
2024-02-24,WH-C,CR-2,2.07594,1.04786,0.90214,0.44252,0
2024-02-24,WH-C,CR-3,2.07594,1.04786,0.88157,0.44252,0
2024-02-24,WH-C,CR-4,2.07594,1.04786,0.9242,0.44252,0
2024-02-25,WH-A,CR-1,2.54006,1.14789,0.94353,0.632,0
2024-02-25,WH-A,CR-2,2.54006,1.14789,0.91219,0.632,0
2024-02-25,WH-A,CR-3,2.54006,1.14789,0.87599,0.632,0
2024-02-25,WH-A,CR-4,2.54006,1.14789,0.9258,0.632,0
2024-02-25,WH-B,CR-1,2.55364,0.98221,0.93703,0.632,0
2024-02-25,WH-B,CR-2,2.55364,0.98221,0.88235,0.632,0
2024-02-25,WH-B,CR-3,2.55364,0.98221,0.85909,0.632,0
2024-02-25,WH-B,CR-4,2.55364,0.98221,0.93427,0.632,0
2024-02-25,WH-C,CR-1,2.21081,1.18899,0.92536,0.632,0
2024-02-25,WH-C,CR-2,2.21081,1.18899,0.8848,0.632,0
2024-02-25,WH-C,CR-3,2.21081,1.18899,0.86574,0.632,0
2024-02-25,WH-C,CR-4,2.21081,1.18899,0.91985,0.632,0
2024-02-26,WH-A,CR-1,2.19306,1.17816,0.9159,0.67981,0
2024-02-26,WH-A,CR-2,2.19306,1.17816,0.90317,0.67981,0
2024-02-26,WH-A,CR-3,2.19306,1.17816,0.8678,0.67981,0
2024-02-26,WH-A,CR-4,2.19306,1.17816,0.90877,0.67981,0
2024-02-26,WH-B,CR-1,2.37579,1.13527,0.92452,0.67981,0
2024-02-26,WH-B,CR-2,2.37579,1.13527,0.91902,0.67981,0
2024-02-26,WH-B,CR-3,2.37579,1.13527,0.86658,0.67981,0
2024-02-26,WH-B,CR-4,2.37579,1.13527,0.91484,0.67981,0
2024-02-26,WH-C,CR-1,1.27138,1.07846,0.92461,0.67981,0
2024-02-26,WH-C,CR-2,1.27138,1.07846,0.88953,0.67981,0
2024-02-26,WH-C,CR-3,1.27138,1.07846,0.88434,0.67981,0
2024-02-26,WH-C,CR-4,1.27138,1.07846,0.91578,0.67981,0
2024-02-27,WH-A,CR-1,2.10805,1.1429,0.91671,1.29661,0
2024-02-27,WH-A,CR-2,2.10805,1.1429,0.90729,1.29661,0
2024-02-27,WH-A,CR-3,2.10805,1.1429,0.82883,1.29661,0
2024-02-27,WH-A,CR-4,2.10805,1.1429,0.88264,1.29661,0
2024-02-27,WH-B,CR-1,2.15368,1.15116,0.92494,1.29661,0
2024-02-27,WH-B,CR-2,2.15368,1.15116,0.89234,1.29661,0
2024-02-27,WH-B,CR-3,2.15368,1.15116,0.85205,1.29661,0
2024-02-27,WH-B,CR-4,2.15368,1.15116,0.91889,1.29661,0
2024-02-27,WH-C,CR-1,1.7565,1.16472,0.92821,1.29661,0
2024-02-27,WH-C,CR-2,1.7565,1.16472,0.88993,1.29661,0
2024-02-27,WH-C,CR-3,1.7565,1.16472,0.84992,1.29661,0
2024-02-27,WH-C,CR-4,1.7565,1.16472,0.91503,1.29661,0
2024-02-28,WH-A,CR-1,2.55633,0.95393,0.91055,0.69082,0
2024-02-28,WH-A,CR-2,2.55633,0.95393,0.88332,0.69082,0
2024-02-28,WH-A,CR-3,2.55633,0.95393,0.86321,0.69082,0
2024-02-28,WH-A,CR-4,2.55633,0.95393,0.91451,0.69082,0
2024-02-28,WH-B,CR-1,1.67289,1.07119,0.91724,0.69082,0
2024-02-28,WH-B,CR-2,1.67289,1.07119,0.92705,0.69082,0
2024-02-28,WH-B,CR-3,1.67289,1.07119,0.88919,0.69082,0
2024-02-28,WH-B,CR-4,1.67289,1.07119,0.91262,0.69082,0
2024-02-28,WH-C,CR-1,1.58503,1.05806,0.90467,0.69082,0
2024-02-28,WH-C,CR-2,1.58503,1.05806,0.89616,0.69082,0
2024-02-28,WH-C,CR-3,1.58503,1.05806,0.85559,0.69082,0
2024-02-28,WH-C,CR-4,1.58503,1.05806,0.91655,0.69082,0
2024-02-29,WH-A,CR-1,2.3852,1.1793,0.93828,0.37362,0
2024-02-29,WH-A,CR-2,2.3852,1.1793,0.88743,0.37362,0
2024-02-29,WH-A,CR-3,2.3852,1.1793,0.88353,0.37362,0
2024-02-29,WH-A,CR-4,2.3852,1.1793,0.91367,0.37362,0
2024-02-29,WH-B,CR-1,2.11045,1.14915,0.91676,0.37362,0
2024-02-29,WH-B,CR-2,2.11045,1.14915,0.89948,0.37362,0
2024-02-29,WH-B,CR-3,2.11045,1.14915,0.87766,0.37362,0
2024-02-29,WH-B,CR-4,2.11045,1.14915,0.93063,0.37362,0
2024-02-29,WH-C,CR-1,1.5525,1.27254,0.94536,0.37362,0
2024-02-29,WH-C,CR-2,1.5525,1.27254,0.90019,0.37362,0
2024-02-29,WH-C,CR-3,1.5525,1.27254,0.88228,0.37362,0
2024-02-29,WH-C,CR-4,1.5525,1.27254,0.94648,0.37362,0
2024-03-01,WH-A,CR-1,1.89864,1.26879,0.90038,1.49545,0
2024-03-01,WH-A,CR-2,1.89864,1.26879,0.86721,1.49545,0
2024-03-01,WH-A,CR-3,1.89864,1.26879,0.84725,1.49545,0
2024-03-01,WH-A,CR-4,1.89864,1.26879,0.90812,1.49545,0
2024-03-01,WH-B,CR-1,2.1385,1.09795,0.90499,1.49545,0
2024-03-01,WH-B,CR-2,2.1385,1.09795,0.87453,1.49545,0
2024-03-01,WH-B,CR-3,2.1385,1.09795,0.84253,1.49545,0
2024-03-01,WH-B,CR-4,2.1385,1.09795,0.93046,1.49545,0
2024-03-01,WH-C,CR-1,1.6858,1.22094,0.90721,1.49545,0
2024-03-01,WH-C,CR-2,1.6858,1.22094,0.88085,1.49545,0
2024-03-01,WH-C,CR-3,1.6858,1.22094,0.84452,1.49545,0
2024-03-01,WH-C,CR-4,1.6858,1.22094,0.87126,1.49545,0
2024-03-02,WH-A,CR-1,1.12019,0.97437,0.95519,0.03944,0
2024-03-02,WH-A,CR-2,1.12019,0.97437,0.90876,0.03944,0
2024-03-02,WH-A,CR-3,1.12019,0.97437,0.89478,0.03944,0
2024-03-02,WH-A,CR-4,1.12019,0.97437,0.93422,0.03944,0
2024-03-02,WH-B,CR-1,2.46742,0.99793,0.94558,0.03944,0
2024-03-02,WH-B,CR-2,2.46742,0.99793,0.91803,0.03944,0
2024-03-02,WH-B,CR-3,2.46742,0.99793,0.87237,0.03944,0
2024-03-02,WH-B,CR-4,2.46742,0.99793,0.936,0.03944,0
2024-03-02,WH-C,CR-1,1.86743,1.02604,0.92582,0.03944,0
2024-03-02,WH-C,CR-2,1.86743,1.02604,0.89508,0.03944,0
2024-03-02,WH-C,CR-3,1.86743,1.02604,0.88033,0.03944,0
2024-03-02,WH-C,CR-4,1.86743,1.02604,0.93321,0.03944,0
2024-03-03,WH-A,CR-1,1.60223,1.11946,0.95662,0.11145,0
2024-03-03,WH-A,CR-2,1.60223,1.11946,0.92332,0.11145,0
2024-03-03,WH-A,CR-3,1.60223,1.11946,0.86598,0.11145,0
2024-03-03,WH-A,CR-4,1.60223,1.11946,0.9482,0.11145,0
2024-03-03,WH-B,CR-1,2.2224,1.15359,0.93881,0.11145,0
2024-03-03,WH-B,CR-2,2.2224,1.15359,0.90305,0.11145,0
2024-03-03,WH-B,CR-3,2.2224,1.15359,0.8563,0.11145,0
2024-03-03,WH-B,CR-4,2.2224,1.15359,0.92594,0.11145,0
2024-03-03,WH-C,CR-1,1.24247,1.14738,0.9562,0.11145,0
2024-03-03,WH-C,CR-2,1.24247,1.14738,0.89843,0.11145,0
2024-03-03,WH-C,CR-3,1.24247,1.14738,0.88162,0.11145,0
2024-03-03,WH-C,CR-4,1.24247,1.14738,0.91929,0.11145,0
2024-03-04,WH-A,CR-1,1.70327,1.28917,0.93167,0.14118,0
2024-03-04,WH-A,CR-2,1.70327,1.28917,0.91945,0.14118,0
2024-03-04,WH-A,CR-3,1.70327,1.28917,0.87863,0.14118,0
2024-03-04,WH-A,CR-4,1.70327,1.28917,0.93701,0.14118,0
2024-03-04,WH-B,CR-1,2.09336,1.14604,0.93607,0.14118,0
2024-03-04,WH-B,CR-2,2.09336,1.14604,0.89743,0.14118,0
2024-03-04,WH-B,CR-3,2.09336,1.14604,0.8854,0.14118,0
2024-03-04,WH-B,CR-4,2.09336,1.14604,0.93526,0.14118,0
2024-03-04,WH-C,CR-1,1.59066,1.27296,0.95485,0.14118,0
2024-03-04,WH-C,CR-2,1.59066,1.27296,0.90296,0.14118,0
2024-03-04,WH-C,CR-3,1.59066,1.27296,0.88194,0.14118,0
2024-03-04,WH-C,CR-4,1.59066,1.27296,0.91998,0.14118,0
2024-03-05,WH-A,CR-1,2.35032,1.1791,0.93179,0.31101,0
2024-03-05,WH-A,CR-2,2.35032,1.1791,0.91873,0.31101,0
2024-03-05,WH-A,CR-3,2.35032,1.1791,0.84835,0.31101,0
2024-03-05,WH-A,CR-4,2.35032,1.1791,0.90023,0.31101,0
2024-03-05,WH-B,CR-1,2.4454,1.15484,0.93741,0.31101,0
2024-03-05,WH-B,CR-2,2.4454,1.15484,0.88849,0.31101,0
2024-03-05,WH-B,CR-3,2.4454,1.15484,0.87412,0.31101,0
2024-03-05,WH-B,CR-4,2.4454,1.15484,0.94844,0.31101,0
2024-03-05,WH-C,CR-1,1.89857,1.16358,0.92913,0.31101,0
2024-03-05,WH-C,CR-2,1.89857,1.16358,0.89967,0.31101,0
2024-03-05,WH-C,CR-3,1.89857,1.16358,0.84885,0.31101,0
2024-03-05,WH-C,CR-4,1.89857,1.16358,0.92749,0.31101,0
2024-03-06,WH-A,CR-1,1.97322,1.0574,0.91634,0.67063,0
2024-03-06,WH-A,CR-2,1.97322,1.0574,0.89857,0.67063,0
2024-03-06,WH-A,CR-3,1.97322,1.0574,0.84292,0.67063,0
2024-03-06,WH-A,CR-4,1.97322,1.0574,0.9253,0.67063,0
2024-03-06,WH-B,CR-1,2.66036,1.12991,0.89816,0.67063,0
2024-03-06,WH-B,CR-2,2.66036,1.12991,0.88597,0.67063,0
2024-03-06,WH-B,CR-3,2.66036,1.12991,0.88272,0.67063,0
2024-03-06,WH-B,CR-4,2.66036,1.12991,0.88459,0.67063,0
2024-03-06,WH-C,CR-1,1.68944,1.0556,0.93758,0.67063,0
2024-03-06,WH-C,CR-2,1.68944,1.0556,0.88983,0.67063,0
2024-03-06,WH-C,CR-3,1.68944,1.0556,0.87278,0.67063,0
2024-03-06,WH-C,CR-4,1.68944,1.0556,0.92471,0.67063,0
2024-03-07,WH-A,CR-1,2.09201,1.0312,0.92942,1.38121,0
2024-03-07,WH-A,CR-2,2.09201,1.0312,0.87601,1.38121,0
2024-03-07,WH-A,CR-3,2.09201,1.0312,0.84841,1.38121,0
2024-03-07,WH-A,CR-4,2.09201,1.0312,0.90487,1.38121,0
2024-03-07,WH-B,CR-1,1.99003,1.1683,0.92675,1.38121,0
2024-03-07,WH-B,CR-2,1.99003,1.1683,0.88865,1.38121,0
2024-03-07,WH-B,CR-3,1.99003,1.1683,0.83607,1.38121,0
2024-03-07,WH-B,CR-4,1.99003,1.1683,0.90365,1.38121,0
2024-03-07,WH-C,CR-1,1.93565,0.99976,0.90224,1.38121,0
2024-03-07,WH-C,CR-2,1.93565,0.99976,0.89566,1.38121,0
2024-03-07,WH-C,CR-3,1.93565,0.99976,0.85838,1.38121,0
2024-03-07,WH-C,CR-4,1.93565,0.99976,0.91008,1.38121,0
2024-03-08,WH-A,CR-1,2.26864,1.35,0.9122,1.40215,0
2024-03-08,WH-A,CR-2,2.26864,1.35,0.87519,1.40215,0
2024-03-08,WH-A,CR-3,2.26864,1.35,0.85989,1.40215,0
2024-03-08,WH-A,CR-4,2.26864,1.35,0.91003,1.40215,0
2024-03-08,WH-B,CR-1,1.91774,1.06741,0.94248,1.40215,0
2024-03-08,WH-B,CR-2,1.91774,1.06741,0.88868,1.40215,0
2024-03-08,WH-B,CR-3,1.91774,1.06741,0.84597,1.40215,0
2024-03-08,WH-B,CR-4,1.91774,1.06741,0.91575,1.40215,0
2024-03-08,WH-C,CR-1,1.79854,1.12977,0.92151,1.40215,0
2024-03-08,WH-C,CR-2,1.79854,1.12977,0.86926,1.40215,0
2024-03-08,WH-C,CR-3,1.79854,1.12977,0.85899,1.40215,0
2024-03-08,WH-C,CR-4,1.79854,1.12977,0.92772,1.40215,0
2024-03-09,WH-A,CR-1,1.97644,1.03717,0.92828,0.48199,0
2024-03-09,WH-A,CR-2,1.97644,1.03717,0.89679,0.48199,0
2024-03-09,WH-A,CR-3,1.97644,1.03717,0.88232,0.48199,0
2024-03-09,WH-A,CR-4,1.97644,1.03717,0.90053,0.48199,0
2024-03-09,WH-B,CR-1,2.35755,1.03963,0.93585,0.48199,0
2024-03-09,WH-B,CR-2,2.35755,1.03963,0.8878,0.48199,0
2024-03-09,WH-B,CR-3,2.35755,1.03963,0.88727,0.48199,0
2024-03-09,WH-B,CR-4,2.35755,1.03963,0.93627,0.48199,0
2024-03-09,WH-C,CR-1,2.08422,0.94882,0.94127,0.48199,0
2024-03-09,WH-C,CR-2,2.08422,0.94882,0.90618,0.48199,0
2024-03-09,WH-C,CR-3,2.08422,0.94882,0.85206,0.48199,0
2024-03-09,WH-C,CR-4,2.08422,0.94882,0.92103,0.48199,0
2024-03-10,WH-A,CR-1,2.02675,1.0933,0.94979,0.43829,0
2024-03-10,WH-A,CR-2,2.02675,1.0933,0.91682,0.43829,0
2024-03-10,WH-A,CR-3,2.02675,1.0933,0.83771,0.43829,0
2024-03-10,WH-A,CR-4,2.02675,1.0933,0.9183,0.43829,0
2024-03-10,WH-B,CR-1,2.2848,0.92983,0.93324,0.43829,0
2024-03-10,WH-B,CR-2,2.2848,0.92983,0.9171,0.43829,0
2024-03-10,WH-B,CR-3,2.2848,0.92983,0.85907,0.43829,0
2024-03-10,WH-B,CR-4,2.2848,0.92983,0.92615,0.43829,0
2024-03-10,WH-C,CR-1,1.61423,1.01625,0.94984,0.43829,0
2024-03-10,WH-C,CR-2,1.61423,1.01625,0.8956,0.43829,0
2024-03-10,WH-C,CR-3,1.61423,1.01625,0.87766,0.43829,0
2024-03-10,WH-C,CR-4,1.61423,1.01625,0.89966,0.43829,0
2024-03-11,WH-A,CR-1,1.93422,1.19604,0.8978,1.4047,0
2024-03-11,WH-A,CR-2,1.93422,1.19604,0.89891,1.4047,0
2024-03-11,WH-A,CR-3,1.93422,1.19604,0.85083,1.4047,0
2024-03-11,WH-A,CR-4,1.93422,1.19604,0.90227,1.4047,0
2024-03-11,WH-B,CR-1,2.12374,1.10355,0.92305,1.4047,0
2024-03-11,WH-B,CR-2,2.12374,1.10355,0.88779,1.4047,0
2024-03-11,WH-B,CR-3,2.12374,1.10355,0.86254,1.4047,0
2024-03-11,WH-B,CR-4,2.12374,1.10355,0.90461,1.4047,0
2024-03-11,WH-C,CR-1,1.80957,1.11649,0.94147,1.4047,0
2024-03-11,WH-C,CR-2,1.80957,1.11649,0.8659,1.4047,0
2024-03-11,WH-C,CR-3,1.80957,1.11649,0.86985,1.4047,0
2024-03-11,WH-C,CR-4,1.80957,1.11649,0.92113,1.4047,0
2024-03-12,WH-A,CR-1,2.28701,1.22769,0.9385,0.10178,0
2024-03-12,WH-A,CR-2,2.28701,1.22769,0.90556,0.10178,0
2024-03-12,WH-A,CR-3,2.28701,1.22769,0.87566,0.10178,0
2024-03-12,WH-A,CR-4,2.28701,1.22769,0.93285,0.10178,0
2024-03-12,WH-B,CR-1,2.6822,1.16451,0.92723,0.10178,0
2024-03-12,WH-B,CR-2,2.6822,1.16451,0.91806,0.10178,0
2024-03-12,WH-B,CR-3,2.6822,1.16451,0.88922,0.10178,0
2024-03-12,WH-B,CR-4,2.6822,1.16451,0.93602,0.10178,0
2024-03-12,WH-C,CR-1,2.01849,1.12833,0.92702,0.10178,0
2024-03-12,WH-C,CR-2,2.01849,1.12833,0.89775,0.10178,0
2024-03-12,WH-C,CR-3,2.01849,1.12833,0.85854,0.10178,0
2024-03-12,WH-C,CR-4,2.01849,1.12833,0.93101,0.10178,0
2024-03-13,WH-A,CR-1,1.13405,1.05021,0.94847,0.27695,0
2024-03-13,WH-A,CR-2,1.13405,1.05021,0.89704,0.27695,0
2024-03-13,WH-A,CR-3,1.13405,1.05021,0.87934,0.27695,0
2024-03-13,WH-A,CR-4,1.13405,1.05021,0.90833,0.27695,0
2024-03-13,WH-B,CR-1,3.05894,1.13848,0.9385,0.27695,0
2024-03-13,WH-B,CR-2,3.05894,1.13848,0.93292,0.27695,0
2024-03-13,WH-B,CR-3,3.05894,1.13848,0.89321,0.27695,0
2024-03-13,WH-B,CR-4,3.05894,1.13848,0.92134,0.27695,0
2024-03-13,WH-C,CR-1,1.68636,1.12396,0.94113,0.27695,0
2024-03-13,WH-C,CR-2,1.68636,1.12396,0.90375,0.27695,0
2024-03-13,WH-C,CR-3,1.68636,1.12396,0.87027,0.27695,0
2024-03-13,WH-C,CR-4,1.68636,1.12396,0.94262,0.27695,0
2024-03-14,WH-A,CR-1,1.45144,1.29283,0.93947,0.26762,0
2024-03-14,WH-A,CR-2,1.45144,1.29283,0.91674,0.26762,0
2024-03-14,WH-A,CR-3,1.45144,1.29283,0.86649,0.26762,0
2024-03-14,WH-A,CR-4,1.45144,1.29283,0.91494,0.26762,0
2024-03-14,WH-B,CR-1,2.96175,1.22908,0.93567,0.26762,0
2024-03-14,WH-B,CR-2,2.96175,1.22908,0.88975,0.26762,0
2024-03-14,WH-B,CR-3,2.96175,1.22908,0.85886,0.26762,0
2024-03-14,WH-B,CR-4,2.96175,1.22908,0.90806,0.26762,0
2024-03-14,WH-C,CR-1,1.06001,1.15876,0.94868,0.26762,0
2024-03-14,WH-C,CR-2,1.06001,1.15876,0.90502,0.26762,0
2024-03-14,WH-C,CR-3,1.06001,1.15876,0.84806,0.26762,0
2024-03-14,WH-C,CR-4,1.06001,1.15876,0.92289,0.26762,0
2024-03-15,WH-A,CR-1,1.11654,1.11875,0.95591,0.25332,0
2024-03-15,WH-A,CR-2,1.11654,1.11875,0.91084,0.25332,0
2024-03-15,WH-A,CR-3,1.11654,1.11875,0.8822,0.25332,0
2024-03-15,WH-A,CR-4,1.11654,1.11875,0.92682,0.25332,0
2024-03-15,WH-B,CR-1,2.85372,1.21221,0.92573,0.25332,0
2024-03-15,WH-B,CR-2,2.85372,1.21221,0.91598,0.25332,0
2024-03-15,WH-B,CR-3,2.85372,1.21221,0.85896,0.25332,0
2024-03-15,WH-B,CR-4,2.85372,1.21221,0.92938,0.25332,0
2024-03-15,WH-C,CR-1,1.33467,1.1007,0.93517,0.25332,0
2024-03-15,WH-C,CR-2,1.33467,1.1007,0.89797,0.25332,0
2024-03-15,WH-C,CR-3,1.33467,1.1007,0.86258,0.25332,0
2024-03-15,WH-C,CR-4,1.33467,1.1007,0.9212,0.25332,0
2024-03-16,WH-A,CR-1,1.00684,1.12696,0.92461,0.06707,0
2024-03-16,WH-A,CR-2,1.00684,1.12696,0.902,0.06707,0
2024-03-16,WH-A,CR-3,1.00684,1.12696,0.8713,0.06707,0
2024-03-16,WH-A,CR-4,1.00684,1.12696,0.94469,0.06707,0
2024-03-16,WH-B,CR-1,2.78414,1.05306,0.94478,0.06707,0
2024-03-16,WH-B,CR-2,2.78414,1.05306,0.88351,0.06707,0
2024-03-16,WH-B,CR-3,2.78414,1.05306,0.87828,0.06707,0
2024-03-16,WH-B,CR-4,2.78414,1.05306,0.95276,0.06707,0
2024-03-16,WH-C,CR-1,1.49747,1.07543,0.94537,0.06707,0
2024-03-16,WH-C,CR-2,1.49747,1.07543,0.91954,0.06707,0
2024-03-16,WH-C,CR-3,1.49747,1.07543,0.85482,0.06707,0
2024-03-16,WH-C,CR-4,1.49747,1.07543,0.9086,0.06707,0
2024-03-17,WH-A,CR-1,1.79776,1.04479,0.91,0.37714,0
2024-03-17,WH-A,CR-2,1.79776,1.04479,0.888,0.37714,0
2024-03-17,WH-A,CR-3,1.79776,1.04479,0.84022,0.37714,0
2024-03-17,WH-A,CR-4,1.79776,1.04479,0.9204,0.37714,0
2024-03-17,WH-B,CR-1,2.55786,1.03604,0.94616,0.37714,0
2024-03-17,WH-B,CR-2,2.55786,1.03604,0.91759,0.37714,0
2024-03-17,WH-B,CR-3,2.55786,1.03604,0.87117,0.37714,0
2024-03-17,WH-B,CR-4,2.55786,1.03604,0.8976,0.37714,0
2024-03-17,WH-C,CR-1,1.77351,1.11443,0.93692,0.37714,0
2024-03-17,WH-C,CR-2,1.77351,1.11443,0.91499,0.37714,0
2024-03-17,WH-C,CR-3,1.77351,1.11443,0.85923,0.37714,0
2024-03-17,WH-C,CR-4,1.77351,1.11443,0.94732,0.37714,0
2024-03-18,WH-A,CR-1,1.26254,1.07558,0.95665,0.08582,0
2024-03-18,WH-A,CR-2,1.26254,1.07558,0.90532,0.08582,0
2024-03-18,WH-A,CR-3,1.26254,1.07558,0.88853,0.08582,0
2024-03-18,WH-A,CR-4,1.26254,1.07558,0.9313,0.08582,0
2024-03-18,WH-B,CR-1,2.44044,1.25911,0.93562,0.08582,0
2024-03-18,WH-B,CR-2,2.44044,1.25911,0.88709,0.08582,0
2024-03-18,WH-B,CR-3,2.44044,1.25911,0.86882,0.08582,0
2024-03-18,WH-B,CR-4,2.44044,1.25911,0.93507,0.08582,0
2024-03-18,WH-C,CR-1,1.87578,1.02464,0.92976,0.08582,0
2024-03-18,WH-C,CR-2,1.87578,1.02464,0.90147,0.08582,0
2024-03-18,WH-C,CR-3,1.87578,1.02464,0.87407,0.08582,0
2024-03-18,WH-C,CR-4,1.87578,1.02464,0.91194,0.08582,0
2024-03-19,WH-A,CR-1,1.77567,1.21473,0.93571,0.1412,0
2024-03-19,WH-A,CR-2,1.77567,1.21473,0.90275,0.1412,0
2024-03-19,WH-A,CR-3,1.77567,1.21473,0.87914,0.1412,0
2024-03-19,WH-A,CR-4,1.77567,1.21473,0.91766,0.1412,0
2024-03-19,WH-B,CR-1,1.99988,1.07478,0.92984,0.1412,0
2024-03-19,WH-B,CR-2,1.99988,1.07478,0.8935,0.1412,0
2024-03-19,WH-B,CR-3,1.99988,1.07478,0.8794,0.1412,0
2024-03-19,WH-B,CR-4,1.99988,1.07478,0.93621,0.1412,0
2024-03-19,WH-C,CR-1,1.24876,1.15201,0.93482,0.1412,0
2024-03-19,WH-C,CR-2,1.24876,1.15201,0.91156,0.1412,0
2024-03-19,WH-C,CR-3,1.24876,1.15201,0.8773,0.1412,0
2024-03-19,WH-C,CR-4,1.24876,1.15201,0.91002,0.1412,0
2024-03-20,WH-A,CR-1,2.19964,0.97287,0.94325,0.04992,0
2024-03-20,WH-A,CR-2,2.19964,0.97287,0.92338,0.04992,0
2024-03-20,WH-A,CR-3,2.19964,0.97287,0.87727,0.04992,0
2024-03-20,WH-A,CR-4,2.19964,0.97287,0.9357,0.04992,0
2024-03-20,WH-B,CR-1,1.86922,1.14045,0.91965,0.04992,0
2024-03-20,WH-B,CR-2,1.86922,1.14045,0.88097,0.04992,0
2024-03-20,WH-B,CR-3,1.86922,1.14045,0.89041,0.04992,0
2024-03-20,WH-B,CR-4,1.86922,1.14045,0.91728,0.04992,0
2024-03-20,WH-C,CR-1,1.23763,1.03908,0.92218,0.04992,0
2024-03-20,WH-C,CR-2,1.23763,1.03908,0.90702,0.04992,0
2024-03-20,WH-C,CR-3,1.23763,1.03908,0.87035,0.04992,0
2024-03-20,WH-C,CR-4,1.23763,1.03908,0.93364,0.04992,0
2024-03-21,WH-A,CR-1,2.19901,1.27622,0.91862,0.47597,0
2024-03-21,WH-A,CR-2,2.19901,1.27622,0.90077,0.47597,0
2024-03-21,WH-A,CR-3,2.19901,1.27622,0.88502,0.47597,0
2024-03-21,WH-A,CR-4,2.19901,1.27622,0.93661,0.47597,0
2024-03-21,WH-B,CR-1,1.53311,1.12501,0.94773,0.47597,0
2024-03-21,WH-B,CR-2,1.53311,1.12501,0.90753,0.47597,0
2024-03-21,WH-B,CR-3,1.53311,1.12501,0.87378,0.47597,0
2024-03-21,WH-B,CR-4,1.53311,1.12501,0.91882,0.47597,0
2024-03-21,WH-C,CR-1,1.25587,1.17306,0.9284,0.47597,0
2024-03-21,WH-C,CR-2,1.25587,1.17306,0.90092,0.47597,0
2024-03-21,WH-C,CR-3,1.25587,1.17306,0.87238,0.47597,0
2024-03-21,WH-C,CR-4,1.25587,1.17306,0.9133,0.47597,0
2024-03-22,WH-A,CR-1,1.49347,1.17592,0.92166,0.51185,0
2024-03-22,WH-A,CR-2,1.49347,1.17592,0.90772,0.51185,0
2024-03-22,WH-A,CR-3,1.49347,1.17592,0.87135,0.51185,0
2024-03-22,WH-A,CR-4,1.49347,1.17592,0.92993,0.51185,0
2024-03-22,WH-B,CR-1,2.22401,1.16539,0.94437,0.51185,0
2024-03-22,WH-B,CR-2,2.22401,1.16539,0.87266,0.51185,0
2024-03-22,WH-B,CR-3,2.22401,1.16539,0.88987,0.51185,0
2024-03-22,WH-B,CR-4,2.22401,1.16539,0.92529,0.51185,0
2024-03-22,WH-C,CR-1,1.77962,1.05241,0.92082,0.51185,0
2024-03-22,WH-C,CR-2,1.77962,1.05241,0.90254,0.51185,0
2024-03-22,WH-C,CR-3,1.77962,1.05241,0.87058,0.51185,0
2024-03-22,WH-C,CR-4,1.77962,1.05241,0.92418,0.51185,0
2024-03-23,WH-A,CR-1,1.99794,1.07066,0.92294,0.81169,0
2024-03-23,WH-A,CR-2,1.99794,1.07066,0.87774,0.81169,0
2024-03-23,WH-A,CR-3,1.99794,1.07066,0.87143,0.81169,0
2024-03-23,WH-A,CR-4,1.99794,1.07066,0.88642,0.81169,0
2024-03-23,WH-B,CR-1,2.4889,0.95063,0.92603,0.81169,0
2024-03-23,WH-B,CR-2,2.4889,0.95063,0.89396,0.81169,0
2024-03-23,WH-B,CR-3,2.4889,0.95063,0.87942,0.81169,0
2024-03-23,WH-B,CR-4,2.4889,0.95063,0.91325,0.81169,0
2024-03-23,WH-C,CR-1,1.50015,1.02947,0.94066,0.81169,0
2024-03-23,WH-C,CR-2,1.50015,1.02947,0.90183,0.81169,0
2024-03-23,WH-C,CR-3,1.50015,1.02947,0.86076,0.81169,0
2024-03-23,WH-C,CR-4,1.50015,1.02947,0.91255,0.81169,0
2024-03-24,WH-A,CR-1,1.36934,1.13014,0.94108,0.02564,0
2024-03-24,WH-A,CR-2,1.36934,1.13014,0.93818,0.02564,0
2024-03-24,WH-A,CR-3,1.36934,1.13014,0.86634,0.02564,0
2024-03-24,WH-A,CR-4,1.36934,1.13014,0.92831,0.02564,0
2024-03-24,WH-B,CR-1,3.06379,1.16531,0.93118,0.02564,0
2024-03-24,WH-B,CR-2,3.06379,1.16531,0.91223,0.02564,0
2024-03-24,WH-B,CR-3,3.06379,1.16531,0.87956,0.02564,0
2024-03-24,WH-B,CR-4,3.06379,1.16531,0.93292,0.02564,0
2024-03-24,WH-C,CR-1,1.31717,1.06285,0.92036,0.02564,0
2024-03-24,WH-C,CR-2,1.31717,1.06285,0.91116,0.02564,0
2024-03-24,WH-C,CR-3,1.31717,1.06285,0.88494,0.02564,0
2024-03-24,WH-C,CR-4,1.31717,1.06285,0.92681,0.02564,0
2024-03-25,WH-A,CR-1,1.70449,1.09192,0.93622,0.02275,0
2024-03-25,WH-A,CR-2,1.70449,1.09192,0.89158,0.02275,0
2024-03-25,WH-A,CR-3,1.70449,1.09192,0.86729,0.02275,0
2024-03-25,WH-A,CR-4,1.70449,1.09192,0.92314,0.02275,0
2024-03-25,WH-B,CR-1,3.23825,1.09884,0.94727,0.02275,0
2024-03-25,WH-B,CR-2,3.23825,1.09884,0.90313,0.02275,0
2024-03-25,WH-B,CR-3,3.23825,1.09884,0.88257,0.02275,0
2024-03-25,WH-B,CR-4,3.23825,1.09884,0.92789,0.02275,0
2024-03-25,WH-C,CR-1,1.74857,1.10722,0.92072,0.02275,0
2024-03-25,WH-C,CR-2,1.74857,1.10722,0.89301,0.02275,0
2024-03-25,WH-C,CR-3,1.74857,1.10722,0.87321,0.02275,0
2024-03-25,WH-C,CR-4,1.74857,1.10722,0.9146,0.02275,0
2024-03-26,WH-A,CR-1,2.62606,1.01098,0.93421,0.45759,0
2024-03-26,WH-A,CR-2,2.62606,1.01098,0.88823,0.45759,0
2024-03-26,WH-A,CR-3,2.62606,1.01098,0.86584,0.45759,0
2024-03-26,WH-A,CR-4,2.62606,1.01098,0.92346,0.45759,0
2024-03-26,WH-B,CR-1,2.10801,1.16895,0.9546,0.45759,0
2024-03-26,WH-B,CR-2,2.10801,1.16895,0.89632,0.45759,0
2024-03-26,WH-B,CR-3,2.10801,1.16895,0.87488,0.45759,0
2024-03-26,WH-B,CR-4,2.10801,1.16895,0.93406,0.45759,0
2024-03-26,WH-C,CR-1,1.66622,1.10352,0.90445,0.45759,0
2024-03-26,WH-C,CR-2,1.66622,1.10352,0.90946,0.45759,0
2024-03-26,WH-C,CR-3,1.66622,1.10352,0.87041,0.45759,0
2024-03-26,WH-C,CR-4,1.66622,1.10352,0.90961,0.45759,0
2024-03-27,WH-A,CR-1,2.20918,1.1985,0.9177,0.34648,0
2024-03-27,WH-A,CR-2,2.20918,1.1985,0.91633,0.34648,0
2024-03-27,WH-A,CR-3,2.20918,1.1985,0.85699,0.34648,0
2024-03-27,WH-A,CR-4,2.20918,1.1985,0.91581,0.34648,0
2024-03-27,WH-B,CR-1,2.86043,1.24019,0.93493,0.34648,0
2024-03-27,WH-B,CR-2,2.86043,1.24019,0.89248,0.34648,0
2024-03-27,WH-B,CR-3,2.86043,1.24019,0.86741,0.34648,0
2024-03-27,WH-B,CR-4,2.86043,1.24019,0.92464,0.34648,0
2024-03-27,WH-C,CR-1,1.68336,1.14273,0.93339,0.34648,0
2024-03-27,WH-C,CR-2,1.68336,1.14273,0.90119,0.34648,0
2024-03-27,WH-C,CR-3,1.68336,1.14273,0.85646,0.34648,0
2024-03-27,WH-C,CR-4,1.68336,1.14273,0.91757,0.34648,0
2024-03-28,WH-A,CR-1,2.05694,1.08442,0.92856,0.7096,0
2024-03-28,WH-A,CR-2,2.05694,1.08442,0.89256,0.7096,0
2024-03-28,WH-A,CR-3,2.05694,1.08442,0.88496,0.7096,0
2024-03-28,WH-A,CR-4,2.05694,1.08442,0.92331,0.7096,0
2024-03-28,WH-B,CR-1,2.21747,1.2037,0.91793,0.7096,0
2024-03-28,WH-B,CR-2,2.21747,1.2037,0.8903,0.7096,0
2024-03-28,WH-B,CR-3,2.21747,1.2037,0.87099,0.7096,0
2024-03-28,WH-B,CR-4,2.21747,1.2037,0.91133,0.7096,0
2024-03-28,WH-C,CR-1,1.994,1.08804,0.9198,0.7096,0
2024-03-28,WH-C,CR-2,1.994,1.08804,0.88935,0.7096,0
2024-03-28,WH-C,CR-3,1.994,1.08804,0.86044,0.7096,0
2024-03-28,WH-C,CR-4,1.994,1.08804,0.93042,0.7096,0
2024-03-29,WH-A,CR-1,2.8181,1.06754,0.9308,0.55781,0
2024-03-29,WH-A,CR-2,2.8181,1.06754,0.88585,0.55781,0
2024-03-29,WH-A,CR-3,2.8181,1.06754,0.86063,0.55781,0
2024-03-29,WH-A,CR-4,2.8181,1.06754,0.9124,0.55781,0
2024-03-29,WH-B,CR-1,1.88876,1.06585,0.92823,0.55781,0
2024-03-29,WH-B,CR-2,1.88876,1.06585,0.88536,0.55781,0
2024-03-29,WH-B,CR-3,1.88876,1.06585,0.88007,0.55781,0
2024-03-29,WH-B,CR-4,1.88876,1.06585,0.90895,0.55781,0
2024-03-29,WH-C,CR-1,2.86686,1.11389,0.93082,0.55781,0
2024-03-29,WH-C,CR-2,2.86686,1.11389,0.88442,0.55781,0
2024-03-29,WH-C,CR-3,2.86686,1.11389,0.89043,0.55781,0
2024-03-29,WH-C,CR-4,2.86686,1.11389,0.93339,0.55781,0
2024-03-30,WH-A,CR-1,2.59297,0.98029,0.95016,0.41073,0
2024-03-30,WH-A,CR-2,2.59297,0.98029,0.91232,0.41073,0
2024-03-30,WH-A,CR-3,2.59297,0.98029,0.87375,0.41073,0
2024-03-30,WH-A,CR-4,2.59297,0.98029,0.89337,0.41073,0
2024-03-30,WH-B,CR-1,1.70097,1.12502,0.94716,0.41073,0
2024-03-30,WH-B,CR-2,1.70097,1.12502,0.91592,0.41073,0
2024-03-30,WH-B,CR-3,1.70097,1.12502,0.8535,0.41073,0
2024-03-30,WH-B,CR-4,1.70097,1.12502,0.92623,0.41073,0
2024-03-30,WH-C,CR-1,2.80636,0.93733,0.93251,0.41073,0
2024-03-30,WH-C,CR-2,2.80636,0.93733,0.90589,0.41073,0
2024-03-30,WH-C,CR-3,2.80636,0.93733,0.869,0.41073,0
2024-03-30,WH-C,CR-4,2.80636,0.93733,0.90038,0.41073,0
2024-03-31,WH-A,CR-1,2.3211,1.02492,0.93092,0.20911,0
2024-03-31,WH-A,CR-2,2.3211,1.02492,0.90576,0.20911,0
2024-03-31,WH-A,CR-3,2.3211,1.02492,0.88155,0.20911,0
2024-03-31,WH-A,CR-4,2.3211,1.02492,0.92258,0.20911,0
2024-03-31,WH-B,CR-1,1.77975,1.07739,0.91319,0.20911,0
2024-03-31,WH-B,CR-2,1.77975,1.07739,0.91196,0.20911,0
2024-03-31,WH-B,CR-3,1.77975,1.07739,0.87623,0.20911,0
2024-03-31,WH-B,CR-4,1.77975,1.07739,0.92671,0.20911,0
2024-03-31,WH-C,CR-1,2.74789,0.91377,0.91255,0.20911,0
2024-03-31,WH-C,CR-2,2.74789,0.91377,0.90952,0.20911,0
2024-03-31,WH-C,CR-3,2.74789,0.91377,0.87615,0.20911,0
2024-03-31,WH-C,CR-4,2.74789,0.91377,0.92828,0.20911,0
2024-04-01,WH-A,CR-1,2.52263,1.18872,0.9337,0.1763,0
2024-04-01,WH-A,CR-2,2.52263,1.18872,0.88153,0.1763,0
2024-04-01,WH-A,CR-3,2.52263,1.18872,0.88606,0.1763,0
2024-04-01,WH-A,CR-4,2.52263,1.18872,0.94149,0.1763,0
2024-04-01,WH-B,CR-1,2.19993,1.07963,0.94491,0.1763,0
2024-04-01,WH-B,CR-2,2.19993,1.07963,0.91715,0.1763,0
2024-04-01,WH-B,CR-3,2.19993,1.07963,0.89553,0.1763,0
2024-04-01,WH-B,CR-4,2.19993,1.07963,0.91631,0.1763,0
2024-04-01,WH-C,CR-1,2.29436,1.20978,0.93752,0.1763,0
2024-04-01,WH-C,CR-2,2.29436,1.20978,0.89342,0.1763,0
2024-04-01,WH-C,CR-3,2.29436,1.20978,0.8818,0.1763,0
2024-04-01,WH-C,CR-4,2.29436,1.20978,0.93377,0.1763,0
2024-04-02,WH-A,CR-1,2.23662,1.26826,0.9232,0.33291,0
2024-04-02,WH-A,CR-2,2.23662,1.26826,0.89696,0.33291,0
2024-04-02,WH-A,CR-3,2.23662,1.26826,0.87414,0.33291,0
2024-04-02,WH-A,CR-4,2.23662,1.26826,0.93456,0.33291,0
2024-04-02,WH-B,CR-1,1.72332,1.04518,0.90955,0.33291,0
2024-04-02,WH-B,CR-2,1.72332,1.04518,0.9044,0.33291,0
2024-04-02,WH-B,CR-3,1.72332,1.04518,0.86059,0.33291,0
2024-04-02,WH-B,CR-4,1.72332,1.04518,0.91939,0.33291,0
2024-04-02,WH-C,CR-1,2.31027,1.09868,0.93678,0.33291,0
2024-04-02,WH-C,CR-2,2.31027,1.09868,0.90042,0.33291,0
2024-04-02,WH-C,CR-3,2.31027,1.09868,0.88207,0.33291,0
2024-04-02,WH-C,CR-4,2.31027,1.09868,0.92971,0.33291,0
2024-04-03,WH-A,CR-1,2.50649,1.18147,0.92091,0.12912,0
2024-04-03,WH-A,CR-2,2.50649,1.18147,0.91554,0.12912,0
2024-04-03,WH-A,CR-3,2.50649,1.18147,0.86466,0.12912,0
2024-04-03,WH-A,CR-4,2.50649,1.18147,0.94463,0.12912,0
2024-04-03,WH-B,CR-1,2.29597,1.17319,0.93956,0.12912,0
2024-04-03,WH-B,CR-2,2.29597,1.17319,0.90517,0.12912,0
2024-04-03,WH-B,CR-3,2.29597,1.17319,0.88582,0.12912,0
2024-04-03,WH-B,CR-4,2.29597,1.17319,0.92323,0.12912,0
2024-04-03,WH-C,CR-1,2.1715,1.21975,0.93093,0.12912,0
2024-04-03,WH-C,CR-2,2.1715,1.21975,0.90028,0.12912,0
2024-04-03,WH-C,CR-3,2.1715,1.21975,0.86334,0.12912,0
2024-04-03,WH-C,CR-4,2.1715,1.21975,0.9149,0.12912,0
2024-04-04,WH-A,CR-1,2.94961,1.26403,0.92026,0.01249,0
2024-04-04,WH-A,CR-2,2.94961,1.26403,0.91847,0.01249,0
2024-04-04,WH-A,CR-3,2.94961,1.26403,0.89684,0.01249,0
2024-04-04,WH-A,CR-4,2.94961,1.26403,0.92429,0.01249,0
2024-04-04,WH-B,CR-1,2.34516,0.98937,0.94298,0.01249,0
2024-04-04,WH-B,CR-2,2.34516,0.98937,0.89701,0.01249,0
2024-04-04,WH-B,CR-3,2.34516,0.98937,0.88217,0.01249,0
2024-04-04,WH-B,CR-4,2.34516,0.98937,0.91104,0.01249,0
2024-04-04,WH-C,CR-1,2.18875,1.23196,0.93038,0.01249,0
2024-04-04,WH-C,CR-2,2.18875,1.23196,0.89613,0.01249,0
2024-04-04,WH-C,CR-3,2.18875,1.23196,0.8539,0.01249,0
2024-04-04,WH-C,CR-4,2.18875,1.23196,0.92658,0.01249,0
2024-04-05,WH-A,CR-1,2.76294,1.114,0.92438,0.15055,0
2024-04-05,WH-A,CR-2,2.76294,1.114,0.90064,0.15055,0
2024-04-05,WH-A,CR-3,2.76294,1.114,0.89015,0.15055,0
2024-04-05,WH-A,CR-4,2.76294,1.114,0.93453,0.15055,0
2024-04-05,WH-B,CR-1,2.29598,1.19953,0.92336,0.15055,0
2024-04-05,WH-B,CR-2,2.29598,1.19953,0.90768,0.15055,0
2024-04-05,WH-B,CR-3,2.29598,1.19953,0.87906,0.15055,0
2024-04-05,WH-B,CR-4,2.29598,1.19953,0.92165,0.15055,0
2024-04-05,WH-C,CR-1,2.16223,1.08757,0.94341,0.15055,0
2024-04-05,WH-C,CR-2,2.16223,1.08757,0.91391,0.15055,0
2024-04-05,WH-C,CR-3,2.16223,1.08757,0.84228,0.15055,0
2024-04-05,WH-C,CR-4,2.16223,1.08757,0.94157,0.15055,0
2024-04-06,WH-A,CR-1,2.37182,0.95271,0.92429,0.14363,0
2024-04-06,WH-A,CR-2,2.37182,0.95271,0.91974,0.14363,0
2024-04-06,WH-A,CR-3,2.37182,0.95271,0.85436,0.14363,0
2024-04-06,WH-A,CR-4,2.37182,0.95271,0.94096,0.14363,0
2024-04-06,WH-B,CR-1,2.29006,0.97461,0.93042,0.14363,0
2024-04-06,WH-B,CR-2,2.29006,0.97461,0.89521,0.14363,0
2024-04-06,WH-B,CR-3,2.29006,0.97461,0.88781,0.14363,0
2024-04-06,WH-B,CR-4,2.29006,0.97461,0.9362,0.14363,0
2024-04-06,WH-C,CR-1,1.39071,1.03771,0.92706,0.14363,0
2024-04-06,WH-C,CR-2,1.39071,1.03771,0.92294,0.14363,0
2024-04-06,WH-C,CR-3,1.39071,1.03771,0.86121,0.14363,0
2024-04-06,WH-C,CR-4,1.39071,1.03771,0.94667,0.14363,0
2024-04-07,WH-A,CR-1,1.99139,1.00587,0.91944,0.29261,0
2024-04-07,WH-A,CR-2,1.99139,1.00587,0.90587,0.29261,0
2024-04-07,WH-A,CR-3,1.99139,1.00587,0.86,0.29261,0
2024-04-07,WH-A,CR-4,1.99139,1.00587,0.89857,0.29261,0
2024-04-07,WH-B,CR-1,2.17241,0.92577,0.92571,0.29261,0
2024-04-07,WH-B,CR-2,2.17241,0.92577,0.89382,0.29261,0
2024-04-07,WH-B,CR-3,2.17241,0.92577,0.86428,0.29261,0
2024-04-07,WH-B,CR-4,2.17241,0.92577,0.94874,0.29261,0
2024-04-07,WH-C,CR-1,1.51046,1.08963,0.91342,0.29261,0
2024-04-07,WH-C,CR-2,1.51046,1.08963,0.89689,0.29261,0
2024-04-07,WH-C,CR-3,1.51046,1.08963,0.87732,0.29261,0
2024-04-07,WH-C,CR-4,1.51046,1.08963,0.91244,0.29261,0
2024-04-08,WH-A,CR-1,1.8807,1.10312,0.92927,0.70584,0
2024-04-08,WH-A,CR-2,1.8807,1.10312,0.88961,0.70584,0
2024-04-08,WH-A,CR-3,1.8807,1.10312,0.86404,0.70584,0
2024-04-08,WH-A,CR-4,1.8807,1.10312,0.91446,0.70584,0
2024-04-08,WH-B,CR-1,1.97155,1.18881,0.93016,0.70584,0
2024-04-08,WH-B,CR-2,1.97155,1.18881,0.89623,0.70584,0
2024-04-08,WH-B,CR-3,1.97155,1.18881,0.86213,0.70584,0
2024-04-08,WH-B,CR-4,1.97155,1.18881,0.92685,0.70584,0
2024-04-08,WH-C,CR-1,1.48577,1.12546,0.92855,0.70584,0
2024-04-08,WH-C,CR-2,1.48577,1.12546,0.91765,0.70584,0
2024-04-08,WH-C,CR-3,1.48577,1.12546,0.85121,0.70584,0
2024-04-08,WH-C,CR-4,1.48577,1.12546,0.92653,0.70584,0
2024-04-09,WH-A,CR-1,2.45998,1.18909,0.94186,0.01014,0
2024-04-09,WH-A,CR-2,2.45998,1.18909,0.90309,0.01014,0
2024-04-09,WH-A,CR-3,2.45998,1.18909,0.88019,0.01014,0
2024-04-09,WH-A,CR-4,2.45998,1.18909,0.92679,0.01014,0
2024-04-09,WH-B,CR-1,1.82266,1.12681,0.9422,0.01014,0
2024-04-09,WH-B,CR-2,1.82266,1.12681,0.90061,0.01014,0
2024-04-09,WH-B,CR-3,1.82266,1.12681,0.87014,0.01014,0
2024-04-09,WH-B,CR-4,1.82266,1.12681,0.91349,0.01014,0
2024-04-09,WH-C,CR-1,1.68875,1.19363,0.9426,0.01014,0
2024-04-09,WH-C,CR-2,1.68875,1.19363,0.9214,0.01014,0
2024-04-09,WH-C,CR-3,1.68875,1.19363,0.88087,0.01014,0
2024-04-09,WH-C,CR-4,1.68875,1.19363,0.93452,0.01014,0
2024-04-10,WH-A,CR-1,2.09914,1.32713,0.92713,0.41349,0
2024-04-10,WH-A,CR-2,2.09914,1.32713,0.89457,0.41349,0
2024-04-10,WH-A,CR-3,2.09914,1.32713,0.87777,0.41349,0
2024-04-10,WH-A,CR-4,2.09914,1.32713,0.92558,0.41349,0
2024-04-10,WH-B,CR-1,1.50899,1.23981,0.93143,0.41349,0
2024-04-10,WH-B,CR-2,1.50899,1.23981,0.88923,0.41349,0
2024-04-10,WH-B,CR-3,1.50899,1.23981,0.88682,0.41349,0
2024-04-10,WH-B,CR-4,1.50899,1.23981,0.93007,0.41349,0
2024-04-10,WH-C,CR-1,1.24104,1.29217,0.94046,0.41349,0
2024-04-10,WH-C,CR-2,1.24104,1.29217,0.90243,0.41349,0
2024-04-10,WH-C,CR-3,1.24104,1.29217,0.89164,0.41349,0
2024-04-10,WH-C,CR-4,1.24104,1.29217,0.92447,0.41349,0
2024-04-11,WH-A,CR-1,2.25369,1.18813,0.93488,0.29427,0
2024-04-11,WH-A,CR-2,2.25369,1.18813,0.89522,0.29427,0
2024-04-11,WH-A,CR-3,2.25369,1.18813,0.87626,0.29427,0
2024-04-11,WH-A,CR-4,2.25369,1.18813,0.92387,0.29427,0
2024-04-11,WH-B,CR-1,1.32973,1.03226,0.94148,0.29427,0
2024-04-11,WH-B,CR-2,1.32973,1.03226,0.87348,0.29427,0
2024-04-11,WH-B,CR-3,1.32973,1.03226,0.87717,0.29427,0
2024-04-11,WH-B,CR-4,1.32973,1.03226,0.91897,0.29427,0
2024-04-11,WH-C,CR-1,1.85017,1.11052,0.94262,0.29427,0
2024-04-11,WH-C,CR-2,1.85017,1.11052,0.89994,0.29427,0
2024-04-11,WH-C,CR-3,1.85017,1.11052,0.87607,0.29427,0
2024-04-11,WH-C,CR-4,1.85017,1.11052,0.93355,0.29427,0
2024-04-12,WH-A,CR-1,1.80234,1.17357,0.9479,0.1762,0
2024-04-12,WH-A,CR-2,1.80234,1.17357,0.91475,0.1762,0
2024-04-12,WH-A,CR-3,1.80234,1.17357,0.89983,0.1762,0
2024-04-12,WH-A,CR-4,1.80234,1.17357,0.91767,0.1762,0
2024-04-12,WH-B,CR-1,1.19686,1.07045,0.94475,0.1762,0
2024-04-12,WH-B,CR-2,1.19686,1.07045,0.9128,0.1762,0
2024-04-12,WH-B,CR-3,1.19686,1.07045,0.87806,0.1762,0
2024-04-12,WH-B,CR-4,1.19686,1.07045,0.91335,0.1762,0
2024-04-12,WH-C,CR-1,2.05625,1.05202,0.95074,0.1762,0
2024-04-12,WH-C,CR-2,2.05625,1.05202,0.94112,0.1762,0
2024-04-12,WH-C,CR-3,2.05625,1.05202,0.88123,0.1762,0
2024-04-12,WH-C,CR-4,2.05625,1.05202,0.93383,0.1762,0
2024-04-13,WH-A,CR-1,1.6454,0.98257,0.91959,0.16942,0
2024-04-13,WH-A,CR-2,1.6454,0.98257,0.92762,0.16942,0
2024-04-13,WH-A,CR-3,1.6454,0.98257,0.88022,0.16942,0
2024-04-13,WH-A,CR-4,1.6454,0.98257,0.93151,0.16942,0
2024-04-13,WH-B,CR-1,1.48463,1.05617,0.94853,0.16942,0
2024-04-13,WH-B,CR-2,1.48463,1.05617,0.90656,0.16942,0
2024-04-13,WH-B,CR-3,1.48463,1.05617,0.88332,0.16942,0
2024-04-13,WH-B,CR-4,1.48463,1.05617,0.9246,0.16942,0
2024-04-13,WH-C,CR-1,1.80164,0.95745,0.91322,0.16942,0
2024-04-13,WH-C,CR-2,1.80164,0.95745,0.90381,0.16942,0
2024-04-13,WH-C,CR-3,1.80164,0.95745,0.87763,0.16942,0
2024-04-13,WH-C,CR-4,1.80164,0.95745,0.91152,0.16942,0
2024-04-14,WH-A,CR-1,0.9993,0.99679,0.93963,0.29224,0
2024-04-14,WH-A,CR-2,0.9993,0.99679,0.90938,0.29224,0
2024-04-14,WH-A,CR-3,0.9993,0.99679,0.8609,0.29224,0
2024-04-14,WH-A,CR-4,0.9993,0.99679,0.92664,0.29224,0
2024-04-14,WH-B,CR-1,2.13725,1.13217,0.9336,0.29224,0
2024-04-14,WH-B,CR-2,2.13725,1.13217,0.89912,0.29224,0
2024-04-14,WH-B,CR-3,2.13725,1.13217,0.86719,0.29224,0
2024-04-14,WH-B,CR-4,2.13725,1.13217,0.93035,0.29224,0
2024-04-14,WH-C,CR-1,1.82375,1.12035,0.93632,0.29224,0
2024-04-14,WH-C,CR-2,1.82375,1.12035,0.91456,0.29224,0
2024-04-14,WH-C,CR-3,1.82375,1.12035,0.87587,0.29224,0
2024-04-14,WH-C,CR-4,1.82375,1.12035,0.93416,0.29224,0
2024-04-15,WH-A,CR-1,0.70062,1.27348,0.93075,0.68474,0
2024-04-15,WH-A,CR-2,0.70062,1.27348,0.8771,0.68474,0
2024-04-15,WH-A,CR-3,0.70062,1.27348,0.85911,0.68474,0
2024-04-15,WH-A,CR-4,0.70062,1.27348,0.92694,0.68474,0
2024-04-15,WH-B,CR-1,2.10525,1.10904,0.94449,0.68474,0
2024-04-15,WH-B,CR-2,2.10525,1.10904,0.88511,0.68474,0
2024-04-15,WH-B,CR-3,2.10525,1.10904,0.8581,0.68474,0
2024-04-15,WH-B,CR-4,2.10525,1.10904,0.92021,0.68474,0
2024-04-15,WH-C,CR-1,1.90602,1.18971,0.93861,0.68474,0
2024-04-15,WH-C,CR-2,1.90602,1.18971,0.90006,0.68474,0
2024-04-15,WH-C,CR-3,1.90602,1.18971,0.87355,0.68474,0
2024-04-15,WH-C,CR-4,1.90602,1.18971,0.91456,0.68474,0
2024-04-16,WH-A,CR-1,1.21412,1.2118,0.94083,0.32422,0
2024-04-16,WH-A,CR-2,1.21412,1.2118,0.90469,0.32422,0
2024-04-16,WH-A,CR-3,1.21412,1.2118,0.86445,0.32422,0
2024-04-16,WH-A,CR-4,1.21412,1.2118,0.92498,0.32422,0
2024-04-16,WH-B,CR-1,2.17204,1.16545,0.96064,0.32422,0
2024-04-16,WH-B,CR-2,2.17204,1.16545,0.89788,0.32422,0
2024-04-16,WH-B,CR-3,2.17204,1.16545,0.87923,0.32422,0
2024-04-16,WH-B,CR-4,2.17204,1.16545,0.93699,0.32422,0
2024-04-16,WH-C,CR-1,1.85664,1.33703,0.92963,0.32422,0
2024-04-16,WH-C,CR-2,1.85664,1.33703,0.90805,0.32422,0
2024-04-16,WH-C,CR-3,1.85664,1.33703,0.86458,0.32422,0
2024-04-16,WH-C,CR-4,1.85664,1.33703,0.91995,0.32422,0
2024-04-17,WH-A,CR-1,1.58376,1.25073,0.93181,0.39189,0
2024-04-17,WH-A,CR-2,1.58376,1.25073,0.89896,0.39189,0
2024-04-17,WH-A,CR-3,1.58376,1.25073,0.90539,0.39189,0
2024-04-17,WH-A,CR-4,1.58376,1.25073,0.92768,0.39189,0
2024-04-17,WH-B,CR-1,1.9729,1.09446,0.92163,0.39189,0
2024-04-17,WH-B,CR-2,1.9729,1.09446,0.91418,0.39189,0
2024-04-17,WH-B,CR-3,1.9729,1.09446,0.86857,0.39189,0
2024-04-17,WH-B,CR-4,1.9729,1.09446,0.92447,0.39189,0
2024-04-17,WH-C,CR-1,1.76749,1.20852,0.92279,0.39189,0
2024-04-17,WH-C,CR-2,1.76749,1.20852,0.89004,0.39189,0
2024-04-17,WH-C,CR-3,1.76749,1.20852,0.87564,0.39189,0
2024-04-17,WH-C,CR-4,1.76749,1.20852,0.93016,0.39189,0
2024-04-18,WH-A,CR-1,1.94889,1.09049,0.92609,0.4251,0
2024-04-18,WH-A,CR-2,1.94889,1.09049,0.89102,0.4251,0
2024-04-18,WH-A,CR-3,1.94889,1.09049,0.88796,0.4251,0
2024-04-18,WH-A,CR-4,1.94889,1.09049,0.92995,0.4251,0
2024-04-18,WH-B,CR-1,2.30647,1.24978,0.9661,0.4251,0
2024-04-18,WH-B,CR-2,2.30647,1.24978,0.88184,0.4251,0
2024-04-18,WH-B,CR-3,2.30647,1.24978,0.86349,0.4251,0
2024-04-18,WH-B,CR-4,2.30647,1.24978,0.91495,0.4251,0
2024-04-18,WH-C,CR-1,1.43341,1.06379,0.92875,0.4251,0
2024-04-18,WH-C,CR-2,1.43341,1.06379,0.88775,0.4251,0
2024-04-18,WH-C,CR-3,1.43341,1.06379,0.87637,0.4251,0
2024-04-18,WH-C,CR-4,1.43341,1.06379,0.92297,0.4251,0
2024-04-19,WH-A,CR-1,2.15957,1.12013,0.95666,0.48861,0
2024-04-19,WH-A,CR-2,2.15957,1.12013,0.90402,0.48861,0
2024-04-19,WH-A,CR-3,2.15957,1.12013,0.84886,0.48861,0
2024-04-19,WH-A,CR-4,2.15957,1.12013,0.90918,0.48861,0
2024-04-19,WH-B,CR-1,1.70176,1.15139,0.92974,0.48861,0
2024-04-19,WH-B,CR-2,1.70176,1.15139,0.89558,0.48861,0
2024-04-19,WH-B,CR-3,1.70176,1.15139,0.89534,0.48861,0
2024-04-19,WH-B,CR-4,1.70176,1.15139,0.92779,0.48861,0
2024-04-19,WH-C,CR-1,1.76759,1.07551,0.91922,0.48861,0
2024-04-19,WH-C,CR-2,1.76759,1.07551,0.90165,0.48861,0
2024-04-19,WH-C,CR-3,1.76759,1.07551,0.87328,0.48861,0
2024-04-19,WH-C,CR-4,1.76759,1.07551,0.89893,0.48861,0
2024-04-20,WH-A,CR-1,2.00953,1.00493,0.92906,0.24829,0
2024-04-20,WH-A,CR-2,2.00953,1.00493,0.90341,0.24829,0
2024-04-20,WH-A,CR-3,2.00953,1.00493,0.87662,0.24829,0
2024-04-20,WH-A,CR-4,2.00953,1.00493,0.93279,0.24829,0
2024-04-20,WH-B,CR-1,2.29556,1.04645,0.93006,0.24829,0
2024-04-20,WH-B,CR-2,2.29556,1.04645,0.91078,0.24829,0
2024-04-20,WH-B,CR-3,2.29556,1.04645,0.88286,0.24829,0
2024-04-20,WH-B,CR-4,2.29556,1.04645,0.92032,0.24829,0
2024-04-20,WH-C,CR-1,2.00668,1.14837,0.95103,0.24829,0
2024-04-20,WH-C,CR-2,2.00668,1.14837,0.92687,0.24829,0
2024-04-20,WH-C,CR-3,2.00668,1.14837,0.86513,0.24829,0
2024-04-20,WH-C,CR-4,2.00668,1.14837,0.9257,0.24829,0
2024-04-21,WH-A,CR-1,1.7594,0.95116,0.93559,0.30702,0
2024-04-21,WH-A,CR-2,1.7594,0.95116,0.89525,0.30702,0
2024-04-21,WH-A,CR-3,1.7594,0.95116,0.87551,0.30702,0
2024-04-21,WH-A,CR-4,1.7594,0.95116,0.91495,0.30702,0
2024-04-21,WH-B,CR-1,1.91768,1.08874,0.93628,0.30702,0
2024-04-21,WH-B,CR-2,1.91768,1.08874,0.91142,0.30702,0
2024-04-21,WH-B,CR-3,1.91768,1.08874,0.9007,0.30702,0
2024-04-21,WH-B,CR-4,1.91768,1.08874,0.9278,0.30702,0
2024-04-21,WH-C,CR-1,2.05457,0.9838,0.91903,0.30702,0
2024-04-21,WH-C,CR-2,2.05457,0.9838,0.92347,0.30702,0
2024-04-21,WH-C,CR-3,2.05457,0.9838,0.86339,0.30702,0
2024-04-21,WH-C,CR-4,2.05457,0.9838,0.91195,0.30702,0
2024-04-22,WH-A,CR-1,1.5075,1.1256,0.94952,0.29077,0
2024-04-22,WH-A,CR-2,1.5075,1.1256,0.89509,0.29077,0
2024-04-22,WH-A,CR-3,1.5075,1.1256,0.85804,0.29077,0
2024-04-22,WH-A,CR-4,1.5075,1.1256,0.93608,0.29077,0
2024-04-22,WH-B,CR-1,2.22856,1.10036,0.91578,0.29077,0
2024-04-22,WH-B,CR-2,2.22856,1.10036,0.89583,0.29077,0
2024-04-22,WH-B,CR-3,2.22856,1.10036,0.87411,0.29077,0
2024-04-22,WH-B,CR-4,2.22856,1.10036,0.93875,0.29077,0
2024-04-22,WH-C,CR-1,1.55243,1.14324,0.94287,0.29077,0
2024-04-22,WH-C,CR-2,1.55243,1.14324,0.87619,0.29077,0
2024-04-22,WH-C,CR-3,1.55243,1.14324,0.88717,0.29077,0
2024-04-22,WH-C,CR-4,1.55243,1.14324,0.91058,0.29077,0
2024-04-23,WH-A,CR-1,2.03852,1.19407,0.90382,0.42488,0
2024-04-23,WH-A,CR-2,2.03852,1.19407,0.89293,0.42488,0
2024-04-23,WH-A,CR-3,2.03852,1.19407,0.87401,0.42488,0
2024-04-23,WH-A,CR-4,2.03852,1.19407,0.92001,0.42488,0
2024-04-23,WH-B,CR-1,2.42477,1.21315,0.93965,0.42488,0
2024-04-23,WH-B,CR-2,2.42477,1.21315,0.89978,0.42488,0
2024-04-23,WH-B,CR-3,2.42477,1.21315,0.8502,0.42488,0
2024-04-23,WH-B,CR-4,2.42477,1.21315,0.91689,0.42488,0
2024-04-23,WH-C,CR-1,1.73385,1.06276,0.93993,0.42488,0
2024-04-23,WH-C,CR-2,1.73385,1.06276,0.91325,0.42488,0
2024-04-23,WH-C,CR-3,1.73385,1.06276,0.87387,0.42488,0
2024-04-23,WH-C,CR-4,1.73385,1.06276,0.88559,0.42488,0
2024-04-24,WH-A,CR-1,1.81204,0.99127,0.95395,0.0484,0
2024-04-24,WH-A,CR-2,1.81204,0.99127,0.90929,0.0484,0
2024-04-24,WH-A,CR-3,1.81204,0.99127,0.89239,0.0484,0
2024-04-24,WH-A,CR-4,1.81204,0.99127,0.93245,0.0484,0
2024-04-24,WH-B,CR-1,2.54488,1.17904,0.9475,0.0484,0
2024-04-24,WH-B,CR-2,2.54488,1.17904,0.93646,0.0484,0
2024-04-24,WH-B,CR-3,2.54488,1.17904,0.89078,0.0484,0
2024-04-24,WH-B,CR-4,2.54488,1.17904,0.91016,0.0484,0
2024-04-24,WH-C,CR-1,1.86162,1.24132,0.95356,0.0484,0
2024-04-24,WH-C,CR-2,1.86162,1.24132,0.90401,0.0484,0
2024-04-24,WH-C,CR-3,1.86162,1.24132,0.89311,0.0484,0
2024-04-24,WH-C,CR-4,1.86162,1.24132,0.94026,0.0484,0
2024-04-25,WH-A,CR-1,1.68375,1.0788,0.90386,0.16622,0
2024-04-25,WH-A,CR-2,1.68375,1.0788,0.90179,0.16622,0
2024-04-25,WH-A,CR-3,1.68375,1.0788,0.88144,0.16622,0
2024-04-25,WH-A,CR-4,1.68375,1.0788,0.92109,0.16622,0
2024-04-25,WH-B,CR-1,3.13906,1.15107,0.9525,0.16622,0
2024-04-25,WH-B,CR-2,3.13906,1.15107,0.91015,0.16622,0
2024-04-25,WH-B,CR-3,3.13906,1.15107,0.88692,0.16622,0
2024-04-25,WH-B,CR-4,3.13906,1.15107,0.93036,0.16622,0
2024-04-25,WH-C,CR-1,2.26664,1.15448,0.94296,0.16622,0
2024-04-25,WH-C,CR-2,2.26664,1.15448,0.9114,0.16622,0
2024-04-25,WH-C,CR-3,2.26664,1.15448,0.87355,0.16622,0
2024-04-25,WH-C,CR-4,2.26664,1.15448,0.93187,0.16622,0
2024-04-26,WH-A,CR-1,1.91795,1.25062,0.92184,1.76915,0
2024-04-26,WH-A,CR-2,1.91795,1.25062,0.8783,1.76915,0
2024-04-26,WH-A,CR-3,1.91795,1.25062,0.81955,1.76915,0
2024-04-26,WH-A,CR-4,1.91795,1.25062,0.90436,1.76915,0
2024-04-26,WH-B,CR-1,2.07027,1.26759,0.91019,1.76915,0
2024-04-26,WH-B,CR-2,2.07027,1.26759,0.89015,1.76915,0
2024-04-26,WH-B,CR-3,2.07027,1.26759,0.83733,1.76915,0
2024-04-26,WH-B,CR-4,2.07027,1.26759,0.87953,1.76915,0
2024-04-26,WH-C,CR-1,2.14127,1.14731,0.90226,1.76915,0
2024-04-26,WH-C,CR-2,2.14127,1.14731,0.87917,1.76915,0
2024-04-26,WH-C,CR-3,2.14127,1.14731,0.88136,1.76915,0
2024-04-26,WH-C,CR-4,2.14127,1.14731,0.90817,1.76915,0
2024-04-27,WH-A,CR-1,2.44033,1.05479,0.90112,0.78989,0
2024-04-27,WH-A,CR-2,2.44033,1.05479,0.89352,0.78989,0
2024-04-27,WH-A,CR-3,2.44033,1.05479,0.87552,0.78989,0
2024-04-27,WH-A,CR-4,2.44033,1.05479,0.90414,0.78989,0
2024-04-27,WH-B,CR-1,2.0898,1.01466,0.94381,0.78989,0
2024-04-27,WH-B,CR-2,2.0898,1.01466,0.90478,0.78989,0
2024-04-27,WH-B,CR-3,2.0898,1.01466,0.8736,0.78989,0
2024-04-27,WH-B,CR-4,2.0898,1.01466,0.92324,0.78989,0
2024-04-27,WH-C,CR-1,1.95464,1.0858,0.91156,0.78989,0
2024-04-27,WH-C,CR-2,1.95464,1.0858,0.86954,0.78989,0
2024-04-27,WH-C,CR-3,1.95464,1.0858,0.86758,0.78989,0
2024-04-27,WH-C,CR-4,1.95464,1.0858,0.91967,0.78989,0
2024-04-28,WH-A,CR-1,2.81069,0.99016,0.91971,0.89258,0
2024-04-28,WH-A,CR-2,2.81069,0.99016,0.8997,0.89258,0
2024-04-28,WH-A,CR-3,2.81069,0.99016,0.89432,0.89258,0
2024-04-28,WH-A,CR-4,2.81069,0.99016,0.93169,0.89258,0
2024-04-28,WH-B,CR-1,2.55514,1.03898,0.91334,0.89258,0
2024-04-28,WH-B,CR-2,2.55514,1.03898,0.9034,0.89258,0
2024-04-28,WH-B,CR-3,2.55514,1.03898,0.85073,0.89258,0
2024-04-28,WH-B,CR-4,2.55514,1.03898,0.91107,0.89258,0
2024-04-28,WH-C,CR-1,1.80532,1.19743,0.91968,0.89258,0
2024-04-28,WH-C,CR-2,1.80532,1.19743,0.86466,0.89258,0
2024-04-28,WH-C,CR-3,1.80532,1.19743,0.86999,0.89258,0
2024-04-28,WH-C,CR-4,1.80532,1.19743,0.90555,0.89258,0
2024-04-29,WH-A,CR-1,2.40523,1.21323,0.91589,0.31744,0
2024-04-29,WH-A,CR-2,2.40523,1.21323,0.89808,0.31744,0
2024-04-29,WH-A,CR-3,2.40523,1.21323,0.88249,0.31744,0
2024-04-29,WH-A,CR-4,2.40523,1.21323,0.91692,0.31744,0
2024-04-29,WH-B,CR-1,1.90183,1.20348,0.94776,0.31744,0
2024-04-29,WH-B,CR-2,1.90183,1.20348,0.90375,0.31744,0
2024-04-29,WH-B,CR-3,1.90183,1.20348,0.85076,0.31744,0
2024-04-29,WH-B,CR-4,1.90183,1.20348,0.93276,0.31744,0
2024-04-29,WH-C,CR-1,1.16658,1.1747,0.92364,0.31744,0
2024-04-29,WH-C,CR-2,1.16658,1.1747,0.89037,0.31744,0
2024-04-29,WH-C,CR-3,1.16658,1.1747,0.86898,0.31744,0
2024-04-29,WH-C,CR-4,1.16658,1.1747,0.92209,0.31744,0
2024-04-30,WH-A,CR-1,2.08042,1.22842,0.94089,0.13812,0
2024-04-30,WH-A,CR-2,2.08042,1.22842,0.89914,0.13812,0
2024-04-30,WH-A,CR-3,2.08042,1.22842,0.86712,0.13812,0
2024-04-30,WH-A,CR-4,2.08042,1.22842,0.90774,0.13812,0
2024-04-30,WH-B,CR-1,2.14109,1.12163,0.90905,0.13812,0
2024-04-30,WH-B,CR-2,2.14109,1.12163,0.90109,0.13812,0
2024-04-30,WH-B,CR-3,2.14109,1.12163,0.8667,0.13812,0
2024-04-30,WH-B,CR-4,2.14109,1.12163,0.94642,0.13812,0
2024-04-30,WH-C,CR-1,0.73545,1.03469,0.95083,0.13812,0
2024-04-30,WH-C,CR-2,0.73545,1.03469,0.92379,0.13812,0
2024-04-30,WH-C,CR-3,0.73545,1.03469,0.86857,0.13812,0
2024-04-30,WH-C,CR-4,0.73545,1.03469,0.91993,0.13812,0
2024-05-01,WH-A,CR-1,1.37304,1.12754,0.94867,0.55168,0
2024-05-01,WH-A,CR-2,1.37304,1.12754,0.89484,0.55168,0
2024-05-01,WH-A,CR-3,1.37304,1.12754,0.87128,0.55168,0
2024-05-01,WH-A,CR-4,1.37304,1.12754,0.93368,0.55168,0
2024-05-01,WH-B,CR-1,2.93131,1.10385,0.92987,0.55168,0
2024-05-01,WH-B,CR-2,2.93131,1.10385,0.92193,0.55168,0
2024-05-01,WH-B,CR-3,2.93131,1.10385,0.8518,0.55168,0
2024-05-01,WH-B,CR-4,2.93131,1.10385,0.9324,0.55168,0
2024-05-01,WH-C,CR-1,0.69382,1.1582,0.92716,0.55168,0
2024-05-01,WH-C,CR-2,0.69382,1.1582,0.88857,0.55168,0
2024-05-01,WH-C,CR-3,0.69382,1.1582,0.85827,0.55168,0
2024-05-01,WH-C,CR-4,0.69382,1.1582,0.92339,0.55168,0
2024-05-02,WH-A,CR-1,1.58821,1.19569,0.91471,0.75708,0
2024-05-02,WH-A,CR-2,1.58821,1.19569,0.90525,0.75708,0
2024-05-02,WH-A,CR-3,1.58821,1.19569,0.8762,0.75708,0
2024-05-02,WH-A,CR-4,1.58821,1.19569,0.94762,0.75708,0
2024-05-02,WH-B,CR-1,2.57491,1.11335,0.9356,0.75708,0
2024-05-02,WH-B,CR-2,2.57491,1.11335,0.9062,0.75708,0
2024-05-02,WH-B,CR-3,2.57491,1.11335,0.85995,0.75708,0
2024-05-02,WH-B,CR-4,2.57491,1.11335,0.91153,0.75708,0
2024-05-02,WH-C,CR-1,1.21157,1.08379,0.92145,0.75708,0
2024-05-02,WH-C,CR-2,1.21157,1.08379,0.89745,0.75708,0
2024-05-02,WH-C,CR-3,1.21157,1.08379,0.87832,0.75708,0
2024-05-02,WH-C,CR-4,1.21157,1.08379,0.90912,0.75708,0
2024-05-03,WH-A,CR-1,1.26172,1.04495,0.93793,0.01196,0
2024-05-03,WH-A,CR-2,1.26172,1.04495,0.89552,0.01196,0
2024-05-03,WH-A,CR-3,1.26172,1.04495,0.87135,0.01196,0
2024-05-03,WH-A,CR-4,1.26172,1.04495,0.9205,0.01196,0
2024-05-03,WH-B,CR-1,2.31969,1.2558,0.94773,0.01196,0
2024-05-03,WH-B,CR-2,2.31969,1.2558,0.90998,0.01196,0
2024-05-03,WH-B,CR-3,2.31969,1.2558,0.87425,0.01196,0
2024-05-03,WH-B,CR-4,2.31969,1.2558,0.92459,0.01196,0
2024-05-03,WH-C,CR-1,1.47241,1.19673,0.92889,0.01196,0
2024-05-03,WH-C,CR-2,1.47241,1.19673,0.91022,0.01196,0
2024-05-03,WH-C,CR-3,1.47241,1.19673,0.85541,0.01196,0
2024-05-03,WH-C,CR-4,1.47241,1.19673,0.93233,0.01196,0
2024-05-04,WH-A,CR-1,2.12504,0.9995,0.93135,0.6256,0
2024-05-04,WH-A,CR-2,2.12504,0.9995,0.89831,0.6256,0
2024-05-04,WH-A,CR-3,2.12504,0.9995,0.86754,0.6256,0
2024-05-04,WH-A,CR-4,2.12504,0.9995,0.91737,0.6256,0
2024-05-04,WH-B,CR-1,2.34442,1.13784,0.94527,0.6256,0
2024-05-04,WH-B,CR-2,2.34442,1.13784,0.89871,0.6256,0
2024-05-04,WH-B,CR-3,2.34442,1.13784,0.87852,0.6256,0
2024-05-04,WH-B,CR-4,2.34442,1.13784,0.91032,0.6256,0
2024-05-04,WH-C,CR-1,1.79428,1.00904,0.94183,0.6256,0
2024-05-04,WH-C,CR-2,1.79428,1.00904,0.92527,0.6256,0
2024-05-04,WH-C,CR-3,1.79428,1.00904,0.86727,0.6256,0
2024-05-04,WH-C,CR-4,1.79428,1.00904,0.89243,0.6256,0
2024-05-05,WH-A,CR-1,2.24291,1.08991,0.94927,0.15751,0
2024-05-05,WH-A,CR-2,2.24291,1.08991,0.91298,0.15751,0
2024-05-05,WH-A,CR-3,2.24291,1.08991,0.89178,0.15751,0
2024-05-05,WH-A,CR-4,2.24291,1.08991,0.9382,0.15751,0
2024-05-05,WH-B,CR-1,2.85453,1.0987,0.94803,0.15751,0
2024-05-05,WH-B,CR-2,2.85453,1.0987,0.90348,0.15751,0
2024-05-05,WH-B,CR-3,2.85453,1.0987,0.86995,0.15751,0
2024-05-05,WH-B,CR-4,2.85453,1.0987,0.94765,0.15751,0
2024-05-05,WH-C,CR-1,1.81002,1.13439,0.93865,0.15751,0
2024-05-05,WH-C,CR-2,1.81002,1.13439,0.90013,0.15751,0
2024-05-05,WH-C,CR-3,1.81002,1.13439,0.8773,0.15751,0
2024-05-05,WH-C,CR-4,1.81002,1.13439,0.9444,0.15751,0
2024-05-06,WH-A,CR-1,2.04951,1.29258,0.92803,0.5226,0
2024-05-06,WH-A,CR-2,2.04951,1.29258,0.87899,0.5226,0
2024-05-06,WH-A,CR-3,2.04951,1.29258,0.89331,0.5226,0
2024-05-06,WH-A,CR-4,2.04951,1.29258,0.92878,0.5226,0
2024-05-06,WH-B,CR-1,2.62789,1.12029,0.94358,0.5226,0
2024-05-06,WH-B,CR-2,2.62789,1.12029,0.89409,0.5226,0
2024-05-06,WH-B,CR-3,2.62789,1.12029,0.88437,0.5226,0
2024-05-06,WH-B,CR-4,2.62789,1.12029,0.9271,0.5226,0
2024-05-06,WH-C,CR-1,1.82911,1.16164,0.92849,0.5226,0
2024-05-06,WH-C,CR-2,1.82911,1.16164,0.91314,0.5226,0
2024-05-06,WH-C,CR-3,1.82911,1.16164,0.86021,0.5226,0
2024-05-06,WH-C,CR-4,1.82911,1.16164,0.90113,0.5226,0
2024-05-07,WH-A,CR-1,2.1661,1.18262,0.92624,0.55081,0
2024-05-07,WH-A,CR-2,2.1661,1.18262,0.90954,0.55081,0
2024-05-07,WH-A,CR-3,2.1661,1.18262,0.86954,0.55081,0
2024-05-07,WH-A,CR-4,2.1661,1.18262,0.91424,0.55081,0
2024-05-07,WH-B,CR-1,2.3948,1.31165,0.90927,0.55081,0
2024-05-07,WH-B,CR-2,2.3948,1.31165,0.90608,0.55081,0
2024-05-07,WH-B,CR-3,2.3948,1.31165,0.84994,0.55081,0
2024-05-07,WH-B,CR-4,2.3948,1.31165,0.91879,0.55081,0
2024-05-07,WH-C,CR-1,1.60298,0.9832,0.93475,0.55081,0
2024-05-07,WH-C,CR-2,1.60298,0.9832,0.89552,0.55081,0
2024-05-07,WH-C,CR-3,1.60298,0.9832,0.84489,0.55081,0
2024-05-07,WH-C,CR-4,1.60298,0.9832,0.93016,0.55081,0
2024-05-08,WH-A,CR-1,2.19827,1.15368,0.937,1.0523,0
2024-05-08,WH-A,CR-2,2.19827,1.15368,0.91125,1.0523,0
2024-05-08,WH-A,CR-3,2.19827,1.15368,0.87466,1.0523,0
2024-05-08,WH-A,CR-4,2.19827,1.15368,0.89976,1.0523,0
2024-05-08,WH-B,CR-1,2.42176,1.18516,0.89934,1.0523,0
2024-05-08,WH-B,CR-2,2.42176,1.18516,0.89669,1.0523,0
2024-05-08,WH-B,CR-3,2.42176,1.18516,0.88833,1.0523,0
2024-05-08,WH-B,CR-4,2.42176,1.18516,0.91874,1.0523,0
2024-05-08,WH-C,CR-1,2.1223,1.16463,0.92018,1.0523,0
2024-05-08,WH-C,CR-2,2.1223,1.16463,0.89563,1.0523,0
2024-05-08,WH-C,CR-3,2.1223,1.16463,0.85127,1.0523,0
2024-05-08,WH-C,CR-4,2.1223,1.16463,0.89949,1.0523,0
2024-05-09,WH-A,CR-1,1.74548,1.22744,0.92219,0.93129,0
2024-05-09,WH-A,CR-2,1.74548,1.22744,0.89731,0.93129,0
2024-05-09,WH-A,CR-3,1.74548,1.22744,0.86876,0.93129,0
2024-05-09,WH-A,CR-4,1.74548,1.22744,0.92517,0.93129,0
2024-05-09,WH-B,CR-1,2.39659,1.26281,0.92695,0.93129,0
2024-05-09,WH-B,CR-2,2.39659,1.26281,0.90073,0.93129,0
2024-05-09,WH-B,CR-3,2.39659,1.26281,0.85324,0.93129,0
2024-05-09,WH-B,CR-4,2.39659,1.26281,0.93914,0.93129,0
2024-05-09,WH-C,CR-1,2.10743,1.20704,0.90394,0.93129,0
2024-05-09,WH-C,CR-2,2.10743,1.20704,0.88336,0.93129,0
2024-05-09,WH-C,CR-3,2.10743,1.20704,0.87809,0.93129,0
2024-05-09,WH-C,CR-4,2.10743,1.20704,0.91668,0.93129,0
2024-05-10,WH-A,CR-1,1.60652,1.26291,0.93878,0.00946,0
2024-05-10,WH-A,CR-2,1.60652,1.26291,0.91229,0.00946,0
2024-05-10,WH-A,CR-3,1.60652,1.26291,0.89398,0.00946,0
2024-05-10,WH-A,CR-4,1.60652,1.26291,0.91906,0.00946,0
2024-05-10,WH-B,CR-1,2.00257,1.13428,0.94976,0.00946,0
2024-05-10,WH-B,CR-2,2.00257,1.13428,0.89386,0.00946,0
2024-05-10,WH-B,CR-3,2.00257,1.13428,0.85981,0.00946,0
2024-05-10,WH-B,CR-4,2.00257,1.13428,0.93971,0.00946,0
2024-05-10,WH-C,CR-1,1.72107,1.11862,0.91755,0.00946,0
2024-05-10,WH-C,CR-2,1.72107,1.11862,0.90168,0.00946,0
2024-05-10,WH-C,CR-3,1.72107,1.11862,0.87974,0.00946,0
2024-05-10,WH-C,CR-4,1.72107,1.11862,0.94099,0.00946,0
2024-05-11,WH-A,CR-1,1.4657,1.01535,0.95638,0.11505,0
2024-05-11,WH-A,CR-2,1.4657,1.01535,0.91047,0.11505,0
2024-05-11,WH-A,CR-3,1.4657,1.01535,0.8713,0.11505,0
2024-05-11,WH-A,CR-4,1.4657,1.01535,0.92607,0.11505,0
2024-05-11,WH-B,CR-1,2.5663,1.1873,0.92813,0.11505,0
2024-05-11,WH-B,CR-2,2.5663,1.1873,0.90742,0.11505,0
2024-05-11,WH-B,CR-3,2.5663,1.1873,0.87901,0.11505,0
2024-05-11,WH-B,CR-4,2.5663,1.1873,0.91609,0.11505,0
2024-05-11,WH-C,CR-1,1.66026,1.07043,0.95161,0.11505,0
2024-05-11,WH-C,CR-2,1.66026,1.07043,0.92242,0.11505,0
2024-05-11,WH-C,CR-3,1.66026,1.07043,0.87398,0.11505,0
2024-05-11,WH-C,CR-4,1.66026,1.07043,0.92536,0.11505,0
2024-05-12,WH-A,CR-1,1.81852,1.06297,0.91801,0.57535,0
2024-05-12,WH-A,CR-2,1.81852,1.06297,0.88816,0.57535,0
2024-05-12,WH-A,CR-3,1.81852,1.06297,0.88701,0.57535,0
2024-05-12,WH-A,CR-4,1.81852,1.06297,0.91777,0.57535,0
2024-05-12,WH-B,CR-1,3.03201,1.02891,0.93314,0.57535,0
2024-05-12,WH-B,CR-2,3.03201,1.02891,0.92836,0.57535,0
2024-05-12,WH-B,CR-3,3.03201,1.02891,0.85696,0.57535,0
2024-05-12,WH-B,CR-4,3.03201,1.02891,0.89687,0.57535,0
2024-05-12,WH-C,CR-1,2.08926,1.00386,0.9294,0.57535,0
2024-05-12,WH-C,CR-2,2.08926,1.00386,0.89261,0.57535,0
2024-05-12,WH-C,CR-3,2.08926,1.00386,0.87286,0.57535,0
2024-05-12,WH-C,CR-4,2.08926,1.00386,0.90824,0.57535,0
2024-05-13,WH-A,CR-1,1.48763,1.09399,0.93136,0.2484,0
2024-05-13,WH-A,CR-2,1.48763,1.09399,0.88838,0.2484,0
2024-05-13,WH-A,CR-3,1.48763,1.09399,0.87046,0.2484,0
2024-05-13,WH-A,CR-4,1.48763,1.09399,0.92695,0.2484,0
2024-05-13,WH-B,CR-1,2.61947,1.12829,0.93529,0.2484,0
2024-05-13,WH-B,CR-2,2.61947,1.12829,0.89766,0.2484,0
2024-05-13,WH-B,CR-3,2.61947,1.12829,0.88382,0.2484,0
2024-05-13,WH-B,CR-4,2.61947,1.12829,0.94276,0.2484,0
2024-05-13,WH-C,CR-1,1.754,1.18882,0.93265,0.2484,0
2024-05-13,WH-C,CR-2,1.754,1.18882,0.90991,0.2484,0
2024-05-13,WH-C,CR-3,1.754,1.18882,0.89432,0.2484,0
2024-05-13,WH-C,CR-4,1.754,1.18882,0.93163,0.2484,0
2024-05-14,WH-A,CR-1,1.97263,1.09479,0.90582,0.90846,0
2024-05-14,WH-A,CR-2,1.97263,1.09479,0.89534,0.90846,0
2024-05-14,WH-A,CR-3,1.97263,1.09479,0.84257,0.90846,0
2024-05-14,WH-A,CR-4,1.97263,1.09479,0.91077,0.90846,0
2024-05-14,WH-B,CR-1,2.94025,0.99722,0.90829,0.90846,0
2024-05-14,WH-B,CR-2,2.94025,0.99722,0.88126,0.90846,0
2024-05-14,WH-B,CR-3,2.94025,0.99722,0.86289,0.90846,0
2024-05-14,WH-B,CR-4,2.94025,0.99722,0.90926,0.90846,0
2024-05-14,WH-C,CR-1,2.18699,1.22635,0.92959,0.90846,0
2024-05-14,WH-C,CR-2,2.18699,1.22635,0.8954,0.90846,0
2024-05-14,WH-C,CR-3,2.18699,1.22635,0.86837,0.90846,0
2024-05-14,WH-C,CR-4,2.18699,1.22635,0.9033,0.90846,0
2024-05-15,WH-A,CR-1,2.23046,1.24489,0.93034,0.67714,0
2024-05-15,WH-A,CR-2,2.23046,1.24489,0.8957,0.67714,0
2024-05-15,WH-A,CR-3,2.23046,1.24489,0.87262,0.67714,0
2024-05-15,WH-A,CR-4,2.23046,1.24489,0.88347,0.67714,0
2024-05-15,WH-B,CR-1,2.80282,1.14093,0.9272,0.67714,0
2024-05-15,WH-B,CR-2,2.80282,1.14093,0.90629,0.67714,0
2024-05-15,WH-B,CR-3,2.80282,1.14093,0.86691,0.67714,0
2024-05-15,WH-B,CR-4,2.80282,1.14093,0.90413,0.67714,0
2024-05-15,WH-C,CR-1,1.92792,1.1554,0.92919,0.67714,0
2024-05-15,WH-C,CR-2,1.92792,1.1554,0.89975,0.67714,0
2024-05-15,WH-C,CR-3,1.92792,1.1554,0.88028,0.67714,0
2024-05-15,WH-C,CR-4,1.92792,1.1554,0.90478,0.67714,0
2024-05-16,WH-A,CR-1,1.49719,1.16437,0.92642,0.36426,0
2024-05-16,WH-A,CR-2,1.49719,1.16437,0.89899,0.36426,0
2024-05-16,WH-A,CR-3,1.49719,1.16437,0.86259,0.36426,0
2024-05-16,WH-A,CR-4,1.49719,1.16437,0.92141,0.36426,0
2024-05-16,WH-B,CR-1,3.25078,1.04885,0.91941,0.36426,0
2024-05-16,WH-B,CR-2,3.25078,1.04885,0.88782,0.36426,0
2024-05-16,WH-B,CR-3,3.25078,1.04885,0.89417,0.36426,0
2024-05-16,WH-B,CR-4,3.25078,1.04885,0.9179,0.36426,0
2024-05-16,WH-C,CR-1,1.79868,1.11778,0.92211,0.36426,0
2024-05-16,WH-C,CR-2,1.79868,1.11778,0.90062,0.36426,0
2024-05-16,WH-C,CR-3,1.79868,1.11778,0.90294,0.36426,0
2024-05-16,WH-C,CR-4,1.79868,1.11778,0.94015,0.36426,0
2024-05-17,WH-A,CR-1,1.33527,1.00789,0.9504,0.10165,0
2024-05-17,WH-A,CR-2,1.33527,1.00789,0.92209,0.10165,0
2024-05-17,WH-A,CR-3,1.33527,1.00789,0.89072,0.10165,0
2024-05-17,WH-A,CR-4,1.33527,1.00789,0.92253,0.10165,0
2024-05-17,WH-B,CR-1,2.83776,1.20998,0.94287,0.10165,0
2024-05-17,WH-B,CR-2,2.83776,1.20998,0.90345,0.10165,0
2024-05-17,WH-B,CR-3,2.83776,1.20998,0.85874,0.10165,0
2024-05-17,WH-B,CR-4,2.83776,1.20998,0.92954,0.10165,0
2024-05-17,WH-C,CR-1,2.09992,1.05419,0.94584,0.10165,0
2024-05-17,WH-C,CR-2,2.09992,1.05419,0.91215,0.10165,0
2024-05-17,WH-C,CR-3,2.09992,1.05419,0.88717,0.10165,0
2024-05-17,WH-C,CR-4,2.09992,1.05419,0.93863,0.10165,0
2024-05-18,WH-A,CR-1,1.33291,1.14113,0.93118,0.12866,0
2024-05-18,WH-A,CR-2,1.33291,1.14113,0.89936,0.12866,0
2024-05-18,WH-A,CR-3,1.33291,1.14113,0.85583,0.12866,0
2024-05-18,WH-A,CR-4,1.33291,1.14113,0.94872,0.12866,0
2024-05-18,WH-B,CR-1,2.91526,1.13159,0.9493,0.12866,0
2024-05-18,WH-B,CR-2,2.91526,1.13159,0.9146,0.12866,0
2024-05-18,WH-B,CR-3,2.91526,1.13159,0.87475,0.12866,0
2024-05-18,WH-B,CR-4,2.91526,1.13159,0.92572,0.12866,0
2024-05-18,WH-C,CR-1,1.76702,1.28078,0.94436,0.12866,0
2024-05-18,WH-C,CR-2,1.76702,1.28078,0.90212,0.12866,0
2024-05-18,WH-C,CR-3,1.76702,1.28078,0.88327,0.12866,0
2024-05-18,WH-C,CR-4,1.76702,1.28078,0.91555,0.12866,0
2024-05-19,WH-A,CR-1,1.69207,1.15528,0.92473,1.10505,0
2024-05-19,WH-A,CR-2,1.69207,1.15528,0.89124,1.10505,0
2024-05-19,WH-A,CR-3,1.69207,1.15528,0.86024,1.10505,0
2024-05-19,WH-A,CR-4,1.69207,1.15528,0.90943,1.10505,0
2024-05-19,WH-B,CR-1,2.47337,1.03404,0.93786,1.10505,0
2024-05-19,WH-B,CR-2,2.47337,1.03404,0.88881,1.10505,0
2024-05-19,WH-B,CR-3,2.47337,1.03404,0.85068,1.10505,0
2024-05-19,WH-B,CR-4,2.47337,1.03404,0.90391,1.10505,0
2024-05-19,WH-C,CR-1,2.08399,1.12405,0.92683,1.10505,0
2024-05-19,WH-C,CR-2,2.08399,1.12405,0.88702,1.10505,0
2024-05-19,WH-C,CR-3,2.08399,1.12405,0.86699,1.10505,0
2024-05-19,WH-C,CR-4,2.08399,1.12405,0.90239,1.10505,0
2024-05-20,WH-A,CR-1,2.05469,1.07145,0.92566,0.22636,0
2024-05-20,WH-A,CR-2,2.05469,1.07145,0.90723,0.22636,0
2024-05-20,WH-A,CR-3,2.05469,1.07145,0.89664,0.22636,0
2024-05-20,WH-A,CR-4,2.05469,1.07145,0.90294,0.22636,0
2024-05-20,WH-B,CR-1,2.48396,1.03992,0.92831,0.22636,0
2024-05-20,WH-B,CR-2,2.48396,1.03992,0.90155,0.22636,0
2024-05-20,WH-B,CR-3,2.48396,1.03992,0.87088,0.22636,0
2024-05-20,WH-B,CR-4,2.48396,1.03992,0.91952,0.22636,0
2024-05-20,WH-C,CR-1,1.90596,1.10718,0.91838,0.22636,0
2024-05-20,WH-C,CR-2,1.90596,1.10718,0.91528,0.22636,0
2024-05-20,WH-C,CR-3,1.90596,1.10718,0.88496,0.22636,0
2024-05-20,WH-C,CR-4,1.90596,1.10718,0.93604,0.22636,0
2024-05-21,WH-A,CR-1,2.21952,1.0675,0.93962,0.02733,0
2024-05-21,WH-A,CR-2,2.21952,1.0675,0.90811,0.02733,0
2024-05-21,WH-A,CR-3,2.21952,1.0675,0.90161,0.02733,0
2024-05-21,WH-A,CR-4,2.21952,1.0675,0.9526,0.02733,0
2024-05-21,WH-B,CR-1,1.80942,1.34951,0.92853,0.02733,0
2024-05-21,WH-B,CR-2,1.80942,1.34951,0.92128,0.02733,0
2024-05-21,WH-B,CR-3,1.80942,1.34951,0.89115,0.02733,0
2024-05-21,WH-B,CR-4,1.80942,1.34951,0.91756,0.02733,0
2024-05-21,WH-C,CR-1,1.95889,1.1414,0.94616,0.02733,0
2024-05-21,WH-C,CR-2,1.95889,1.1414,0.91228,0.02733,0
2024-05-21,WH-C,CR-3,1.95889,1.1414,0.89386,0.02733,0
2024-05-21,WH-C,CR-4,1.95889,1.1414,0.93041,0.02733,0
2024-05-22,WH-A,CR-1,2.29171,1.20855,0.92749,0.25186,0
2024-05-22,WH-A,CR-2,2.29171,1.20855,0.89292,0.25186,0
2024-05-22,WH-A,CR-3,2.29171,1.20855,0.86865,0.25186,0
2024-05-22,WH-A,CR-4,2.29171,1.20855,0.91802,0.25186,0
2024-05-22,WH-B,CR-1,2.22718,1.22808,0.93361,0.25186,0
2024-05-22,WH-B,CR-2,2.22718,1.22808,0.92264,0.25186,0
2024-05-22,WH-B,CR-3,2.22718,1.22808,0.89189,0.25186,0
2024-05-22,WH-B,CR-4,2.22718,1.22808,0.92839,0.25186,0
2024-05-22,WH-C,CR-1,1.5315,1.27603,0.93473,0.25186,0
2024-05-22,WH-C,CR-2,1.5315,1.27603,0.90698,0.25186,0
2024-05-22,WH-C,CR-3,1.5315,1.27603,0.87139,0.25186,0
2024-05-22,WH-C,CR-4,1.5315,1.27603,0.91479,0.25186,0
2024-05-23,WH-A,CR-1,1.85979,1.35,0.92639,0.03233,0
2024-05-23,WH-A,CR-2,1.85979,1.35,0.89433,0.03233,0
2024-05-23,WH-A,CR-3,1.85979,1.35,0.88554,0.03233,0
2024-05-23,WH-A,CR-4,1.85979,1.35,0.94777,0.03233,0
2024-05-23,WH-B,CR-1,2.24464,1.19578,0.9173,0.03233,0
2024-05-23,WH-B,CR-2,2.24464,1.19578,0.90129,0.03233,0
2024-05-23,WH-B,CR-3,2.24464,1.19578,0.86653,0.03233,0
2024-05-23,WH-B,CR-4,2.24464,1.19578,0.90668,0.03233,0
2024-05-23,WH-C,CR-1,1.58079,0.97057,0.92355,0.03233,0
2024-05-23,WH-C,CR-2,1.58079,0.97057,0.90297,0.03233,0
2024-05-23,WH-C,CR-3,1.58079,0.97057,0.86944,0.03233,0
2024-05-23,WH-C,CR-4,1.58079,0.97057,0.93417,0.03233,0
2024-05-24,WH-A,CR-1,2.11503,1.24127,0.93252,0.41419,0
2024-05-24,WH-A,CR-2,2.11503,1.24127,0.90619,0.41419,0
2024-05-24,WH-A,CR-3,2.11503,1.24127,0.87868,0.41419,0
2024-05-24,WH-A,CR-4,2.11503,1.24127,0.92424,0.41419,0
2024-05-24,WH-B,CR-1,2.09283,1.1234,0.92273,0.41419,0
2024-05-24,WH-B,CR-2,2.09283,1.1234,0.9076,0.41419,0
2024-05-24,WH-B,CR-3,2.09283,1.1234,0.87142,0.41419,0
2024-05-24,WH-B,CR-4,2.09283,1.1234,0.91459,0.41419,0
2024-05-24,WH-C,CR-1,1.33856,1.05317,0.94429,0.41419,0
2024-05-24,WH-C,CR-2,1.33856,1.05317,0.90349,0.41419,0
2024-05-24,WH-C,CR-3,1.33856,1.05317,0.86219,0.41419,0
2024-05-24,WH-C,CR-4,1.33856,1.05317,0.93225,0.41419,0
2024-05-25,WH-A,CR-1,2.37348,1.02703,0.9323,0.15492,0
2024-05-25,WH-A,CR-2,2.37348,1.02703,0.90771,0.15492,0
2024-05-25,WH-A,CR-3,2.37348,1.02703,0.89092,0.15492,0
2024-05-25,WH-A,CR-4,2.37348,1.02703,0.92745,0.15492,0
2024-05-25,WH-B,CR-1,1.71193,1.11351,0.93139,0.15492,0
2024-05-25,WH-B,CR-2,1.71193,1.11351,0.92987,0.15492,0
2024-05-25,WH-B,CR-3,1.71193,1.11351,0.8772,0.15492,0
2024-05-25,WH-B,CR-4,1.71193,1.11351,0.90039,0.15492,0
2024-05-25,WH-C,CR-1,1.53643,1.22557,0.95612,0.15492,0
2024-05-25,WH-C,CR-2,1.53643,1.22557,0.92918,0.15492,0
2024-05-25,WH-C,CR-3,1.53643,1.22557,0.86497,0.15492,0
2024-05-25,WH-C,CR-4,1.53643,1.22557,0.93816,0.15492,0
2024-05-26,WH-A,CR-1,1.73694,1.01844,0.92966,0.12366,0
2024-05-26,WH-A,CR-2,1.73694,1.01844,0.91856,0.12366,0
2024-05-26,WH-A,CR-3,1.73694,1.01844,0.88738,0.12366,0
2024-05-26,WH-A,CR-4,1.73694,1.01844,0.9311,0.12366,0
2024-05-26,WH-B,CR-1,1.40982,1.04507,0.92882,0.12366,0
2024-05-26,WH-B,CR-2,1.40982,1.04507,0.91821,0.12366,0
2024-05-26,WH-B,CR-3,1.40982,1.04507,0.89191,0.12366,0
2024-05-26,WH-B,CR-4,1.40982,1.04507,0.94045,0.12366,0
2024-05-26,WH-C,CR-1,1.27406,0.85084,0.91657,0.12366,0
2024-05-26,WH-C,CR-2,1.27406,0.85084,0.92483,0.12366,0
2024-05-26,WH-C,CR-3,1.27406,0.85084,0.87296,0.12366,0
2024-05-26,WH-C,CR-4,1.27406,0.85084,0.91877,0.12366,0
2024-05-27,WH-A,CR-1,1.77568,1.12653,0.91654,1.21509,0
2024-05-27,WH-A,CR-2,1.77568,1.12653,0.89085,1.21509,0
2024-05-27,WH-A,CR-3,1.77568,1.12653,0.87733,1.21509,0
2024-05-27,WH-A,CR-4,1.77568,1.12653,0.9132,1.21509,0
2024-05-27,WH-B,CR-1,1.93861,1.24354,0.90409,1.21509,0
2024-05-27,WH-B,CR-2,1.93861,1.24354,0.89719,1.21509,0
2024-05-27,WH-B,CR-3,1.93861,1.24354,0.85459,1.21509,0
2024-05-27,WH-B,CR-4,1.93861,1.24354,0.87794,1.21509,0
2024-05-27,WH-C,CR-1,0.6214,1.06855,0.9245,1.21509,0
2024-05-27,WH-C,CR-2,0.6214,1.06855,0.88949,1.21509,0
2024-05-27,WH-C,CR-3,0.6214,1.06855,0.86034,1.21509,0
2024-05-27,WH-C,CR-4,0.6214,1.06855,0.93154,1.21509,0
2024-05-28,WH-A,CR-1,1.89725,1.0911,0.93945,0.04926,0
2024-05-28,WH-A,CR-2,1.89725,1.0911,0.88991,0.04926,0
2024-05-28,WH-A,CR-3,1.89725,1.0911,0.89603,0.04926,0
2024-05-28,WH-A,CR-4,1.89725,1.0911,0.92093,0.04926,0
2024-05-28,WH-B,CR-1,2.73759,1.1474,0.95145,0.04926,0
2024-05-28,WH-B,CR-2,2.73759,1.1474,0.90847,0.04926,0
2024-05-28,WH-B,CR-3,2.73759,1.1474,0.87874,0.04926,0
2024-05-28,WH-B,CR-4,2.73759,1.1474,0.9221,0.04926,0
2024-05-28,WH-C,CR-1,0.98211,1.17544,0.9297,0.04926,0
2024-05-28,WH-C,CR-2,0.98211,1.17544,0.90761,0.04926,0
2024-05-28,WH-C,CR-3,0.98211,1.17544,0.87179,0.04926,0
2024-05-28,WH-C,CR-4,0.98211,1.17544,0.95671,0.04926,0
2024-05-29,WH-A,CR-1,1.79962,1.17074,0.91919,0.27503,0
2024-05-29,WH-A,CR-2,1.79962,1.17074,0.89968,0.27503,0
2024-05-29,WH-A,CR-3,1.79962,1.17074,0.87758,0.27503,0
2024-05-29,WH-A,CR-4,1.79962,1.17074,0.94408,0.27503,0
2024-05-29,WH-B,CR-1,2.622,1.2607,0.94274,0.27503,0
2024-05-29,WH-B,CR-2,2.622,1.2607,0.92458,0.27503,0
2024-05-29,WH-B,CR-3,2.622,1.2607,0.87434,0.27503,0
2024-05-29,WH-B,CR-4,2.622,1.2607,0.95373,0.27503,0
2024-05-29,WH-C,CR-1,1.00336,1.08868,0.92053,0.27503,0
2024-05-29,WH-C,CR-2,1.00336,1.08868,0.93302,0.27503,0
2024-05-29,WH-C,CR-3,1.00336,1.08868,0.88488,0.27503,0
2024-05-29,WH-C,CR-4,1.00336,1.08868,0.92104,0.27503,0
2024-05-30,WH-A,CR-1,2.49113,1.02617,0.92027,0.91944,0
2024-05-30,WH-A,CR-2,2.49113,1.02617,0.8879,0.91944,0
2024-05-30,WH-A,CR-3,2.49113,1.02617,0.83977,0.91944,0
2024-05-30,WH-A,CR-4,2.49113,1.02617,0.92617,0.91944,0
2024-05-30,WH-B,CR-1,2.37289,1.20917,0.95177,0.91944,0
2024-05-30,WH-B,CR-2,2.37289,1.20917,0.88921,0.91944,0
2024-05-30,WH-B,CR-3,2.37289,1.20917,0.8584,0.91944,0
2024-05-30,WH-B,CR-4,2.37289,1.20917,0.91487,0.91944,0
2024-05-30,WH-C,CR-1,1.53095,1.10466,0.91588,0.91944,0
2024-05-30,WH-C,CR-2,1.53095,1.10466,0.90614,0.91944,0
2024-05-30,WH-C,CR-3,1.53095,1.10466,0.86799,0.91944,0
2024-05-30,WH-C,CR-4,1.53095,1.10466,0.88891,0.91944,0
2024-05-31,WH-A,CR-1,2.39147,1.08902,0.93699,0.05362,0
2024-05-31,WH-A,CR-2,2.39147,1.08902,0.90919,0.05362,0
2024-05-31,WH-A,CR-3,2.39147,1.08902,0.88786,0.05362,0
2024-05-31,WH-A,CR-4,2.39147,1.08902,0.91274,0.05362,0
2024-05-31,WH-B,CR-1,2.00961,1.17184,0.93784,0.05362,0
2024-05-31,WH-B,CR-2,2.00961,1.17184,0.9159,0.05362,0
2024-05-31,WH-B,CR-3,2.00961,1.17184,0.86428,0.05362,0
2024-05-31,WH-B,CR-4,2.00961,1.17184,0.93332,0.05362,0
2024-05-31,WH-C,CR-1,1.90873,1.18895,0.9407,0.05362,0
2024-05-31,WH-C,CR-2,1.90873,1.18895,0.90788,0.05362,0
2024-05-31,WH-C,CR-3,1.90873,1.18895,0.86902,0.05362,0
2024-05-31,WH-C,CR-4,1.90873,1.18895,0.92817,0.05362,0
2024-06-01,WH-A,CR-1,1.87291,1.03062,0.92573,0.92675,0
2024-06-01,WH-A,CR-2,1.87291,1.03062,0.88884,0.92675,0
2024-06-01,WH-A,CR-3,1.87291,1.03062,0.86914,0.92675,0
2024-06-01,WH-A,CR-4,1.87291,1.03062,0.91959,0.92675,0
2024-06-01,WH-B,CR-1,2.37727,1.18388,0.93527,0.92675,0
2024-06-01,WH-B,CR-2,2.37727,1.18388,0.88211,0.92675,0
2024-06-01,WH-B,CR-3,2.37727,1.18388,0.85248,0.92675,0
2024-06-01,WH-B,CR-4,2.37727,1.18388,0.91241,0.92675,0
2024-06-01,WH-C,CR-1,1.61265,0.97893,0.91802,0.92675,0
2024-06-01,WH-C,CR-2,1.61265,0.97893,0.88762,0.92675,0
2024-06-01,WH-C,CR-3,1.61265,0.97893,0.85526,0.92675,0
2024-06-01,WH-C,CR-4,1.61265,0.97893,0.90953,0.92675,0
2024-06-02,WH-A,CR-1,2.71071,1.08364,0.92082,0.87212,0
2024-06-02,WH-A,CR-2,2.71071,1.08364,0.89435,0.87212,0
2024-06-02,WH-A,CR-3,2.71071,1.08364,0.86738,0.87212,0
2024-06-02,WH-A,CR-4,2.71071,1.08364,0.91952,0.87212,0
2024-06-02,WH-B,CR-1,3.03026,1.00237,0.93461,0.87212,0
2024-06-02,WH-B,CR-2,3.03026,1.00237,0.89679,0.87212,0
2024-06-02,WH-B,CR-3,3.03026,1.00237,0.84545,0.87212,0
2024-06-02,WH-B,CR-4,3.03026,1.00237,0.92355,0.87212,0
2024-06-02,WH-C,CR-1,2.02007,1.00143,0.92419,0.87212,0
2024-06-02,WH-C,CR-2,2.02007,1.00143,0.8736,0.87212,0
2024-06-02,WH-C,CR-3,2.02007,1.00143,0.8492,0.87212,0
2024-06-02,WH-C,CR-4,2.02007,1.00143,0.92688,0.87212,0
2024-06-03,WH-A,CR-1,2.46874,1.10821,0.93119,0.17533,0
2024-06-03,WH-A,CR-2,2.46874,1.10821,0.91572,0.17533,0
2024-06-03,WH-A,CR-3,2.46874,1.10821,0.8629,0.17533,0
2024-06-03,WH-A,CR-4,2.46874,1.10821,0.91598,0.17533,0
2024-06-03,WH-B,CR-1,2.78007,1.22755,0.9517,0.17533,0
2024-06-03,WH-B,CR-2,2.78007,1.22755,0.89886,0.17533,0
2024-06-03,WH-B,CR-3,2.78007,1.22755,0.88809,0.17533,0
2024-06-03,WH-B,CR-4,2.78007,1.22755,0.91743,0.17533,0
2024-06-03,WH-C,CR-1,2.47869,1.0593,0.95279,0.17533,0
2024-06-03,WH-C,CR-2,2.47869,1.0593,0.89897,0.17533,0
2024-06-03,WH-C,CR-3,2.47869,1.0593,0.901,0.17533,0
2024-06-03,WH-C,CR-4,2.47869,1.0593,0.93394,0.17533,0
2024-06-04,WH-A,CR-1,2.50284,1.23421,0.93775,0.07811,0
2024-06-04,WH-A,CR-2,2.50284,1.23421,0.90913,0.07811,0
2024-06-04,WH-A,CR-3,2.50284,1.23421,0.88769,0.07811,0
2024-06-04,WH-A,CR-4,2.50284,1.23421,0.93018,0.07811,0
2024-06-04,WH-B,CR-1,2.10906,1.08496,0.94142,0.07811,0
2024-06-04,WH-B,CR-2,2.10906,1.08496,0.92318,0.07811,0
2024-06-04,WH-B,CR-3,2.10906,1.08496,0.89799,0.07811,0
2024-06-04,WH-B,CR-4,2.10906,1.08496,0.93795,0.07811,0
2024-06-04,WH-C,CR-1,2.23645,1.20991,0.93059,0.07811,0
2024-06-04,WH-C,CR-2,2.23645,1.20991,0.90676,0.07811,0
2024-06-04,WH-C,CR-3,2.23645,1.20991,0.8687,0.07811,0
2024-06-04,WH-C,CR-4,2.23645,1.20991,0.91361,0.07811,0
2024-06-05,WH-A,CR-1,2.49053,1.19369,0.93525,0.42551,0
2024-06-05,WH-A,CR-2,2.49053,1.19369,0.90902,0.42551,0
2024-06-05,WH-A,CR-3,2.49053,1.19369,0.87183,0.42551,0
2024-06-05,WH-A,CR-4,2.49053,1.19369,0.9273,0.42551,0
2024-06-05,WH-B,CR-1,1.86974,1.17958,0.94036,0.42551,0
2024-06-05,WH-B,CR-2,1.86974,1.17958,0.8943,0.42551,0
2024-06-05,WH-B,CR-3,1.86974,1.17958,0.87296,0.42551,0
2024-06-05,WH-B,CR-4,1.86974,1.17958,0.91486,0.42551,0
2024-06-05,WH-C,CR-1,1.79241,1.06001,0.94753,0.42551,0
2024-06-05,WH-C,CR-2,1.79241,1.06001,0.91513,0.42551,0
2024-06-05,WH-C,CR-3,1.79241,1.06001,0.87879,0.42551,0
2024-06-05,WH-C,CR-4,1.79241,1.06001,0.94601,0.42551,0
2024-06-06,WH-A,CR-1,1.96276,1.1318,0.93864,0.24575,0
2024-06-06,WH-A,CR-2,1.96276,1.1318,0.9008,0.24575,0
2024-06-06,WH-A,CR-3,1.96276,1.1318,0.88004,0.24575,0
2024-06-06,WH-A,CR-4,1.96276,1.1318,0.9356,0.24575,0
2024-06-06,WH-B,CR-1,1.9267,1.29214,0.93845,0.24575,0
2024-06-06,WH-B,CR-2,1.9267,1.29214,0.90882,0.24575,0
2024-06-06,WH-B,CR-3,1.9267,1.29214,0.86467,0.24575,0
2024-06-06,WH-B,CR-4,1.9267,1.29214,0.9306,0.24575,0
2024-06-06,WH-C,CR-1,1.6394,1.10134,0.92626,0.24575,0
2024-06-06,WH-C,CR-2,1.6394,1.10134,0.93764,0.24575,0
2024-06-06,WH-C,CR-3,1.6394,1.10134,0.87241,0.24575,0
2024-06-06,WH-C,CR-4,1.6394,1.10134,0.90809,0.24575,0
2024-06-07,WH-A,CR-1,2.0866,1.19438,0.94582,0.12797,0
2024-06-07,WH-A,CR-2,2.0866,1.19438,0.89996,0.12797,0
2024-06-07,WH-A,CR-3,2.0866,1.19438,0.88178,0.12797,0
2024-06-07,WH-A,CR-4,2.0866,1.19438,0.91718,0.12797,0
2024-06-07,WH-B,CR-1,1.78496,1.07658,0.92344,0.12797,0
2024-06-07,WH-B,CR-2,1.78496,1.07658,0.92047,0.12797,0
2024-06-07,WH-B,CR-3,1.78496,1.07658,0.88596,0.12797,0
2024-06-07,WH-B,CR-4,1.78496,1.07658,0.93942,0.12797,0
2024-06-07,WH-C,CR-1,1.59884,1.21214,0.91656,0.12797,0
2024-06-07,WH-C,CR-2,1.59884,1.21214,0.91805,0.12797,0
2024-06-07,WH-C,CR-3,1.59884,1.21214,0.87982,0.12797,0
2024-06-07,WH-C,CR-4,1.59884,1.21214,0.93522,0.12797,0
2024-06-08,WH-A,CR-1,1.44967,1.01304,0.93877,0.44477,0
2024-06-08,WH-A,CR-2,1.44967,1.01304,0.91028,0.44477,0
2024-06-08,WH-A,CR-3,1.44967,1.01304,0.85558,0.44477,0
2024-06-08,WH-A,CR-4,1.44967,1.01304,0.91022,0.44477,0
2024-06-08,WH-B,CR-1,1.65478,1.04142,0.91565,0.44477,0
2024-06-08,WH-B,CR-2,1.65478,1.04142,0.88493,0.44477,0
2024-06-08,WH-B,CR-3,1.65478,1.04142,0.86213,0.44477,0
2024-06-08,WH-B,CR-4,1.65478,1.04142,0.92303,0.44477,0
2024-06-08,WH-C,CR-1,1.14373,1.06074,0.9447,0.44477,0
2024-06-08,WH-C,CR-2,1.14373,1.06074,0.88637,0.44477,0
2024-06-08,WH-C,CR-3,1.14373,1.06074,0.86952,0.44477,0
2024-06-08,WH-C,CR-4,1.14373,1.06074,0.93429,0.44477,0
2024-06-09,WH-A,CR-1,1.9654,1.0455,0.9499,0.18644,0
2024-06-09,WH-A,CR-2,1.9654,1.0455,0.91179,0.18644,0
2024-06-09,WH-A,CR-3,1.9654,1.0455,0.87253,0.18644,0
2024-06-09,WH-A,CR-4,1.9654,1.0455,0.9324,0.18644,0
2024-06-09,WH-B,CR-1,1.93365,1.15167,0.93006,0.18644,0
2024-06-09,WH-B,CR-2,1.93365,1.15167,0.90714,0.18644,0
2024-06-09,WH-B,CR-3,1.93365,1.15167,0.87591,0.18644,0
2024-06-09,WH-B,CR-4,1.93365,1.15167,0.93509,0.18644,0
2024-06-09,WH-C,CR-1,0.9005,1.15136,0.94224,0.18644,0
2024-06-09,WH-C,CR-2,0.9005,1.15136,0.89084,0.18644,0
2024-06-09,WH-C,CR-3,0.9005,1.15136,0.89114,0.18644,0
2024-06-09,WH-C,CR-4,0.9005,1.15136,0.95345,0.18644,0
2024-06-10,WH-A,CR-1,1.92147,1.01708,0.90418,0.76086,0
2024-06-10,WH-A,CR-2,1.92147,1.01708,0.89937,0.76086,0
2024-06-10,WH-A,CR-3,1.92147,1.01708,0.8592,0.76086,0
2024-06-10,WH-A,CR-4,1.92147,1.01708,0.90533,0.76086,0
2024-06-10,WH-B,CR-1,1.979,1.19925,0.90887,0.76086,0
2024-06-10,WH-B,CR-2,1.979,1.19925,0.89092,0.76086,0
2024-06-10,WH-B,CR-3,1.979,1.19925,0.88442,0.76086,0
2024-06-10,WH-B,CR-4,1.979,1.19925,0.9034,0.76086,0
2024-06-10,WH-C,CR-1,1.40383,1.11122,0.93285,0.76086,0
2024-06-10,WH-C,CR-2,1.40383,1.11122,0.90947,0.76086,0
2024-06-10,WH-C,CR-3,1.40383,1.11122,0.8752,0.76086,0
2024-06-10,WH-C,CR-4,1.40383,1.11122,0.92721,0.76086,0
2024-06-11,WH-A,CR-1,1.56278,1.17076,0.94199,0.06156,0
2024-06-11,WH-A,CR-2,1.56278,1.17076,0.91471,0.06156,0
2024-06-11,WH-A,CR-3,1.56278,1.17076,0.88294,0.06156,0
2024-06-11,WH-A,CR-4,1.56278,1.17076,0.91877,0.06156,0
2024-06-11,WH-B,CR-1,1.55616,1.21979,0.94112,0.06156,0
2024-06-11,WH-B,CR-2,1.55616,1.21979,0.92268,0.06156,0
2024-06-11,WH-B,CR-3,1.55616,1.21979,0.87836,0.06156,0
2024-06-11,WH-B,CR-4,1.55616,1.21979,0.91203,0.06156,0
2024-06-11,WH-C,CR-1,1.76289,1.12037,0.943,0.06156,0
2024-06-11,WH-C,CR-2,1.76289,1.12037,0.90112,0.06156,0
2024-06-11,WH-C,CR-3,1.76289,1.12037,0.89862,0.06156,0
2024-06-11,WH-C,CR-4,1.76289,1.12037,0.91837,0.06156,0
2024-06-12,WH-A,CR-1,1.24397,1.17644,0.95563,0.20614,0
2024-06-12,WH-A,CR-2,1.24397,1.17644,0.9004,0.20614,0
2024-06-12,WH-A,CR-3,1.24397,1.17644,0.88103,0.20614,0
2024-06-12,WH-A,CR-4,1.24397,1.17644,0.8933,0.20614,0
2024-06-12,WH-B,CR-1,1.73831,1.12496,0.92647,0.20614,0
2024-06-12,WH-B,CR-2,1.73831,1.12496,0.91927,0.20614,0
2024-06-12,WH-B,CR-3,1.73831,1.12496,0.87237,0.20614,0
2024-06-12,WH-B,CR-4,1.73831,1.12496,0.92416,0.20614,0
2024-06-12,WH-C,CR-1,1.5243,0.99665,0.92271,0.20614,0
2024-06-12,WH-C,CR-2,1.5243,0.99665,0.91782,0.20614,0
2024-06-12,WH-C,CR-3,1.5243,0.99665,0.85097,0.20614,0
2024-06-12,WH-C,CR-4,1.5243,0.99665,0.91709,0.20614,0
2024-06-13,WH-A,CR-1,1.68618,1.10543,0.95222,0.19084,0
2024-06-13,WH-A,CR-2,1.68618,1.10543,0.89768,0.19084,0
2024-06-13,WH-A,CR-3,1.68618,1.10543,0.88867,0.19084,0
2024-06-13,WH-A,CR-4,1.68618,1.10543,0.91026,0.19084,0
2024-06-13,WH-B,CR-1,2.24413,1.11751,0.92422,0.19084,0
2024-06-13,WH-B,CR-2,2.24413,1.11751,0.90396,0.19084,0
2024-06-13,WH-B,CR-3,2.24413,1.11751,0.87989,0.19084,0
2024-06-13,WH-B,CR-4,2.24413,1.11751,0.92063,0.19084,0
2024-06-13,WH-C,CR-1,1.69326,1.10336,0.94401,0.19084,0
2024-06-13,WH-C,CR-2,1.69326,1.10336,0.91187,0.19084,0
2024-06-13,WH-C,CR-3,1.69326,1.10336,0.87583,0.19084,0
2024-06-13,WH-C,CR-4,1.69326,1.10336,0.92127,0.19084,0
2024-06-14,WH-A,CR-1,2.42439,1.22515,0.94531,0.35544,0
2024-06-14,WH-A,CR-2,2.42439,1.22515,0.94066,0.35544,0
2024-06-14,WH-A,CR-3,2.42439,1.22515,0.87979,0.35544,0
2024-06-14,WH-A,CR-4,2.42439,1.22515,0.92942,0.35544,0
2024-06-14,WH-B,CR-1,2.44183,1.06928,0.92828,0.35544,0
2024-06-14,WH-B,CR-2,2.44183,1.06928,0.89753,0.35544,0
2024-06-14,WH-B,CR-3,2.44183,1.06928,0.88137,0.35544,0
2024-06-14,WH-B,CR-4,2.44183,1.06928,0.92151,0.35544,0
2024-06-14,WH-C,CR-1,1.65574,1.237,0.94396,0.35544,0
2024-06-14,WH-C,CR-2,1.65574,1.237,0.90166,0.35544,0
2024-06-14,WH-C,CR-3,1.65574,1.237,0.86556,0.35544,0
2024-06-14,WH-C,CR-4,1.65574,1.237,0.93723,0.35544,0
2024-06-15,WH-A,CR-1,2.07112,1.08324,0.93797,0.63182,0
2024-06-15,WH-A,CR-2,2.07112,1.08324,0.90955,0.63182,0
2024-06-15,WH-A,CR-3,2.07112,1.08324,0.87203,0.63182,0
2024-06-15,WH-A,CR-4,2.07112,1.08324,0.92565,0.63182,0
2024-06-15,WH-B,CR-1,2.34451,1.01609,0.92549,0.63182,0
2024-06-15,WH-B,CR-2,2.34451,1.01609,0.89886,0.63182,0
2024-06-15,WH-B,CR-3,2.34451,1.01609,0.86821,0.63182,0
2024-06-15,WH-B,CR-4,2.34451,1.01609,0.896,0.63182,0
2024-06-15,WH-C,CR-1,1.44199,1.0745,0.92525,0.63182,0
2024-06-15,WH-C,CR-2,1.44199,1.0745,0.89567,0.63182,0
2024-06-15,WH-C,CR-3,1.44199,1.0745,0.87448,0.63182,0
2024-06-15,WH-C,CR-4,1.44199,1.0745,0.90568,0.63182,0
2024-06-16,WH-A,CR-1,2.21668,1.205,0.94899,0.02201,0
2024-06-16,WH-A,CR-2,2.21668,1.205,0.89198,0.02201,0
2024-06-16,WH-A,CR-3,2.21668,1.205,0.87682,0.02201,0
2024-06-16,WH-A,CR-4,2.21668,1.205,0.93268,0.02201,0
2024-06-16,WH-B,CR-1,2.31909,1.11314,0.9286,0.02201,0
2024-06-16,WH-B,CR-2,2.31909,1.11314,0.91038,0.02201,0
2024-06-16,WH-B,CR-3,2.31909,1.11314,0.88465,0.02201,0
2024-06-16,WH-B,CR-4,2.31909,1.11314,0.93951,0.02201,0
2024-06-16,WH-C,CR-1,1.1583,1.04239,0.90716,0.02201,0
2024-06-16,WH-C,CR-2,1.1583,1.04239,0.90215,0.02201,0
2024-06-16,WH-C,CR-3,1.1583,1.04239,0.87331,0.02201,0
2024-06-16,WH-C,CR-4,1.1583,1.04239,0.91737,0.02201,0
2024-06-17,WH-A,CR-1,1.25124,1.16724,0.92237,0.36056,0
2024-06-17,WH-A,CR-2,1.25124,1.16724,0.90934,0.36056,0
2024-06-17,WH-A,CR-3,1.25124,1.16724,0.85813,0.36056,0
2024-06-17,WH-A,CR-4,1.25124,1.16724,0.92387,0.36056,0
2024-06-17,WH-B,CR-1,2.13943,1.17425,0.93501,0.36056,0
2024-06-17,WH-B,CR-2,2.13943,1.17425,0.90045,0.36056,0
2024-06-17,WH-B,CR-3,2.13943,1.17425,0.85507,0.36056,0
2024-06-17,WH-B,CR-4,2.13943,1.17425,0.90578,0.36056,0
2024-06-17,WH-C,CR-1,1.04966,1.14934,0.92621,0.36056,0
2024-06-17,WH-C,CR-2,1.04966,1.14934,0.91101,0.36056,0
2024-06-17,WH-C,CR-3,1.04966,1.14934,0.87016,0.36056,0
2024-06-17,WH-C,CR-4,1.04966,1.14934,0.91193,0.36056,0
2024-06-18,WH-A,CR-1,1.52626,1.30027,0.92799,0.22144,0
2024-06-18,WH-A,CR-2,1.52626,1.30027,0.90513,0.22144,0
2024-06-18,WH-A,CR-3,1.52626,1.30027,0.88113,0.22144,0
2024-06-18,WH-A,CR-4,1.52626,1.30027,0.92573,0.22144,0
2024-06-18,WH-B,CR-1,1.94466,1.02606,0.92988,0.22144,0
2024-06-18,WH-B,CR-2,1.94466,1.02606,0.89313,0.22144,0
2024-06-18,WH-B,CR-3,1.94466,1.02606,0.85529,0.22144,0
2024-06-18,WH-B,CR-4,1.94466,1.02606,0.91647,0.22144,0
2024-06-18,WH-C,CR-1,0.81504,1.1967,0.94323,0.22144,0
2024-06-18,WH-C,CR-2,0.81504,1.1967,0.89517,0.22144,0
2024-06-18,WH-C,CR-3,0.81504,1.1967,0.87289,0.22144,0
2024-06-18,WH-C,CR-4,0.81504,1.1967,0.90372,0.22144,0
2024-06-19,WH-A,CR-1,1.87814,1.09296,0.94958,0.16909,0
2024-06-19,WH-A,CR-2,1.87814,1.09296,0.88877,0.16909,0
2024-06-19,WH-A,CR-3,1.87814,1.09296,0.86198,0.16909,0
2024-06-19,WH-A,CR-4,1.87814,1.09296,0.93547,0.16909,0
2024-06-19,WH-B,CR-1,2.57627,1.18947,0.93647,0.16909,0
2024-06-19,WH-B,CR-2,2.57627,1.18947,0.88061,0.16909,0
2024-06-19,WH-B,CR-3,2.57627,1.18947,0.85269,0.16909,0
2024-06-19,WH-B,CR-4,2.57627,1.18947,0.92851,0.16909,0
2024-06-19,WH-C,CR-1,0.9018,1.06153,0.93774,0.16909,0
2024-06-19,WH-C,CR-2,0.9018,1.06153,0.90834,0.16909,0
2024-06-19,WH-C,CR-3,0.9018,1.06153,0.88829,0.16909,0
2024-06-19,WH-C,CR-4,0.9018,1.06153,0.9286,0.16909,0
2024-06-20,WH-A,CR-1,1.77587,1.23514,0.91196,0.90544,0
2024-06-20,WH-A,CR-2,1.77587,1.23514,0.92748,0.90544,0
2024-06-20,WH-A,CR-3,1.77587,1.23514,0.86821,0.90544,0
2024-06-20,WH-A,CR-4,1.77587,1.23514,0.91827,0.90544,0
2024-06-20,WH-B,CR-1,2.5838,1.30017,0.93321,0.90544,0
2024-06-20,WH-B,CR-2,2.5838,1.30017,0.87444,0.90544,0
2024-06-20,WH-B,CR-3,2.5838,1.30017,0.88054,0.90544,0
2024-06-20,WH-B,CR-4,2.5838,1.30017,0.90961,0.90544,0
2024-06-20,WH-C,CR-1,1.11912,1.04766,0.93002,0.90544,0
2024-06-20,WH-C,CR-2,1.11912,1.04766,0.88589,0.90544,0
2024-06-20,WH-C,CR-3,1.11912,1.04766,0.8649,0.90544,0
2024-06-20,WH-C,CR-4,1.11912,1.04766,0.91029,0.90544,0
2024-06-21,WH-A,CR-1,1.76414,1.15512,0.9092,1.46222,0
2024-06-21,WH-A,CR-2,1.76414,1.15512,0.89695,1.46222,0
2024-06-21,WH-A,CR-3,1.76414,1.15512,0.84973,1.46222,0
2024-06-21,WH-A,CR-4,1.76414,1.15512,0.89862,1.46222,0
2024-06-21,WH-B,CR-1,2.74552,1.10694,0.91323,1.46222,0
2024-06-21,WH-B,CR-2,2.74552,1.10694,0.8647,1.46222,0
2024-06-21,WH-B,CR-3,2.74552,1.10694,0.86213,1.46222,0
2024-06-21,WH-B,CR-4,2.74552,1.10694,0.92697,1.46222,0
2024-06-21,WH-C,CR-1,1.4734,1.26694,0.90353,1.46222,0
2024-06-21,WH-C,CR-2,1.4734,1.26694,0.88652,1.46222,0
2024-06-21,WH-C,CR-3,1.4734,1.26694,0.84236,1.46222,0
2024-06-21,WH-C,CR-4,1.4734,1.26694,0.90095,1.46222,0
2024-06-22,WH-A,CR-1,1.2439,0.9648,0.91207,0.63093,0
2024-06-22,WH-A,CR-2,1.2439,0.9648,0.90454,0.63093,0
2024-06-22,WH-A,CR-3,1.2439,0.9648,0.89341,0.63093,0
2024-06-22,WH-A,CR-4,1.2439,0.9648,0.93499,0.63093,0
2024-06-22,WH-B,CR-1,1.84263,1.18369,0.93988,0.63093,0
2024-06-22,WH-B,CR-2,1.84263,1.18369,0.8801,0.63093,0
2024-06-22,WH-B,CR-3,1.84263,1.18369,0.865,0.63093,0
2024-06-22,WH-B,CR-4,1.84263,1.18369,0.93179,0.63093,0
2024-06-22,WH-C,CR-1,1.64199,0.96527,0.93597,0.63093,0
2024-06-22,WH-C,CR-2,1.64199,0.96527,0.87299,0.63093,0
2024-06-22,WH-C,CR-3,1.64199,0.96527,0.86597,0.63093,0
2024-06-22,WH-C,CR-4,1.64199,0.96527,0.9323,0.63093,0
2024-06-23,WH-A,CR-1,1.70952,1.14798,0.95015,0.30937,0
2024-06-23,WH-A,CR-2,1.70952,1.14798,0.91492,0.30937,0
2024-06-23,WH-A,CR-3,1.70952,1.14798,0.88741,0.30937,0
2024-06-23,WH-A,CR-4,1.70952,1.14798,0.93323,0.30937,0
2024-06-23,WH-B,CR-1,2.01036,1.07716,0.93158,0.30937,0
2024-06-23,WH-B,CR-2,2.01036,1.07716,0.88988,0.30937,0
2024-06-23,WH-B,CR-3,2.01036,1.07716,0.86297,0.30937,0
2024-06-23,WH-B,CR-4,2.01036,1.07716,0.92105,0.30937,0
2024-06-23,WH-C,CR-1,1.64152,1.18527,0.93393,0.30937,0
2024-06-23,WH-C,CR-2,1.64152,1.18527,0.91647,0.30937,0
2024-06-23,WH-C,CR-3,1.64152,1.18527,0.88738,0.30937,0
2024-06-23,WH-C,CR-4,1.64152,1.18527,0.92165,0.30937,0
2024-06-24,WH-A,CR-1,2.16173,1.20087,0.91597,0.54129,0
2024-06-24,WH-A,CR-2,2.16173,1.20087,0.9022,0.54129,0
2024-06-24,WH-A,CR-3,2.16173,1.20087,0.89003,0.54129,0
2024-06-24,WH-A,CR-4,2.16173,1.20087,0.91808,0.54129,0
2024-06-24,WH-B,CR-1,2.18122,1.19367,0.91782,0.54129,0
2024-06-24,WH-B,CR-2,2.18122,1.19367,0.90639,0.54129,0
2024-06-24,WH-B,CR-3,2.18122,1.19367,0.85353,0.54129,0
2024-06-24,WH-B,CR-4,2.18122,1.19367,0.91275,0.54129,0
2024-06-24,WH-C,CR-1,1.93128,1.17854,0.9266,0.54129,0
2024-06-24,WH-C,CR-2,1.93128,1.17854,0.90561,0.54129,0
2024-06-24,WH-C,CR-3,1.93128,1.17854,0.86954,0.54129,0
2024-06-24,WH-C,CR-4,1.93128,1.17854,0.92041,0.54129,0
2024-06-25,WH-A,CR-1,2.00511,1.12502,0.91068,0.57162,0
2024-06-25,WH-A,CR-2,2.00511,1.12502,0.88867,0.57162,0
2024-06-25,WH-A,CR-3,2.00511,1.12502,0.88853,0.57162,0
2024-06-25,WH-A,CR-4,2.00511,1.12502,0.92433,0.57162,0
2024-06-25,WH-B,CR-1,1.67041,1.02677,0.92836,0.57162,0
2024-06-25,WH-B,CR-2,1.67041,1.02677,0.91845,0.57162,0
2024-06-25,WH-B,CR-3,1.67041,1.02677,0.86747,0.57162,0
2024-06-25,WH-B,CR-4,1.67041,1.02677,0.93539,0.57162,0
2024-06-25,WH-C,CR-1,1.86438,1.1877,0.91368,0.57162,0
2024-06-25,WH-C,CR-2,1.86438,1.1877,0.91096,0.57162,0
2024-06-25,WH-C,CR-3,1.86438,1.1877,0.86569,0.57162,0
2024-06-25,WH-C,CR-4,1.86438,1.1877,0.93007,0.57162,0
2024-06-26,WH-A,CR-1,2.01046,1.13768,0.94291,0.10787,0
2024-06-26,WH-A,CR-2,2.01046,1.13768,0.90486,0.10787,0
2024-06-26,WH-A,CR-3,2.01046,1.13768,0.87027,0.10787,0
2024-06-26,WH-A,CR-4,2.01046,1.13768,0.94732,0.10787,0
2024-06-26,WH-B,CR-1,2.16684,1.08913,0.94488,0.10787,0
2024-06-26,WH-B,CR-2,2.16684,1.08913,0.89915,0.10787,0
2024-06-26,WH-B,CR-3,2.16684,1.08913,0.86384,0.10787,0
2024-06-26,WH-B,CR-4,2.16684,1.08913,0.94046,0.10787,0
2024-06-26,WH-C,CR-1,1.09935,1.22415,0.93503,0.10787,0
2024-06-26,WH-C,CR-2,1.09935,1.22415,0.90552,0.10787,0
2024-06-26,WH-C,CR-3,1.09935,1.22415,0.88298,0.10787,0
2024-06-26,WH-C,CR-4,1.09935,1.22415,0.93503,0.10787,0
2024-06-27,WH-A,CR-1,1.92849,1.04952,0.93606,0.10589,0
2024-06-27,WH-A,CR-2,1.92849,1.04952,0.92467,0.10589,0
2024-06-27,WH-A,CR-3,1.92849,1.04952,0.89821,0.10589,0
2024-06-27,WH-A,CR-4,1.92849,1.04952,0.9367,0.10589,0
2024-06-27,WH-B,CR-1,1.70384,1.18925,0.9483,0.10589,0
2024-06-27,WH-B,CR-2,1.70384,1.18925,0.9168,0.10589,0
2024-06-27,WH-B,CR-3,1.70384,1.18925,0.88751,0.10589,0
2024-06-27,WH-B,CR-4,1.70384,1.18925,0.93245,0.10589,0
2024-06-27,WH-C,CR-1,1.17125,1.10133,0.91532,0.10589,0
2024-06-27,WH-C,CR-2,1.17125,1.10133,0.91217,0.10589,0
2024-06-27,WH-C,CR-3,1.17125,1.10133,0.88033,0.10589,0
2024-06-27,WH-C,CR-4,1.17125,1.10133,0.93478,0.10589,0
2024-06-28,WH-A,CR-1,2.55269,1.15628,0.93849,0.04292,0
2024-06-28,WH-A,CR-2,2.55269,1.15628,0.91294,0.04292,0
2024-06-28,WH-A,CR-3,2.55269,1.15628,0.90362,0.04292,0
2024-06-28,WH-A,CR-4,2.55269,1.15628,0.91694,0.04292,0
2024-06-28,WH-B,CR-1,1.88869,1.08603,0.93266,0.04292,0
2024-06-28,WH-B,CR-2,1.88869,1.08603,0.90863,0.04292,0
2024-06-28,WH-B,CR-3,1.88869,1.08603,0.8954,0.04292,0
2024-06-28,WH-B,CR-4,1.88869,1.08603,0.95084,0.04292,0
2024-06-28,WH-C,CR-1,1.39824,1.11987,0.96914,0.04292,0
2024-06-28,WH-C,CR-2,1.39824,1.11987,0.9041,0.04292,0
2024-06-28,WH-C,CR-3,1.39824,1.11987,0.87237,0.04292,0
2024-06-28,WH-C,CR-4,1.39824,1.11987,0.90793,0.04292,0
2024-06-29,WH-A,CR-1,3.08362,0.95884,0.93907,1.02351,0
2024-06-29,WH-A,CR-2,3.08362,0.95884,0.89242,1.02351,0
2024-06-29,WH-A,CR-3,3.08362,0.95884,0.87125,1.02351,0
2024-06-29,WH-A,CR-4,3.08362,0.95884,0.8918,1.02351,0
2024-06-29,WH-B,CR-1,2.44962,1.13292,0.92111,1.02351,0
2024-06-29,WH-B,CR-2,2.44962,1.13292,0.89932,1.02351,0
2024-06-29,WH-B,CR-3,2.44962,1.13292,0.85239,1.02351,0
2024-06-29,WH-B,CR-4,2.44962,1.13292,0.90462,1.02351,0
2024-06-29,WH-C,CR-1,1.22479,0.92178,0.93192,1.02351,0
2024-06-29,WH-C,CR-2,1.22479,0.92178,0.90588,1.02351,0
2024-06-29,WH-C,CR-3,1.22479,0.92178,0.85316,1.02351,0
2024-06-29,WH-C,CR-4,1.22479,0.92178,0.91576,1.02351,0
2024-06-30,WH-A,CR-1,2.36091,0.99933,0.94858,0.22478,0
2024-06-30,WH-A,CR-2,2.36091,0.99933,0.90519,0.22478,0
2024-06-30,WH-A,CR-3,2.36091,0.99933,0.90022,0.22478,0
2024-06-30,WH-A,CR-4,2.36091,0.99933,0.92651,0.22478,0
2024-06-30,WH-B,CR-1,1.97434,1.16816,0.94352,0.22478,0
2024-06-30,WH-B,CR-2,1.97434,1.16816,0.91468,0.22478,0
2024-06-30,WH-B,CR-3,1.97434,1.16816,0.89024,0.22478,0
2024-06-30,WH-B,CR-4,1.97434,1.16816,0.91812,0.22478,0
2024-06-30,WH-C,CR-1,1.22779,1.05628,0.92047,0.22478,0
2024-06-30,WH-C,CR-2,1.22779,1.05628,0.90279,0.22478,0
2024-06-30,WH-C,CR-3,1.22779,1.05628,0.89199,0.22478,0
2024-06-30,WH-C,CR-4,1.22779,1.05628,0.9288,0.22478,0
2024-07-01,WH-A,CR-1,2.69154,1.14277,0.93147,0.04217,0
2024-07-01,WH-A,CR-2,2.69154,1.14277,0.90595,0.04217,0
2024-07-01,WH-A,CR-3,2.69154,1.14277,0.86151,0.04217,0
2024-07-01,WH-A,CR-4,2.69154,1.14277,0.94632,0.04217,0
2024-07-01,WH-B,CR-1,1.85003,1.25939,0.93986,0.04217,0
2024-07-01,WH-B,CR-2,1.85003,1.25939,0.9264,0.04217,0
2024-07-01,WH-B,CR-3,1.85003,1.25939,0.88232,0.04217,0
2024-07-01,WH-B,CR-4,1.85003,1.25939,0.93948,0.04217,0
2024-07-01,WH-C,CR-1,1.52402,1.19986,0.94342,0.04217,0
2024-07-01,WH-C,CR-2,1.52402,1.19986,0.90645,0.04217,0
2024-07-01,WH-C,CR-3,1.52402,1.19986,0.90223,0.04217,0
2024-07-01,WH-C,CR-4,1.52402,1.19986,0.91836,0.04217,0
2024-07-02,WH-A,CR-1,2.46269,1.11564,0.93829,0.30474,0
2024-07-02,WH-A,CR-2,2.46269,1.11564,0.90249,0.30474,0
2024-07-02,WH-A,CR-3,2.46269,1.11564,0.85553,0.30474,0
2024-07-02,WH-A,CR-4,2.46269,1.11564,0.92463,0.30474,0
2024-07-02,WH-B,CR-1,1.51966,1.01125,0.93616,0.30474,0
2024-07-02,WH-B,CR-2,1.51966,1.01125,0.91037,0.30474,0
2024-07-02,WH-B,CR-3,1.51966,1.01125,0.88084,0.30474,0
2024-07-02,WH-B,CR-4,1.51966,1.01125,0.93132,0.30474,0
2024-07-02,WH-C,CR-1,0.78654,1.04112,0.9582,0.30474,0
2024-07-02,WH-C,CR-2,0.78654,1.04112,0.89195,0.30474,0
2024-07-02,WH-C,CR-3,0.78654,1.04112,0.88184,0.30474,0
2024-07-02,WH-C,CR-4,0.78654,1.04112,0.91627,0.30474,0
2024-07-03,WH-A,CR-1,2.3677,1.16094,0.92868,0.33004,0
2024-07-03,WH-A,CR-2,2.3677,1.16094,0.89146,0.33004,0
2024-07-03,WH-A,CR-3,2.3677,1.16094,0.87727,0.33004,0
2024-07-03,WH-A,CR-4,2.3677,1.16094,0.90951,0.33004,0
2024-07-03,WH-B,CR-1,1.8378,1.35,0.95026,0.33004,0
2024-07-03,WH-B,CR-2,1.8378,1.35,0.91268,0.33004,0
2024-07-03,WH-B,CR-3,1.8378,1.35,0.87303,0.33004,0
2024-07-03,WH-B,CR-4,1.8378,1.35,0.90079,0.33004,0
2024-07-03,WH-C,CR-1,0.51886,1.25262,0.92458,0.33004,0
2024-07-03,WH-C,CR-2,0.51886,1.25262,0.89567,0.33004,0
2024-07-03,WH-C,CR-3,0.51886,1.25262,0.87207,0.33004,0
2024-07-03,WH-C,CR-4,0.51886,1.25262,0.91131,0.33004,0
2024-07-04,WH-A,CR-1,1.79544,1.09072,0.92966,0.05348,0
2024-07-04,WH-A,CR-2,1.79544,1.09072,0.91531,0.05348,0
2024-07-04,WH-A,CR-3,1.79544,1.09072,0.87625,0.05348,0
2024-07-04,WH-A,CR-4,1.79544,1.09072,0.92689,0.05348,0
2024-07-04,WH-B,CR-1,2.10197,1.13864,0.9357,0.05348,0
2024-07-04,WH-B,CR-2,2.10197,1.13864,0.91468,0.05348,0
2024-07-04,WH-B,CR-3,2.10197,1.13864,0.88706,0.05348,0
2024-07-04,WH-B,CR-4,2.10197,1.13864,0.92727,0.05348,0
2024-07-04,WH-C,CR-1,0.83394,1.08746,0.92871,0.05348,0
2024-07-04,WH-C,CR-2,0.83394,1.08746,0.91827,0.05348,0
2024-07-04,WH-C,CR-3,0.83394,1.08746,0.88438,0.05348,0
2024-07-04,WH-C,CR-4,0.83394,1.08746,0.9345,0.05348,0
2024-07-05,WH-A,CR-1,1.97732,1.22481,0.94366,0.40436,0
2024-07-05,WH-A,CR-2,1.97732,1.22481,0.90151,0.40436,0
2024-07-05,WH-A,CR-3,1.97732,1.22481,0.88937,0.40436,0
2024-07-05,WH-A,CR-4,1.97732,1.22481,0.92546,0.40436,0
2024-07-05,WH-B,CR-1,2.28416,1.17257,0.93569,0.40436,0
2024-07-05,WH-B,CR-2,2.28416,1.17257,0.89389,0.40436,0
2024-07-05,WH-B,CR-3,2.28416,1.17257,0.88114,0.40436,0
2024-07-05,WH-B,CR-4,2.28416,1.17257,0.95687,0.40436,0
2024-07-05,WH-C,CR-1,0.87743,1.15568,0.92737,0.40436,0
2024-07-05,WH-C,CR-2,0.87743,1.15568,0.89687,0.40436,0
2024-07-05,WH-C,CR-3,0.87743,1.15568,0.89125,0.40436,0
2024-07-05,WH-C,CR-4,0.87743,1.15568,0.91465,0.40436,0
2024-07-06,WH-A,CR-1,1.58471,0.93333,0.94446,0.1736,0
2024-07-06,WH-A,CR-2,1.58471,0.93333,0.94047,0.1736,0
2024-07-06,WH-A,CR-3,1.58471,0.93333,0.87248,0.1736,0
2024-07-06,WH-A,CR-4,1.58471,0.93333,0.90687,0.1736,0
2024-07-06,WH-B,CR-1,2.49431,1.01185,0.95247,0.1736,0
2024-07-06,WH-B,CR-2,2.49431,1.01185,0.90349,0.1736,0
2024-07-06,WH-B,CR-3,2.49431,1.01185,0.86929,0.1736,0
2024-07-06,WH-B,CR-4,2.49431,1.01185,0.92474,0.1736,0
2024-07-06,WH-C,CR-1,1.30016,1.05181,0.93091,0.1736,0
2024-07-06,WH-C,CR-2,1.30016,1.05181,0.90449,0.1736,0
2024-07-06,WH-C,CR-3,1.30016,1.05181,0.86161,0.1736,0
2024-07-06,WH-C,CR-4,1.30016,1.05181,0.93164,0.1736,0
2024-07-07,WH-A,CR-1,1.85853,1.09424,0.94683,0.01418,0
2024-07-07,WH-A,CR-2,1.85853,1.09424,0.90896,0.01418,0
2024-07-07,WH-A,CR-3,1.85853,1.09424,0.89378,0.01418,0
2024-07-07,WH-A,CR-4,1.85853,1.09424,0.94084,0.01418,0
2024-07-07,WH-B,CR-1,2.47014,1.1442,0.94875,0.01418,0
2024-07-07,WH-B,CR-2,2.47014,1.1442,0.90447,0.01418,0
2024-07-07,WH-B,CR-3,2.47014,1.1442,0.86362,0.01418,0
2024-07-07,WH-B,CR-4,2.47014,1.1442,0.93479,0.01418,0
2024-07-07,WH-C,CR-1,1.49892,1.15724,0.92851,0.01418,0
2024-07-07,WH-C,CR-2,1.49892,1.15724,0.89887,0.01418,0
2024-07-07,WH-C,CR-3,1.49892,1.15724,0.88526,0.01418,0
2024-07-07,WH-C,CR-4,1.49892,1.15724,0.92889,0.01418,0
2024-07-08,WH-A,CR-1,1.12046,1.07438,0.95603,0.01039,0
2024-07-08,WH-A,CR-2,1.12046,1.07438,0.93171,0.01039,0
2024-07-08,WH-A,CR-3,1.12046,1.07438,0.86523,0.01039,0
2024-07-08,WH-A,CR-4,1.12046,1.07438,0.92586,0.01039,0
2024-07-08,WH-B,CR-1,2.31127,1.2925,0.9339,0.01039,0
2024-07-08,WH-B,CR-2,2.31127,1.2925,0.90409,0.01039,0
2024-07-08,WH-B,CR-3,2.31127,1.2925,0.8984,0.01039,0
2024-07-08,WH-B,CR-4,2.31127,1.2925,0.92532,0.01039,0
2024-07-08,WH-C,CR-1,1.68784,1.03183,0.93776,0.01039,0
2024-07-08,WH-C,CR-2,1.68784,1.03183,0.8899,0.01039,0
2024-07-08,WH-C,CR-3,1.68784,1.03183,0.86715,0.01039,0
2024-07-08,WH-C,CR-4,1.68784,1.03183,0.93988,0.01039,0
2024-07-09,WH-A,CR-1,1.02509,1.13235,0.93844,0.28736,0
2024-07-09,WH-A,CR-2,1.02509,1.13235,0.91662,0.28736,0
2024-07-09,WH-A,CR-3,1.02509,1.13235,0.84333,0.28736,0
2024-07-09,WH-A,CR-4,1.02509,1.13235,0.91485,0.28736,0
2024-07-09,WH-B,CR-1,2.24686,1.14209,0.93967,0.28736,0
2024-07-09,WH-B,CR-2,2.24686,1.14209,0.90804,0.28736,0
2024-07-09,WH-B,CR-3,2.24686,1.14209,0.87117,0.28736,0
2024-07-09,WH-B,CR-4,2.24686,1.14209,0.91851,0.28736,0
2024-07-09,WH-C,CR-1,1.47002,1.2419,0.92604,0.28736,0
2024-07-09,WH-C,CR-2,1.47002,1.2419,0.90407,0.28736,0
2024-07-09,WH-C,CR-3,1.47002,1.2419,0.87703,0.28736,0
2024-07-09,WH-C,CR-4,1.47002,1.2419,0.94355,0.28736,0
2024-07-10,WH-A,CR-1,1.65443,1.1449,0.93359,0.21563,0
2024-07-10,WH-A,CR-2,1.65443,1.1449,0.90217,0.21563,0
2024-07-10,WH-A,CR-3,1.65443,1.1449,0.87305,0.21563,0
2024-07-10,WH-A,CR-4,1.65443,1.1449,0.93637,0.21563,0
2024-07-10,WH-B,CR-1,2.22825,1.16882,0.92262,0.21563,0
2024-07-10,WH-B,CR-2,2.22825,1.16882,0.89451,0.21563,0
2024-07-10,WH-B,CR-3,2.22825,1.16882,0.90184,0.21563,0
2024-07-10,WH-B,CR-4,2.22825,1.16882,0.92398,0.21563,0
2024-07-10,WH-C,CR-1,1.14128,1.26449,0.9395,0.21563,0
2024-07-10,WH-C,CR-2,1.14128,1.26449,0.91306,0.21563,0
2024-07-10,WH-C,CR-3,1.14128,1.26449,0.87446,0.21563,0
2024-07-10,WH-C,CR-4,1.14128,1.26449,0.92229,0.21563,0
2024-07-11,WH-A,CR-1,1.59964,1.17368,0.95768,0.25136,0
2024-07-11,WH-A,CR-2,1.59964,1.17368,0.90651,0.25136,0
2024-07-11,WH-A,CR-3,1.59964,1.17368,0.84747,0.25136,0
2024-07-11,WH-A,CR-4,1.59964,1.17368,0.92435,0.25136,0
2024-07-11,WH-B,CR-1,3.09222,1.21931,0.92574,0.25136,0
2024-07-11,WH-B,CR-2,3.09222,1.21931,0.91257,0.25136,0
2024-07-11,WH-B,CR-3,3.09222,1.21931,0.86657,0.25136,0
2024-07-11,WH-B,CR-4,3.09222,1.21931,0.90923,0.25136,0
2024-07-11,WH-C,CR-1,1.07493,1.15732,0.91301,0.25136,0
2024-07-11,WH-C,CR-2,1.07493,1.15732,0.89169,0.25136,0
2024-07-11,WH-C,CR-3,1.07493,1.15732,0.8756,0.25136,0
2024-07-11,WH-C,CR-4,1.07493,1.15732,0.92058,0.25136,0
2024-07-12,WH-A,CR-1,1.84283,1.0553,0.95159,0.45102,0
2024-07-12,WH-A,CR-2,1.84283,1.0553,0.88129,0.45102,0
2024-07-12,WH-A,CR-3,1.84283,1.0553,0.85877,0.45102,0
2024-07-12,WH-A,CR-4,1.84283,1.0553,0.92689,0.45102,0
2024-07-12,WH-B,CR-1,3.27555,1.1752,0.93864,0.45102,0
2024-07-12,WH-B,CR-2,3.27555,1.1752,0.90209,0.45102,0
2024-07-12,WH-B,CR-3,3.27555,1.1752,0.85956,0.45102,0
2024-07-12,WH-B,CR-4,3.27555,1.1752,0.916,0.45102,0
2024-07-12,WH-C,CR-1,0.72766,1.0477,0.9367,0.45102,0
2024-07-12,WH-C,CR-2,0.72766,1.0477,0.8884,0.45102,0
2024-07-12,WH-C,CR-3,0.72766,1.0477,0.87572,0.45102,0
2024-07-12,WH-C,CR-4,0.72766,1.0477,0.90626,0.45102,0
2024-07-13,WH-A,CR-1,2.24139,1.0959,0.94744,0.41052,0
2024-07-13,WH-A,CR-2,2.24139,1.0959,0.89354,0.41052,0
2024-07-13,WH-A,CR-3,2.24139,1.0959,0.87328,0.41052,0
2024-07-13,WH-A,CR-4,2.24139,1.0959,0.91084,0.41052,0
2024-07-13,WH-B,CR-1,2.66558,1.04903,0.9239,0.41052,0
2024-07-13,WH-B,CR-2,2.66558,1.04903,0.88802,0.41052,0
2024-07-13,WH-B,CR-3,2.66558,1.04903,0.85565,0.41052,0
2024-07-13,WH-B,CR-4,2.66558,1.04903,0.89453,0.41052,0
2024-07-13,WH-C,CR-1,0.55449,1.1202,0.91343,0.41052,0
2024-07-13,WH-C,CR-2,0.55449,1.1202,0.88619,0.41052,0
2024-07-13,WH-C,CR-3,0.55449,1.1202,0.8941,0.41052,0
2024-07-13,WH-C,CR-4,0.55449,1.1202,0.91497,0.41052,0
2024-07-14,WH-A,CR-1,2.23813,0.94821,0.92966,0.42043,0
2024-07-14,WH-A,CR-2,2.23813,0.94821,0.88301,0.42043,0
2024-07-14,WH-A,CR-3,2.23813,0.94821,0.90179,0.42043,0
2024-07-14,WH-A,CR-4,2.23813,0.94821,0.90329,0.42043,0
2024-07-14,WH-B,CR-1,2.04522,0.98675,0.91447,0.42043,0
2024-07-14,WH-B,CR-2,2.04522,0.98675,0.91866,0.42043,0
2024-07-14,WH-B,CR-3,2.04522,0.98675,0.9015,0.42043,0
2024-07-14,WH-B,CR-4,2.04522,0.98675,0.91672,0.42043,0
2024-07-14,WH-C,CR-1,0.34761,0.89105,0.9295,0.42043,0
2024-07-14,WH-C,CR-2,0.34761,0.89105,0.89864,0.42043,0
2024-07-14,WH-C,CR-3,0.34761,0.89105,0.86462,0.42043,0
2024-07-14,WH-C,CR-4,0.34761,0.89105,0.92509,0.42043,0
2024-07-15,WH-A,CR-1,1.8916,1.06187,0.93987,0.45117,0
2024-07-15,WH-A,CR-2,1.8916,1.06187,0.90203,0.45117,0
2024-07-15,WH-A,CR-3,1.8916,1.06187,0.88254,0.45117,0
2024-07-15,WH-A,CR-4,1.8916,1.06187,0.93136,0.45117,0
2024-07-15,WH-B,CR-1,1.50924,1.03526,0.92281,0.45117,0
2024-07-15,WH-B,CR-2,1.50924,1.03526,0.8892,0.45117,0
2024-07-15,WH-B,CR-3,1.50924,1.03526,0.88094,0.45117,0
2024-07-15,WH-B,CR-4,1.50924,1.03526,0.92609,0.45117,0
2024-07-15,WH-C,CR-1,1.05813,1.18172,0.93438,0.45117,0
2024-07-15,WH-C,CR-2,1.05813,1.18172,0.91628,0.45117,0
2024-07-15,WH-C,CR-3,1.05813,1.18172,0.87752,0.45117,0
2024-07-15,WH-C,CR-4,1.05813,1.18172,0.9227,0.45117,0
2024-07-16,WH-A,CR-1,1.66861,1.08297,0.92888,1.0866,0
2024-07-16,WH-A,CR-2,1.66861,1.08297,0.90529,1.0866,0
2024-07-16,WH-A,CR-3,1.66861,1.08297,0.85983,1.0866,0
2024-07-16,WH-A,CR-4,1.66861,1.08297,0.92614,1.0866,0
2024-07-16,WH-B,CR-1,0.96709,1.14556,0.91996,1.0866,0
2024-07-16,WH-B,CR-2,0.96709,1.14556,0.88172,1.0866,0
2024-07-16,WH-B,CR-3,0.96709,1.14556,0.88905,1.0866,0
2024-07-16,WH-B,CR-4,0.96709,1.14556,0.90965,1.0866,0
2024-07-16,WH-C,CR-1,0.99067,1.15208,0.89641,1.0866,0
2024-07-16,WH-C,CR-2,0.99067,1.15208,0.88132,1.0866,0
2024-07-16,WH-C,CR-3,0.99067,1.15208,0.87224,1.0866,0
2024-07-16,WH-C,CR-4,0.99067,1.15208,0.90289,1.0866,0
2024-07-17,WH-A,CR-1,2.09742,1.19136,0.93264,0.10548,0
2024-07-17,WH-A,CR-2,2.09742,1.19136,0.90523,0.10548,0
2024-07-17,WH-A,CR-3,2.09742,1.19136,0.86845,0.10548,0
2024-07-17,WH-A,CR-4,2.09742,1.19136,0.91616,0.10548,0
2024-07-17,WH-B,CR-1,0.93679,1.10056,0.92568,0.10548,0
2024-07-17,WH-B,CR-2,0.93679,1.10056,0.88934,0.10548,0
2024-07-17,WH-B,CR-3,0.93679,1.10056,0.88073,0.10548,0
2024-07-17,WH-B,CR-4,0.93679,1.10056,0.93092,0.10548,0
2024-07-17,WH-C,CR-1,1.68294,1.09653,0.94165,0.10548,0
2024-07-17,WH-C,CR-2,1.68294,1.09653,0.91185,0.10548,0
2024-07-17,WH-C,CR-3,1.68294,1.09653,0.87506,0.10548,0
2024-07-17,WH-C,CR-4,1.68294,1.09653,0.93703,0.10548,0
2024-07-18,WH-A,CR-1,1.81572,1.1214,0.9122,0.63253,0
2024-07-18,WH-A,CR-2,1.81572,1.1214,0.88894,0.63253,0
2024-07-18,WH-A,CR-3,1.81572,1.1214,0.86115,0.63253,0
2024-07-18,WH-A,CR-4,1.81572,1.1214,0.90513,0.63253,0
2024-07-18,WH-B,CR-1,1.43476,1.24573,0.91772,0.63253,0
2024-07-18,WH-B,CR-2,1.43476,1.24573,0.90202,0.63253,0
2024-07-18,WH-B,CR-3,1.43476,1.24573,0.85621,0.63253,0
2024-07-18,WH-B,CR-4,1.43476,1.24573,0.91496,0.63253,0
2024-07-18,WH-C,CR-1,1.29417,1.19815,0.92047,0.63253,0
2024-07-18,WH-C,CR-2,1.29417,1.19815,0.91075,0.63253,0
2024-07-18,WH-C,CR-3,1.29417,1.19815,0.86567,0.63253,0
2024-07-18,WH-C,CR-4,1.29417,1.19815,0.91082,0.63253,0
2024-07-19,WH-A,CR-1,2.03357,1.17187,0.96595,0.05081,0
2024-07-19,WH-A,CR-2,2.03357,1.17187,0.92624,0.05081,0
2024-07-19,WH-A,CR-3,2.03357,1.17187,0.8754,0.05081,0
2024-07-19,WH-A,CR-4,2.03357,1.17187,0.92527,0.05081,0
2024-07-19,WH-B,CR-1,1.76702,1.08296,0.95308,0.05081,0
2024-07-19,WH-B,CR-2,1.76702,1.08296,0.91342,0.05081,0
2024-07-19,WH-B,CR-3,1.76702,1.08296,0.88216,0.05081,0
2024-07-19,WH-B,CR-4,1.76702,1.08296,0.93733,0.05081,0
2024-07-19,WH-C,CR-1,1.88423,1.16368,0.93773,0.05081,0
2024-07-19,WH-C,CR-2,1.88423,1.16368,0.92719,0.05081,0
2024-07-19,WH-C,CR-3,1.88423,1.16368,0.8907,0.05081,0
2024-07-19,WH-C,CR-4,1.88423,1.16368,0.92523,0.05081,0
2024-07-20,WH-A,CR-1,1.98665,0.96147,0.916,0.30503,0
2024-07-20,WH-A,CR-2,1.98665,0.96147,0.89386,0.30503,0
2024-07-20,WH-A,CR-3,1.98665,0.96147,0.86293,0.30503,0
2024-07-20,WH-A,CR-4,1.98665,0.96147,0.91678,0.30503,0
2024-07-20,WH-B,CR-1,2.0389,1.05649,0.93687,0.30503,0
2024-07-20,WH-B,CR-2,2.0389,1.05649,0.88982,0.30503,0
2024-07-20,WH-B,CR-3,2.0389,1.05649,0.86897,0.30503,0
2024-07-20,WH-B,CR-4,2.0389,1.05649,0.93156,0.30503,0
2024-07-20,WH-C,CR-1,1.87118,1.01203,0.93645,0.30503,0
2024-07-20,WH-C,CR-2,1.87118,1.01203,0.9309,0.30503,0
2024-07-20,WH-C,CR-3,1.87118,1.01203,0.8743,0.30503,0
2024-07-20,WH-C,CR-4,1.87118,1.01203,0.91619,0.30503,0
2024-07-21,WH-A,CR-1,1.77479,1.06749,0.91818,0.25017,0
2024-07-21,WH-A,CR-2,1.77479,1.06749,0.89395,0.25017,0
2024-07-21,WH-A,CR-3,1.77479,1.06749,0.8737,0.25017,0
2024-07-21,WH-A,CR-4,1.77479,1.06749,0.92351,0.25017,0
2024-07-21,WH-B,CR-1,1.79349,1.05584,0.93623,0.25017,0
2024-07-21,WH-B,CR-2,1.79349,1.05584,0.91617,0.25017,0
2024-07-21,WH-B,CR-3,1.79349,1.05584,0.87431,0.25017,0
2024-07-21,WH-B,CR-4,1.79349,1.05584,0.93029,0.25017,0
2024-07-21,WH-C,CR-1,1.46308,1.11577,0.94001,0.25017,0
2024-07-21,WH-C,CR-2,1.46308,1.11577,0.91589,0.25017,0
2024-07-21,WH-C,CR-3,1.46308,1.11577,0.88406,0.25017,0
2024-07-21,WH-C,CR-4,1.46308,1.11577,0.93256,0.25017,0
2024-07-22,WH-A,CR-1,2.0604,1.09783,0.92756,0.27238,0
2024-07-22,WH-A,CR-2,2.0604,1.09783,0.90727,0.27238,0
2024-07-22,WH-A,CR-3,2.0604,1.09783,0.88008,0.27238,0
2024-07-22,WH-A,CR-4,2.0604,1.09783,0.91521,0.27238,0
2024-07-22,WH-B,CR-1,1.80416,1.14248,0.90851,0.27238,0
2024-07-22,WH-B,CR-2,1.80416,1.14248,0.90246,0.27238,0
2024-07-22,WH-B,CR-3,1.80416,1.14248,0.87321,0.27238,0
2024-07-22,WH-B,CR-4,1.80416,1.14248,0.92317,0.27238,0
2024-07-22,WH-C,CR-1,1.88113,1.05274,0.9252,0.27238,0
2024-07-22,WH-C,CR-2,1.88113,1.05274,0.87375,0.27238,0
2024-07-22,WH-C,CR-3,1.88113,1.05274,0.86933,0.27238,0
2024-07-22,WH-C,CR-4,1.88113,1.05274,0.92035,0.27238,0
2024-07-23,WH-A,CR-1,2.17323,1.15623,0.93257,0.16566,0
2024-07-23,WH-A,CR-2,2.17323,1.15623,0.91933,0.16566,0
2024-07-23,WH-A,CR-3,2.17323,1.15623,0.87678,0.16566,0
2024-07-23,WH-A,CR-4,2.17323,1.15623,0.9172,0.16566,0
2024-07-23,WH-B,CR-1,1.23478,1.11469,0.94607,0.16566,0
2024-07-23,WH-B,CR-2,1.23478,1.11469,0.93434,0.16566,0
2024-07-23,WH-B,CR-3,1.23478,1.11469,0.87776,0.16566,0
2024-07-23,WH-B,CR-4,1.23478,1.11469,0.91783,0.16566,0
2024-07-23,WH-C,CR-1,1.24076,1.19416,0.91584,0.16566,0
2024-07-23,WH-C,CR-2,1.24076,1.19416,0.91362,0.16566,0
2024-07-23,WH-C,CR-3,1.24076,1.19416,0.88683,0.16566,0
2024-07-23,WH-C,CR-4,1.24076,1.19416,0.93225,0.16566,0
2024-07-24,WH-A,CR-1,2.0034,1.08775,0.95793,0.23724,0
2024-07-24,WH-A,CR-2,2.0034,1.08775,0.90151,0.23724,0
2024-07-24,WH-A,CR-3,2.0034,1.08775,0.88504,0.23724,0
2024-07-24,WH-A,CR-4,2.0034,1.08775,0.89671,0.23724,0
2024-07-24,WH-B,CR-1,1.91034,1.2675,0.93609,0.23724,0
2024-07-24,WH-B,CR-2,1.91034,1.2675,0.91243,0.23724,0
2024-07-24,WH-B,CR-3,1.91034,1.2675,0.88243,0.23724,0
2024-07-24,WH-B,CR-4,1.91034,1.2675,0.91802,0.23724,0
2024-07-24,WH-C,CR-1,1.42896,1.08531,0.92842,0.23724,0
2024-07-24,WH-C,CR-2,1.42896,1.08531,0.91925,0.23724,0
2024-07-24,WH-C,CR-3,1.42896,1.08531,0.88743,0.23724,0
2024-07-24,WH-C,CR-4,1.42896,1.08531,0.91725,0.23724,0
2024-07-25,WH-A,CR-1,2.08783,1.07,0.94209,0.1216,0
2024-07-25,WH-A,CR-2,2.08783,1.07,0.91677,0.1216,0
2024-07-25,WH-A,CR-3,2.08783,1.07,0.87675,0.1216,0
2024-07-25,WH-A,CR-4,2.08783,1.07,0.93993,0.1216,0
2024-07-25,WH-B,CR-1,1.79441,1.13289,0.92608,0.1216,0
2024-07-25,WH-B,CR-2,1.79441,1.13289,0.92002,0.1216,0
2024-07-25,WH-B,CR-3,1.79441,1.13289,0.86861,0.1216,0
2024-07-25,WH-B,CR-4,1.79441,1.13289,0.93201,0.1216,0
2024-07-25,WH-C,CR-1,1.33306,1.06578,0.9305,0.1216,0
2024-07-25,WH-C,CR-2,1.33306,1.06578,0.92441,0.1216,0
2024-07-25,WH-C,CR-3,1.33306,1.06578,0.88023,0.1216,0
2024-07-25,WH-C,CR-4,1.33306,1.06578,0.9157,0.1216,0
2024-07-26,WH-A,CR-1,3.09345,1.17281,0.92798,0.41409,0
2024-07-26,WH-A,CR-2,3.09345,1.17281,0.91959,0.41409,0
2024-07-26,WH-A,CR-3,3.09345,1.17281,0.85045,0.41409,0
2024-07-26,WH-A,CR-4,3.09345,1.17281,0.92368,0.41409,0
2024-07-26,WH-B,CR-1,2.52186,1.1407,0.91175,0.41409,0
2024-07-26,WH-B,CR-2,2.52186,1.1407,0.8978,0.41409,0
2024-07-26,WH-B,CR-3,2.52186,1.1407,0.89,0.41409,0
2024-07-26,WH-B,CR-4,2.52186,1.1407,0.92706,0.41409,0
2024-07-26,WH-C,CR-1,1.00033,1.09518,0.92583,0.41409,0
2024-07-26,WH-C,CR-2,1.00033,1.09518,0.90688,0.41409,0
2024-07-26,WH-C,CR-3,1.00033,1.09518,0.8886,0.41409,0
2024-07-26,WH-C,CR-4,1.00033,1.09518,0.93518,0.41409,0
2024-07-27,WH-A,CR-1,2.07165,1.11266,0.91526,0.4775,0
2024-07-27,WH-A,CR-2,2.07165,1.11266,0.8987,0.4775,0
2024-07-27,WH-A,CR-3,2.07165,1.11266,0.87505,0.4775,0
2024-07-27,WH-A,CR-4,2.07165,1.11266,0.90775,0.4775,0
2024-07-27,WH-B,CR-1,1.9364,1.06247,0.93745,0.4775,0
2024-07-27,WH-B,CR-2,1.9364,1.06247,0.91414,0.4775,0
2024-07-27,WH-B,CR-3,1.9364,1.06247,0.87869,0.4775,0
2024-07-27,WH-B,CR-4,1.9364,1.06247,0.92229,0.4775,0
2024-07-27,WH-C,CR-1,0.81473,0.98433,0.92527,0.4775,0
2024-07-27,WH-C,CR-2,0.81473,0.98433,0.90632,0.4775,0
2024-07-27,WH-C,CR-3,0.81473,0.98433,0.87544,0.4775,0
2024-07-27,WH-C,CR-4,0.81473,0.98433,0.89621,0.4775,0
2024-07-28,WH-A,CR-1,1.89826,0.95664,0.96624,0.1126,0
2024-07-28,WH-A,CR-2,1.89826,0.95664,0.90763,0.1126,0
2024-07-28,WH-A,CR-3,1.89826,0.95664,0.88259,0.1126,0
2024-07-28,WH-A,CR-4,1.89826,0.95664,0.93277,0.1126,0
2024-07-28,WH-B,CR-1,1.78396,1.01179,0.96343,0.1126,0
2024-07-28,WH-B,CR-2,1.78396,1.01179,0.92001,0.1126,0
2024-07-28,WH-B,CR-3,1.78396,1.01179,0.88784,0.1126,0
2024-07-28,WH-B,CR-4,1.78396,1.01179,0.93489,0.1126,0
2024-07-28,WH-C,CR-1,0.60237,1.1722,0.92786,0.1126,0
2024-07-28,WH-C,CR-2,0.60237,1.1722,0.91137,0.1126,0
2024-07-28,WH-C,CR-3,0.60237,1.1722,0.8583,0.1126,0
2024-07-28,WH-C,CR-4,0.60237,1.1722,0.90348,0.1126,0
2024-07-29,WH-A,CR-1,1.0599,1.19325,0.95789,0.41931,0
2024-07-29,WH-A,CR-2,1.0599,1.19325,0.91913,0.41931,0
2024-07-29,WH-A,CR-3,1.0599,1.19325,0.86936,0.41931,0
2024-07-29,WH-A,CR-4,1.0599,1.19325,0.92256,0.41931,0
2024-07-29,WH-B,CR-1,2.12251,1.23977,0.92833,0.41931,0
2024-07-29,WH-B,CR-2,2.12251,1.23977,0.90286,0.41931,0
2024-07-29,WH-B,CR-3,2.12251,1.23977,0.87606,0.41931,0
2024-07-29,WH-B,CR-4,2.12251,1.23977,0.9291,0.41931,0
2024-07-29,WH-C,CR-1,0.76721,1.14039,0.94901,0.41931,0
2024-07-29,WH-C,CR-2,0.76721,1.14039,0.91697,0.41931,0
2024-07-29,WH-C,CR-3,0.76721,1.14039,0.87818,0.41931,0
2024-07-29,WH-C,CR-4,0.76721,1.14039,0.94308,0.41931,0
2024-07-30,WH-A,CR-1,1.39936,1.35,0.9222,0.19404,0
2024-07-30,WH-A,CR-2,1.39936,1.35,0.89824,0.19404,0
2024-07-30,WH-A,CR-3,1.39936,1.35,0.88153,0.19404,0
2024-07-30,WH-A,CR-4,1.39936,1.35,0.93127,0.19404,0
2024-07-30,WH-B,CR-1,2.71272,1.09653,0.94737,0.19404,0
2024-07-30,WH-B,CR-2,2.71272,1.09653,0.92046,0.19404,0
2024-07-30,WH-B,CR-3,2.71272,1.09653,0.88496,0.19404,0
2024-07-30,WH-B,CR-4,2.71272,1.09653,0.91498,0.19404,0
2024-07-30,WH-C,CR-1,1.41194,1.24835,0.9437,0.19404,0
2024-07-30,WH-C,CR-2,1.41194,1.24835,0.90896,0.19404,0
2024-07-30,WH-C,CR-3,1.41194,1.24835,0.87922,0.19404,0
2024-07-30,WH-C,CR-4,1.41194,1.24835,0.92556,0.19404,0
2024-07-31,WH-A,CR-1,1.13145,1.06611,0.92083,0.56369,0
2024-07-31,WH-A,CR-2,1.13145,1.06611,0.90252,0.56369,0
2024-07-31,WH-A,CR-3,1.13145,1.06611,0.86953,0.56369,0
2024-07-31,WH-A,CR-4,1.13145,1.06611,0.92244,0.56369,0
2024-07-31,WH-B,CR-1,2.58741,1.09981,0.94744,0.56369,0
2024-07-31,WH-B,CR-2,2.58741,1.09981,0.89664,0.56369,0
2024-07-31,WH-B,CR-3,2.58741,1.09981,0.86465,0.56369,0
2024-07-31,WH-B,CR-4,2.58741,1.09981,0.92564,0.56369,0
2024-07-31,WH-C,CR-1,0.69384,1.08676,0.94163,0.56369,0
2024-07-31,WH-C,CR-2,0.69384,1.08676,0.879,0.56369,0
2024-07-31,WH-C,CR-3,0.69384,1.08676,0.88326,0.56369,0
2024-07-31,WH-C,CR-4,0.69384,1.08676,0.93799,0.56369,0
2024-08-01,WH-A,CR-1,1.64431,1.11266,0.94685,0.19818,0
2024-08-01,WH-A,CR-2,1.64431,1.11266,0.89838,0.19818,0
2024-08-01,WH-A,CR-3,1.64431,1.11266,0.8707,0.19818,0
2024-08-01,WH-A,CR-4,1.64431,1.11266,0.91684,0.19818,0
2024-08-01,WH-B,CR-1,2.44893,1.24264,0.93422,0.19818,0
2024-08-01,WH-B,CR-2,2.44893,1.24264,0.89118,0.19818,0
2024-08-01,WH-B,CR-3,2.44893,1.24264,0.86344,0.19818,0
2024-08-01,WH-B,CR-4,2.44893,1.24264,0.93117,0.19818,0
2024-08-01,WH-C,CR-1,1.51362,1.1815,0.93179,0.19818,0
2024-08-01,WH-C,CR-2,1.51362,1.1815,0.91563,0.19818,0
2024-08-01,WH-C,CR-3,1.51362,1.1815,0.87356,0.19818,0
2024-08-01,WH-C,CR-4,1.51362,1.1815,0.92189,0.19818,0
2024-08-02,WH-A,CR-1,0.69561,1.21383,0.93289,0.08595,0
2024-08-02,WH-A,CR-2,0.69561,1.21383,0.90353,0.08595,0
2024-08-02,WH-A,CR-3,0.69561,1.21383,0.89876,0.08595,0
2024-08-02,WH-A,CR-4,0.69561,1.21383,0.91988,0.08595,0
2024-08-02,WH-B,CR-1,1.99931,1.13957,0.94342,0.08595,0
2024-08-02,WH-B,CR-2,1.99931,1.13957,0.90315,0.08595,0
2024-08-02,WH-B,CR-3,1.99931,1.13957,0.85957,0.08595,0
2024-08-02,WH-B,CR-4,1.99931,1.13957,0.91806,0.08595,0
2024-08-02,WH-C,CR-1,1.84786,1.15598,0.94387,0.08595,0
2024-08-02,WH-C,CR-2,1.84786,1.15598,0.90532,0.08595,0
2024-08-02,WH-C,CR-3,1.84786,1.15598,0.87054,0.08595,0
2024-08-02,WH-C,CR-4,1.84786,1.15598,0.94858,0.08595,0
2024-08-03,WH-A,CR-1,1.3497,1.01221,0.92843,0.24605,0
2024-08-03,WH-A,CR-2,1.3497,1.01221,0.90569,0.24605,0
2024-08-03,WH-A,CR-3,1.3497,1.01221,0.87557,0.24605,0
2024-08-03,WH-A,CR-4,1.3497,1.01221,0.92869,0.24605,0
2024-08-03,WH-B,CR-1,2.67554,1.0969,0.90703,0.24605,0
2024-08-03,WH-B,CR-2,2.67554,1.0969,0.90949,0.24605,0
2024-08-03,WH-B,CR-3,2.67554,1.0969,0.87603,0.24605,0
2024-08-03,WH-B,CR-4,2.67554,1.0969,0.92609,0.24605,0
2024-08-03,WH-C,CR-1,1.70109,1.06771,0.93494,0.24605,0
2024-08-03,WH-C,CR-2,1.70109,1.06771,0.91293,0.24605,0
2024-08-03,WH-C,CR-3,1.70109,1.06771,0.86907,0.24605,0
2024-08-03,WH-C,CR-4,1.70109,1.06771,0.9142,0.24605,0
2024-08-04,WH-A,CR-1,1.42464,0.95035,0.89207,2.74026,0
2024-08-04,WH-A,CR-2,1.42464,0.95035,0.84948,2.74026,0
2024-08-04,WH-A,CR-3,1.42464,0.95035,0.82537,2.74026,0
2024-08-04,WH-A,CR-4,1.42464,0.95035,0.89322,2.74026,0
2024-08-04,WH-B,CR-1,2.54659,1.11547,0.86942,2.74026,0
2024-08-04,WH-B,CR-2,2.54659,1.11547,0.88272,2.74026,0
2024-08-04,WH-B,CR-3,2.54659,1.11547,0.81637,2.74026,0
2024-08-04,WH-B,CR-4,2.54659,1.11547,0.89902,2.74026,0
2024-08-04,WH-C,CR-1,1.87553,1.11619,0.88042,2.74026,0
2024-08-04,WH-C,CR-2,1.87553,1.11619,0.86249,2.74026,0
2024-08-04,WH-C,CR-3,1.87553,1.11619,0.82502,2.74026,0
2024-08-04,WH-C,CR-4,1.87553,1.11619,0.88102,2.74026,0
2024-08-05,WH-A,CR-1,1.82933,1.14351,0.93006,0.22898,0
2024-08-05,WH-A,CR-2,1.82933,1.14351,0.89915,0.22898,0
2024-08-05,WH-A,CR-3,1.82933,1.14351,0.88018,0.22898,0
2024-08-05,WH-A,CR-4,1.82933,1.14351,0.91515,0.22898,0
2024-08-05,WH-B,CR-1,1.50666,1.18257,0.94211,0.22898,0
2024-08-05,WH-B,CR-2,1.50666,1.18257,0.90348,0.22898,0
2024-08-05,WH-B,CR-3,1.50666,1.18257,0.8621,0.22898,0
2024-08-05,WH-B,CR-4,1.50666,1.18257,0.92695,0.22898,0
2024-08-05,WH-C,CR-1,1.1172,1.06782,0.92687,0.22898,0
2024-08-05,WH-C,CR-2,1.1172,1.06782,0.91601,0.22898,0
2024-08-05,WH-C,CR-3,1.1172,1.06782,0.87153,0.22898,0
2024-08-05,WH-C,CR-4,1.1172,1.06782,0.9205,0.22898,0
2024-08-06,WH-A,CR-1,1.81682,1.12042,0.90602,1.48999,0
2024-08-06,WH-A,CR-2,1.81682,1.12042,0.85694,1.48999,0
2024-08-06,WH-A,CR-3,1.81682,1.12042,0.86481,1.48999,0
2024-08-06,WH-A,CR-4,1.81682,1.12042,0.90856,1.48999,0
2024-08-06,WH-B,CR-1,1.55573,1.13902,0.92201,1.48999,0
2024-08-06,WH-B,CR-2,1.55573,1.13902,0.86452,1.48999,0
2024-08-06,WH-B,CR-3,1.55573,1.13902,0.8461,1.48999,0
2024-08-06,WH-B,CR-4,1.55573,1.13902,0.88954,1.48999,0
2024-08-06,WH-C,CR-1,1.75532,1.22005,0.88675,1.48999,0
2024-08-06,WH-C,CR-2,1.75532,1.22005,0.86501,1.48999,0
2024-08-06,WH-C,CR-3,1.75532,1.22005,0.85159,1.48999,0
2024-08-06,WH-C,CR-4,1.75532,1.22005,0.89751,1.48999,0
2024-08-07,WH-A,CR-1,1.79787,1.18799,0.9309,0.04409,0
2024-08-07,WH-A,CR-2,1.79787,1.18799,0.91787,0.04409,0
2024-08-07,WH-A,CR-3,1.79787,1.18799,0.87464,0.04409,0
2024-08-07,WH-A,CR-4,1.79787,1.18799,0.92581,0.04409,0
2024-08-07,WH-B,CR-1,1.86263,1.01968,0.95837,0.04409,0
2024-08-07,WH-B,CR-2,1.86263,1.01968,0.91139,0.04409,0
2024-08-07,WH-B,CR-3,1.86263,1.01968,0.89458,0.04409,0
2024-08-07,WH-B,CR-4,1.86263,1.01968,0.9163,0.04409,0
2024-08-07,WH-C,CR-1,1.2254,1.05705,0.94221,0.04409,0
2024-08-07,WH-C,CR-2,1.2254,1.05705,0.91,0.04409,0
2024-08-07,WH-C,CR-3,1.2254,1.05705,0.87363,0.04409,0
2024-08-07,WH-C,CR-4,1.2254,1.05705,0.91704,0.04409,0
2024-08-08,WH-A,CR-1,1.51167,1.09515,0.95767,0.04951,0
2024-08-08,WH-A,CR-2,1.51167,1.09515,0.90812,0.04951,0
2024-08-08,WH-A,CR-3,1.51167,1.09515,0.89435,0.04951,0
2024-08-08,WH-A,CR-4,1.51167,1.09515,0.92271,0.04951,0
2024-08-08,WH-B,CR-1,1.93239,1.14556,0.91874,0.04951,0
2024-08-08,WH-B,CR-2,1.93239,1.14556,0.92625,0.04951,0
2024-08-08,WH-B,CR-3,1.93239,1.14556,0.87749,0.04951,0
2024-08-08,WH-B,CR-4,1.93239,1.14556,0.93807,0.04951,0
2024-08-08,WH-C,CR-1,0.93931,1.13681,0.92871,0.04951,0
2024-08-08,WH-C,CR-2,0.93931,1.13681,0.92394,0.04951,0
2024-08-08,WH-C,CR-3,0.93931,1.13681,0.88285,0.04951,0
2024-08-08,WH-C,CR-4,0.93931,1.13681,0.93351,0.04951,0
2024-08-09,WH-A,CR-1,1.75495,1.03626,0.91372,0.99597,0
2024-08-09,WH-A,CR-2,1.75495,1.03626,0.88003,0.99597,0
2024-08-09,WH-A,CR-3,1.75495,1.03626,0.8708,0.99597,0
2024-08-09,WH-A,CR-4,1.75495,1.03626,0.91412,0.99597,0
2024-08-09,WH-B,CR-1,1.40387,1.1349,0.90414,0.99597,0
2024-08-09,WH-B,CR-2,1.40387,1.1349,0.89143,0.99597,0
2024-08-09,WH-B,CR-3,1.40387,1.1349,0.84221,0.99597,0
2024-08-09,WH-B,CR-4,1.40387,1.1349,0.91842,0.99597,0
2024-08-09,WH-C,CR-1,1.14733,1.30264,0.93225,0.99597,0
2024-08-09,WH-C,CR-2,1.14733,1.30264,0.887,0.99597,0
2024-08-09,WH-C,CR-3,1.14733,1.30264,0.87189,0.99597,0
2024-08-09,WH-C,CR-4,1.14733,1.30264,0.8953,0.99597,0
2024-08-10,WH-A,CR-1,0.88833,1.06703,0.92622,0.08539,0
2024-08-10,WH-A,CR-2,0.88833,1.06703,0.90968,0.08539,0
2024-08-10,WH-A,CR-3,0.88833,1.06703,0.86553,0.08539,0
2024-08-10,WH-A,CR-4,0.88833,1.06703,0.93355,0.08539,0
2024-08-10,WH-B,CR-1,1.55227,1.18203,0.93854,0.08539,0
2024-08-10,WH-B,CR-2,1.55227,1.18203,0.89924,0.08539,0
2024-08-10,WH-B,CR-3,1.55227,1.18203,0.8755,0.08539,0
2024-08-10,WH-B,CR-4,1.55227,1.18203,0.91233,0.08539,0
2024-08-10,WH-C,CR-1,1.29091,1.11719,0.96809,0.08539,0
2024-08-10,WH-C,CR-2,1.29091,1.11719,0.901,0.08539,0
2024-08-10,WH-C,CR-3,1.29091,1.11719,0.87525,0.08539,0
2024-08-10,WH-C,CR-4,1.29091,1.11719,0.92155,0.08539,0
2024-08-11,WH-A,CR-1,1.06025,1.15691,0.9258,0.37783,0
2024-08-11,WH-A,CR-2,1.06025,1.15691,0.91503,0.37783,0
2024-08-11,WH-A,CR-3,1.06025,1.15691,0.87966,0.37783,0
2024-08-11,WH-A,CR-4,1.06025,1.15691,0.92305,0.37783,0
2024-08-11,WH-B,CR-1,1.53027,1.26413,0.92339,0.37783,0
2024-08-11,WH-B,CR-2,1.53027,1.26413,0.90677,0.37783,0
2024-08-11,WH-B,CR-3,1.53027,1.26413,0.8642,0.37783,0
2024-08-11,WH-B,CR-4,1.53027,1.26413,0.94463,0.37783,0
2024-08-11,WH-C,CR-1,1.551,1.01573,0.93935,0.37783,0
2024-08-11,WH-C,CR-2,1.551,1.01573,0.90629,0.37783,0
2024-08-11,WH-C,CR-3,1.551,1.01573,0.867,0.37783,0
2024-08-11,WH-C,CR-4,1.551,1.01573,0.9323,0.37783,0
2024-08-12,WH-A,CR-1,1.17456,1.18448,0.93468,0.44869,0
2024-08-12,WH-A,CR-2,1.17456,1.18448,0.90263,0.44869,0
2024-08-12,WH-A,CR-3,1.17456,1.18448,0.86423,0.44869,0
2024-08-12,WH-A,CR-4,1.17456,1.18448,0.94225,0.44869,0
2024-08-12,WH-B,CR-1,1.25709,1.18421,0.92808,0.44869,0
2024-08-12,WH-B,CR-2,1.25709,1.18421,0.92304,0.44869,0
2024-08-12,WH-B,CR-3,1.25709,1.18421,0.86108,0.44869,0
2024-08-12,WH-B,CR-4,1.25709,1.18421,0.9131,0.44869,0
2024-08-12,WH-C,CR-1,1.06878,1.17588,0.91545,0.44869,0
2024-08-12,WH-C,CR-2,1.06878,1.17588,0.89618,0.44869,0
2024-08-12,WH-C,CR-3,1.06878,1.17588,0.8461,0.44869,0
2024-08-12,WH-C,CR-4,1.06878,1.17588,0.92481,0.44869,0
2024-08-13,WH-A,CR-1,1.64206,1.04539,0.94654,0.1678,0
2024-08-13,WH-A,CR-2,1.64206,1.04539,0.89857,0.1678,0
2024-08-13,WH-A,CR-3,1.64206,1.04539,0.8962,0.1678,0
2024-08-13,WH-A,CR-4,1.64206,1.04539,0.93597,0.1678,0
2024-08-13,WH-B,CR-1,1.09293,1.07663,0.94425,0.1678,0
2024-08-13,WH-B,CR-2,1.09293,1.07663,0.90383,0.1678,0
2024-08-13,WH-B,CR-3,1.09293,1.07663,0.87495,0.1678,0
2024-08-13,WH-B,CR-4,1.09293,1.07663,0.94225,0.1678,0
2024-08-13,WH-C,CR-1,0.8313,1.1573,0.94844,0.1678,0
2024-08-13,WH-C,CR-2,0.8313,1.1573,0.91669,0.1678,0
2024-08-13,WH-C,CR-3,0.8313,1.1573,0.87506,0.1678,0
2024-08-13,WH-C,CR-4,0.8313,1.1573,0.92351,0.1678,0
2024-08-14,WH-A,CR-1,1.83943,1.0655,0.94353,0.01631,0
2024-08-14,WH-A,CR-2,1.83943,1.0655,0.90805,0.01631,0
2024-08-14,WH-A,CR-3,1.83943,1.0655,0.88061,0.01631,0
2024-08-14,WH-A,CR-4,1.83943,1.0655,0.94218,0.01631,0
2024-08-14,WH-B,CR-1,0.92206,1.13111,0.94197,0.01631,0
2024-08-14,WH-B,CR-2,0.92206,1.13111,0.90126,0.01631,0
2024-08-14,WH-B,CR-3,0.92206,1.13111,0.89688,0.01631,0
2024-08-14,WH-B,CR-4,0.92206,1.13111,0.94061,0.01631,0
2024-08-14,WH-C,CR-1,1.03911,1.29354,0.92172,0.01631,0
2024-08-14,WH-C,CR-2,1.03911,1.29354,0.90961,0.01631,0
2024-08-14,WH-C,CR-3,1.03911,1.29354,0.8841,0.01631,0
2024-08-14,WH-C,CR-4,1.03911,1.29354,0.91873,0.01631,0
2024-08-15,WH-A,CR-1,1.93316,1.23463,0.93585,0.41224,0
2024-08-15,WH-A,CR-2,1.93316,1.23463,0.88035,0.41224,0
2024-08-15,WH-A,CR-3,1.93316,1.23463,0.86098,0.41224,0
2024-08-15,WH-A,CR-4,1.93316,1.23463,0.92936,0.41224,0
2024-08-15,WH-B,CR-1,1.2326,0.93448,0.94749,0.41224,0
2024-08-15,WH-B,CR-2,1.2326,0.93448,0.90422,0.41224,0
2024-08-15,WH-B,CR-3,1.2326,0.93448,0.86275,0.41224,0
2024-08-15,WH-B,CR-4,1.2326,0.93448,0.93452,0.41224,0
2024-08-15,WH-C,CR-1,0.83412,1.09492,0.93688,0.41224,0
2024-08-15,WH-C,CR-2,0.83412,1.09492,0.92395,0.41224,0
2024-08-15,WH-C,CR-3,0.83412,1.09492,0.89206,0.41224,0
2024-08-15,WH-C,CR-4,0.83412,1.09492,0.9269,0.41224,0
2024-08-16,WH-A,CR-1,1.31108,1.20153,0.92255,0.48031,0
2024-08-16,WH-A,CR-2,1.31108,1.20153,0.90518,0.48031,0
2024-08-16,WH-A,CR-3,1.31108,1.20153,0.86862,0.48031,0
2024-08-16,WH-A,CR-4,1.31108,1.20153,0.92737,0.48031,0
2024-08-16,WH-B,CR-1,1.467,0.90416,0.9335,0.48031,0
2024-08-16,WH-B,CR-2,1.467,0.90416,0.90906,0.48031,0
2024-08-16,WH-B,CR-3,1.467,0.90416,0.87671,0.48031,0
2024-08-16,WH-B,CR-4,1.467,0.90416,0.92012,0.48031,0
2024-08-16,WH-C,CR-1,1.51141,1.17491,0.93661,0.48031,0
2024-08-16,WH-C,CR-2,1.51141,1.17491,0.91389,0.48031,0
2024-08-16,WH-C,CR-3,1.51141,1.17491,0.87571,0.48031,0
2024-08-16,WH-C,CR-4,1.51141,1.17491,0.91058,0.48031,0
2024-08-17,WH-A,CR-1,1.62575,1.0819,0.94421,0.62496,0
2024-08-17,WH-A,CR-2,1.62575,1.0819,0.89521,0.62496,0
2024-08-17,WH-A,CR-3,1.62575,1.0819,0.87436,0.62496,0
2024-08-17,WH-A,CR-4,1.62575,1.0819,0.92482,0.62496,0
2024-08-17,WH-B,CR-1,2.10224,0.93347,0.92325,0.62496,0
2024-08-17,WH-B,CR-2,2.10224,0.93347,0.90893,0.62496,0
2024-08-17,WH-B,CR-3,2.10224,0.93347,0.8873,0.62496,0
2024-08-17,WH-B,CR-4,2.10224,0.93347,0.92163,0.62496,0
2024-08-17,WH-C,CR-1,1.2731,1.13057,0.93918,0.62496,0
2024-08-17,WH-C,CR-2,1.2731,1.13057,0.89443,0.62496,0
2024-08-17,WH-C,CR-3,1.2731,1.13057,0.87271,0.62496,0
2024-08-17,WH-C,CR-4,1.2731,1.13057,0.93292,0.62496,0
2024-08-18,WH-A,CR-1,1.564,1.06567,0.92094,1.43033,0
2024-08-18,WH-A,CR-2,1.564,1.06567,0.88287,1.43033,0
2024-08-18,WH-A,CR-3,1.564,1.06567,0.85653,1.43033,0
2024-08-18,WH-A,CR-4,1.564,1.06567,0.89156,1.43033,0
2024-08-18,WH-B,CR-1,2.44225,0.97879,0.90907,1.43033,0
2024-08-18,WH-B,CR-2,2.44225,0.97879,0.88543,1.43033,0
2024-08-18,WH-B,CR-3,2.44225,0.97879,0.87815,1.43033,0
2024-08-18,WH-B,CR-4,2.44225,0.97879,0.89918,1.43033,0
2024-08-18,WH-C,CR-1,0.98623,1.02593,0.93416,1.43033,0
2024-08-18,WH-C,CR-2,0.98623,1.02593,0.85051,1.43033,0
2024-08-18,WH-C,CR-3,0.98623,1.02593,0.84222,1.43033,0
2024-08-18,WH-C,CR-4,0.98623,1.02593,0.93703,1.43033,0
2024-08-19,WH-A,CR-1,1.49246,1.1554,0.94044,0.53947,0
2024-08-19,WH-A,CR-2,1.49246,1.1554,0.92236,0.53947,0
2024-08-19,WH-A,CR-3,1.49246,1.1554,0.87495,0.53947,0
2024-08-19,WH-A,CR-4,1.49246,1.1554,0.91381,0.53947,0
2024-08-19,WH-B,CR-1,2.48347,1.09414,0.91789,0.53947,0
2024-08-19,WH-B,CR-2,2.48347,1.09414,0.87917,0.53947,0
2024-08-19,WH-B,CR-3,2.48347,1.09414,0.85151,0.53947,0
2024-08-19,WH-B,CR-4,2.48347,1.09414,0.90953,0.53947,0
2024-08-19,WH-C,CR-1,0.61935,1.17506,0.9159,0.53947,0
2024-08-19,WH-C,CR-2,0.61935,1.17506,0.86257,0.53947,0
2024-08-19,WH-C,CR-3,0.61935,1.17506,0.85776,0.53947,0
2024-08-19,WH-C,CR-4,0.61935,1.17506,0.91463,0.53947,0
2024-08-20,WH-A,CR-1,1.24462,1.22047,0.93715,0.14573,0
2024-08-20,WH-A,CR-2,1.24462,1.22047,0.90687,0.14573,0
2024-08-20,WH-A,CR-3,1.24462,1.22047,0.86735,0.14573,0
2024-08-20,WH-A,CR-4,1.24462,1.22047,0.92667,0.14573,0
2024-08-20,WH-B,CR-1,1.96573,1.1636,0.93454,0.14573,0
2024-08-20,WH-B,CR-2,1.96573,1.1636,0.89604,0.14573,0
2024-08-20,WH-B,CR-3,1.96573,1.1636,0.88928,0.14573,0
2024-08-20,WH-B,CR-4,1.96573,1.1636,0.9325,0.14573,0
2024-08-20,WH-C,CR-1,0.63502,1.16164,0.93637,0.14573,0
2024-08-20,WH-C,CR-2,0.63502,1.16164,0.89697,0.14573,0
2024-08-20,WH-C,CR-3,0.63502,1.16164,0.87822,0.14573,0
2024-08-20,WH-C,CR-4,0.63502,1.16164,0.91992,0.14573,0
2024-08-21,WH-A,CR-1,1.17151,1.19536,0.93008,0.08787,0
2024-08-21,WH-A,CR-2,1.17151,1.19536,0.93867,0.08787,0
2024-08-21,WH-A,CR-3,1.17151,1.19536,0.88905,0.08787,0
2024-08-21,WH-A,CR-4,1.17151,1.19536,0.94407,0.08787,0
2024-08-21,WH-B,CR-1,2.17408,1.29823,0.92897,0.08787,0
2024-08-21,WH-B,CR-2,2.17408,1.29823,0.87769,0.08787,0
2024-08-21,WH-B,CR-3,2.17408,1.29823,0.87306,0.08787,0
2024-08-21,WH-B,CR-4,2.17408,1.29823,0.93512,0.08787,0
2024-08-21,WH-C,CR-1,0.85381,1.17204,0.95427,0.08787,0
2024-08-21,WH-C,CR-2,0.85381,1.17204,0.913,0.08787,0
2024-08-21,WH-C,CR-3,0.85381,1.17204,0.88801,0.08787,0
2024-08-21,WH-C,CR-4,0.85381,1.17204,0.91714,0.08787,0
2024-08-22,WH-A,CR-1,1.28361,1.10014,0.93132,0.0681,0
2024-08-22,WH-A,CR-2,1.28361,1.10014,0.90098,0.0681,0
2024-08-22,WH-A,CR-3,1.28361,1.10014,0.87027,0.0681,0
2024-08-22,WH-A,CR-4,1.28361,1.10014,0.91338,0.0681,0
2024-08-22,WH-B,CR-1,1.50481,1.1344,0.93166,0.0681,0
2024-08-22,WH-B,CR-2,1.50481,1.1344,0.92206,0.0681,0
2024-08-22,WH-B,CR-3,1.50481,1.1344,0.88229,0.0681,0
2024-08-22,WH-B,CR-4,1.50481,1.1344,0.93196,0.0681,0
2024-08-22,WH-C,CR-1,0.68169,1.14032,0.94311,0.0681,0
2024-08-22,WH-C,CR-2,0.68169,1.14032,0.91737,0.0681,0
2024-08-22,WH-C,CR-3,0.68169,1.14032,0.87765,0.0681,0
2024-08-22,WH-C,CR-4,0.68169,1.14032,0.94172,0.0681,0
2024-08-23,WH-A,CR-1,1.14851,1.00499,0.93771,0.30594,0
2024-08-23,WH-A,CR-2,1.14851,1.00499,0.9132,0.30594,0
2024-08-23,WH-A,CR-3,1.14851,1.00499,0.8814,0.30594,0
2024-08-23,WH-A,CR-4,1.14851,1.00499,0.92956,0.30594,0
2024-08-23,WH-B,CR-1,1.47174,1.08546,0.94111,0.30594,0
2024-08-23,WH-B,CR-2,1.47174,1.08546,0.90961,0.30594,0
2024-08-23,WH-B,CR-3,1.47174,1.08546,0.86776,0.30594,0
2024-08-23,WH-B,CR-4,1.47174,1.08546,0.93781,0.30594,0
2024-08-23,WH-C,CR-1,0.51972,1.10332,0.95413,0.30594,0
2024-08-23,WH-C,CR-2,0.51972,1.10332,0.91492,0.30594,0
2024-08-23,WH-C,CR-3,0.51972,1.10332,0.8702,0.30594,0
2024-08-23,WH-C,CR-4,0.51972,1.10332,0.92794,0.30594,0
2024-08-24,WH-A,CR-1,0.91373,1.06593,0.9293,0.35662,0
2024-08-24,WH-A,CR-2,0.91373,1.06593,0.90655,0.35662,0
2024-08-24,WH-A,CR-3,0.91373,1.06593,0.88713,0.35662,0
2024-08-24,WH-A,CR-4,0.91373,1.06593,0.91972,0.35662,0
2024-08-24,WH-B,CR-1,1.20091,1.09599,0.92966,0.35662,0
2024-08-24,WH-B,CR-2,1.20091,1.09599,0.90171,0.35662,0
2024-08-24,WH-B,CR-3,1.20091,1.09599,0.87008,0.35662,0
2024-08-24,WH-B,CR-4,1.20091,1.09599,0.95048,0.35662,0
2024-08-24,WH-C,CR-1,0.15,1.03893,0.93354,0.35662,0
2024-08-24,WH-C,CR-2,0.15,1.03893,0.89421,0.35662,0
2024-08-24,WH-C,CR-3,0.15,1.03893,0.88438,0.35662,0
2024-08-24,WH-C,CR-4,0.15,1.03893,0.93334,0.35662,0
2024-08-25,WH-A,CR-1,1.03806,1.06162,0.93387,0.28804,0
2024-08-25,WH-A,CR-2,1.03806,1.06162,0.90256,0.28804,0
2024-08-25,WH-A,CR-3,1.03806,1.06162,0.87784,0.28804,0
2024-08-25,WH-A,CR-4,1.03806,1.06162,0.93385,0.28804,0
2024-08-25,WH-B,CR-1,0.96332,0.98595,0.91383,0.28804,0
2024-08-25,WH-B,CR-2,0.96332,0.98595,0.91521,0.28804,0
2024-08-25,WH-B,CR-3,0.96332,0.98595,0.87782,0.28804,0
2024-08-25,WH-B,CR-4,0.96332,0.98595,0.93088,0.28804,0
2024-08-25,WH-C,CR-1,0.15,1.2128,0.92751,0.28804,0
2024-08-25,WH-C,CR-2,0.15,1.2128,0.90683,0.28804,0
2024-08-25,WH-C,CR-3,0.15,1.2128,0.88507,0.28804,0
2024-08-25,WH-C,CR-4,0.15,1.2128,0.91297,0.28804,0
2024-08-26,WH-A,CR-1,2.15707,1.17409,0.95643,0.15787,0
2024-08-26,WH-A,CR-2,2.15707,1.17409,0.92163,0.15787,0
2024-08-26,WH-A,CR-3,2.15707,1.17409,0.88157,0.15787,0
2024-08-26,WH-A,CR-4,2.15707,1.17409,0.91529,0.15787,0
2024-08-26,WH-B,CR-1,1.60929,1.03015,0.95637,0.15787,0
2024-08-26,WH-B,CR-2,1.60929,1.03015,0.90956,0.15787,0
2024-08-26,WH-B,CR-3,1.60929,1.03015,0.84536,0.15787,0
2024-08-26,WH-B,CR-4,1.60929,1.03015,0.92307,0.15787,0
2024-08-26,WH-C,CR-1,0.50886,1.13104,0.94574,0.15787,0
2024-08-26,WH-C,CR-2,0.50886,1.13104,0.89696,0.15787,0
2024-08-26,WH-C,CR-3,0.50886,1.13104,0.86149,0.15787,0
2024-08-26,WH-C,CR-4,0.50886,1.13104,0.9263,0.15787,0
2024-08-27,WH-A,CR-1,2.31278,1.08198,0.93811,0.31374,0
2024-08-27,WH-A,CR-2,2.31278,1.08198,0.90517,0.31374,0
2024-08-27,WH-A,CR-3,2.31278,1.08198,0.85567,0.31374,0
2024-08-27,WH-A,CR-4,2.31278,1.08198,0.90852,0.31374,0
2024-08-27,WH-B,CR-1,1.66134,1.3085,0.9413,0.31374,0
2024-08-27,WH-B,CR-2,1.66134,1.3085,0.88365,0.31374,0
2024-08-27,WH-B,CR-3,1.66134,1.3085,0.83703,0.31374,0
2024-08-27,WH-B,CR-4,1.66134,1.3085,0.93315,0.31374,0
2024-08-27,WH-C,CR-1,0.67822,1.2413,0.92378,0.31374,0
2024-08-27,WH-C,CR-2,0.67822,1.2413,0.90856,0.31374,0
2024-08-27,WH-C,CR-3,0.67822,1.2413,0.88451,0.31374,0
2024-08-27,WH-C,CR-4,0.67822,1.2413,0.91898,0.31374,0
2024-08-28,WH-A,CR-1,2.12643,1.19341,0.93651,0.1846,0
2024-08-28,WH-A,CR-2,2.12643,1.19341,0.91837,0.1846,0
2024-08-28,WH-A,CR-3,2.12643,1.19341,0.87113,0.1846,0
2024-08-28,WH-A,CR-4,2.12643,1.19341,0.91074,0.1846,0
2024-08-28,WH-B,CR-1,2.38189,1.10163,0.92986,0.1846,0
2024-08-28,WH-B,CR-2,2.38189,1.10163,0.90589,0.1846,0
2024-08-28,WH-B,CR-3,2.38189,1.10163,0.87748,0.1846,0
2024-08-28,WH-B,CR-4,2.38189,1.10163,0.92204,0.1846,0
2024-08-28,WH-C,CR-1,0.81482,1.14682,0.93877,0.1846,0
2024-08-28,WH-C,CR-2,0.81482,1.14682,0.87839,0.1846,0
2024-08-28,WH-C,CR-3,0.81482,1.14682,0.89925,0.1846,0
2024-08-28,WH-C,CR-4,0.81482,1.14682,0.92491,0.1846,0
2024-08-29,WH-A,CR-1,1.69638,1.09621,0.94801,0.53458,0
2024-08-29,WH-A,CR-2,1.69638,1.09621,0.89335,0.53458,0
2024-08-29,WH-A,CR-3,1.69638,1.09621,0.87947,0.53458,0
2024-08-29,WH-A,CR-4,1.69638,1.09621,0.91257,0.53458,0
2024-08-29,WH-B,CR-1,1.99887,1.13036,0.94578,0.53458,0
2024-08-29,WH-B,CR-2,1.99887,1.13036,0.8777,0.53458,0
2024-08-29,WH-B,CR-3,1.99887,1.13036,0.85459,0.53458,0
2024-08-29,WH-B,CR-4,1.99887,1.13036,0.89701,0.53458,0
2024-08-29,WH-C,CR-1,0.52806,1.08507,0.911,0.53458,0
2024-08-29,WH-C,CR-2,0.52806,1.08507,0.89157,0.53458,0
2024-08-29,WH-C,CR-3,0.52806,1.08507,0.8462,0.53458,0
2024-08-29,WH-C,CR-4,0.52806,1.08507,0.90816,0.53458,0
2024-08-30,WH-A,CR-1,1.64632,1.06978,0.90561,0.88667,0
2024-08-30,WH-A,CR-2,1.64632,1.06978,0.88037,0.88667,0
2024-08-30,WH-A,CR-3,1.64632,1.06978,0.86352,0.88667,0
2024-08-30,WH-A,CR-4,1.64632,1.06978,0.92446,0.88667,0
2024-08-30,WH-B,CR-1,2.22315,1.20045,0.91519,0.88667,0
2024-08-30,WH-B,CR-2,2.22315,1.20045,0.89433,0.88667,0
2024-08-30,WH-B,CR-3,2.22315,1.20045,0.86018,0.88667,0
2024-08-30,WH-B,CR-4,2.22315,1.20045,0.91163,0.88667,0
2024-08-30,WH-C,CR-1,1.4343,1.00904,0.92122,0.88667,0
2024-08-30,WH-C,CR-2,1.4343,1.00904,0.90858,0.88667,0
2024-08-30,WH-C,CR-3,1.4343,1.00904,0.84645,0.88667,0
2024-08-30,WH-C,CR-4,1.4343,1.00904,0.90631,0.88667,0
2024-08-31,WH-A,CR-1,0.98862,1.11762,0.94509,0.16155,0
2024-08-31,WH-A,CR-2,0.98862,1.11762,0.91319,0.16155,0
2024-08-31,WH-A,CR-3,0.98862,1.11762,0.86665,0.16155,0
2024-08-31,WH-A,CR-4,0.98862,1.11762,0.92813,0.16155,0
2024-08-31,WH-B,CR-1,1.73734,1.04339,0.96293,0.16155,0
2024-08-31,WH-B,CR-2,1.73734,1.04339,0.90824,0.16155,0
2024-08-31,WH-B,CR-3,1.73734,1.04339,0.86284,0.16155,0
2024-08-31,WH-B,CR-4,1.73734,1.04339,0.92926,0.16155,0
2024-08-31,WH-C,CR-1,0.83626,0.97408,0.9246,0.16155,0
2024-08-31,WH-C,CR-2,0.83626,0.97408,0.90176,0.16155,0
2024-08-31,WH-C,CR-3,0.83626,0.97408,0.88834,0.16155,0
2024-08-31,WH-C,CR-4,0.83626,0.97408,0.93403,0.16155,0
2024-09-01,WH-A,CR-1,0.92929,1.09176,0.92332,0.50765,0
2024-09-01,WH-A,CR-2,0.92929,1.09176,0.89752,0.50765,0
2024-09-01,WH-A,CR-3,0.92929,1.09176,0.87616,0.50765,0
2024-09-01,WH-A,CR-4,0.92929,1.09176,0.91668,0.50765,0
2024-09-01,WH-B,CR-1,1.81454,1.19742,0.9288,0.50765,0
2024-09-01,WH-B,CR-2,1.81454,1.19742,0.91501,0.50765,0
2024-09-01,WH-B,CR-3,1.81454,1.19742,0.87757,0.50765,0
2024-09-01,WH-B,CR-4,1.81454,1.19742,0.90326,0.50765,0
2024-09-01,WH-C,CR-1,0.53397,1.00331,0.9206,0.50765,0
2024-09-01,WH-C,CR-2,0.53397,1.00331,0.89978,0.50765,0
2024-09-01,WH-C,CR-3,0.53397,1.00331,0.87824,0.50765,0
2024-09-01,WH-C,CR-4,0.53397,1.00331,0.93592,0.50765,0
2024-09-02,WH-A,CR-1,0.3505,1.15565,0.93284,0.41523,0
2024-09-02,WH-A,CR-2,0.3505,1.15565,0.90472,0.41523,0
2024-09-02,WH-A,CR-3,0.3505,1.15565,0.8978,0.41523,0
2024-09-02,WH-A,CR-4,0.3505,1.15565,0.93741,0.41523,0
2024-09-02,WH-B,CR-1,2.05947,1.07303,0.92637,0.41523,0
2024-09-02,WH-B,CR-2,2.05947,1.07303,0.90139,0.41523,0
2024-09-02,WH-B,CR-3,2.05947,1.07303,0.86322,0.41523,0
2024-09-02,WH-B,CR-4,2.05947,1.07303,0.92853,0.41523,0
2024-09-02,WH-C,CR-1,0.84724,1.06294,0.94689,0.41523,0
2024-09-02,WH-C,CR-2,0.84724,1.06294,0.90375,0.41523,0
2024-09-02,WH-C,CR-3,0.84724,1.06294,0.85178,0.41523,0
2024-09-02,WH-C,CR-4,0.84724,1.06294,0.92191,0.41523,0
2024-09-03,WH-A,CR-1,0.58407,1.21624,0.93496,0.40449,0
2024-09-03,WH-A,CR-2,0.58407,1.21624,0.88694,0.40449,0
2024-09-03,WH-A,CR-3,0.58407,1.21624,0.85574,0.40449,0
2024-09-03,WH-A,CR-4,0.58407,1.21624,0.93619,0.40449,0
2024-09-03,WH-B,CR-1,2.36161,1.17583,0.95067,0.40449,0
2024-09-03,WH-B,CR-2,2.36161,1.17583,0.9154,0.40449,0
2024-09-03,WH-B,CR-3,2.36161,1.17583,0.88092,0.40449,0
2024-09-03,WH-B,CR-4,2.36161,1.17583,0.91178,0.40449,0
2024-09-03,WH-C,CR-1,1.53107,1.1929,0.92809,0.40449,0
2024-09-03,WH-C,CR-2,1.53107,1.1929,0.8947,0.40449,0
2024-09-03,WH-C,CR-3,1.53107,1.1929,0.8758,0.40449,0
2024-09-03,WH-C,CR-4,1.53107,1.1929,0.90267,0.40449,0
2024-09-04,WH-A,CR-1,0.98287,1.10827,0.92615,0.59319,0
2024-09-04,WH-A,CR-2,0.98287,1.10827,0.89024,0.59319,0
2024-09-04,WH-A,CR-3,0.98287,1.10827,0.86739,0.59319,0
2024-09-04,WH-A,CR-4,0.98287,1.10827,0.942,0.59319,0
2024-09-04,WH-B,CR-1,2.62333,1.17836,0.92902,0.59319,0
2024-09-04,WH-B,CR-2,2.62333,1.17836,0.90945,0.59319,0
2024-09-04,WH-B,CR-3,2.62333,1.17836,0.88288,0.59319,0
2024-09-04,WH-B,CR-4,2.62333,1.17836,0.90936,0.59319,0
2024-09-04,WH-C,CR-1,1.34161,1.00424,0.9428,0.59319,0
2024-09-04,WH-C,CR-2,1.34161,1.00424,0.9241,0.59319,0
2024-09-04,WH-C,CR-3,1.34161,1.00424,0.87028,0.59319,0
2024-09-04,WH-C,CR-4,1.34161,1.00424,0.89382,0.59319,0
2024-09-05,WH-A,CR-1,0.87939,1.20013,0.93319,0.54813,0
2024-09-05,WH-A,CR-2,0.87939,1.20013,0.89428,0.54813,0
2024-09-05,WH-A,CR-3,0.87939,1.20013,0.86234,0.54813,0
2024-09-05,WH-A,CR-4,0.87939,1.20013,0.92164,0.54813,0
2024-09-05,WH-B,CR-1,2.16455,1.06126,0.92614,0.54813,0
2024-09-05,WH-B,CR-2,2.16455,1.06126,0.90421,0.54813,0
2024-09-05,WH-B,CR-3,2.16455,1.06126,0.868,0.54813,0
2024-09-05,WH-B,CR-4,2.16455,1.06126,0.90317,0.54813,0
2024-09-05,WH-C,CR-1,1.59091,0.9309,0.92478,0.54813,0
2024-09-05,WH-C,CR-2,1.59091,0.9309,0.89269,0.54813,0
2024-09-05,WH-C,CR-3,1.59091,0.9309,0.87191,0.54813,0
2024-09-05,WH-C,CR-4,1.59091,0.9309,0.92687,0.54813,0
2024-09-06,WH-A,CR-1,1.24881,1.16567,0.90437,0.83851,0
2024-09-06,WH-A,CR-2,1.24881,1.16567,0.91771,0.83851,0
2024-09-06,WH-A,CR-3,1.24881,1.16567,0.84764,0.83851,0
2024-09-06,WH-A,CR-4,1.24881,1.16567,0.91994,0.83851,0
2024-09-06,WH-B,CR-1,2.14535,1.17205,0.91897,0.83851,0
2024-09-06,WH-B,CR-2,2.14535,1.17205,0.90483,0.83851,0
2024-09-06,WH-B,CR-3,2.14535,1.17205,0.84618,0.83851,0
2024-09-06,WH-B,CR-4,2.14535,1.17205,0.91412,0.83851,0
2024-09-06,WH-C,CR-1,1.20864,1.09582,0.93005,0.83851,0
2024-09-06,WH-C,CR-2,1.20864,1.09582,0.90784,0.83851,0
2024-09-06,WH-C,CR-3,1.20864,1.09582,0.86079,0.83851,0
2024-09-06,WH-C,CR-4,1.20864,1.09582,0.92428,0.83851,0
2024-09-07,WH-A,CR-1,1.19259,1.04604,0.92588,0.31983,0
2024-09-07,WH-A,CR-2,1.19259,1.04604,0.90938,0.31983,0
2024-09-07,WH-A,CR-3,1.19259,1.04604,0.87706,0.31983,0
2024-09-07,WH-A,CR-4,1.19259,1.04604,0.90516,0.31983,0
2024-09-07,WH-B,CR-1,1.41759,1.10397,0.92446,0.31983,0
2024-09-07,WH-B,CR-2,1.41759,1.10397,0.90787,0.31983,0
2024-09-07,WH-B,CR-3,1.41759,1.10397,0.88361,0.31983,0
2024-09-07,WH-B,CR-4,1.41759,1.10397,0.90899,0.31983,0
2024-09-07,WH-C,CR-1,0.66272,1.20395,0.93846,0.31983,0
2024-09-07,WH-C,CR-2,0.66272,1.20395,0.89921,0.31983,0
2024-09-07,WH-C,CR-3,0.66272,1.20395,0.86304,0.31983,0
2024-09-07,WH-C,CR-4,0.66272,1.20395,0.91812,0.31983,0
2024-09-08,WH-A,CR-1,0.97374,1.15748,0.93416,0.05728,0
2024-09-08,WH-A,CR-2,0.97374,1.15748,0.89645,0.05728,0
2024-09-08,WH-A,CR-3,0.97374,1.15748,0.87385,0.05728,0
2024-09-08,WH-A,CR-4,0.97374,1.15748,0.89748,0.05728,0
2024-09-08,WH-B,CR-1,1.47958,1.05639,0.94887,0.05728,0
2024-09-08,WH-B,CR-2,1.47958,1.05639,0.88633,0.05728,0
2024-09-08,WH-B,CR-3,1.47958,1.05639,0.89291,0.05728,0
2024-09-08,WH-B,CR-4,1.47958,1.05639,0.93882,0.05728,0
2024-09-08,WH-C,CR-1,1.2394,1.06578,0.95114,0.05728,0
2024-09-08,WH-C,CR-2,1.2394,1.06578,0.89131,0.05728,0
2024-09-08,WH-C,CR-3,1.2394,1.06578,0.88753,0.05728,0
2024-09-08,WH-C,CR-4,1.2394,1.06578,0.91972,0.05728,0
2024-09-09,WH-A,CR-1,1.23427,1.00534,0.90898,0.30514,0
2024-09-09,WH-A,CR-2,1.23427,1.00534,0.92098,0.30514,0
2024-09-09,WH-A,CR-3,1.23427,1.00534,0.88535,0.30514,0
2024-09-09,WH-A,CR-4,1.23427,1.00534,0.91192,0.30514,0
2024-09-09,WH-B,CR-1,1.56039,1.23156,0.93954,0.30514,0
2024-09-09,WH-B,CR-2,1.56039,1.23156,0.90629,0.30514,0
2024-09-09,WH-B,CR-3,1.56039,1.23156,0.88765,0.30514,0
2024-09-09,WH-B,CR-4,1.56039,1.23156,0.91574,0.30514,0
2024-09-09,WH-C,CR-1,1.18624,1.14857,0.93123,0.30514,0
2024-09-09,WH-C,CR-2,1.18624,1.14857,0.89983,0.30514,0
2024-09-09,WH-C,CR-3,1.18624,1.14857,0.87538,0.30514,0
2024-09-09,WH-C,CR-4,1.18624,1.14857,0.92492,0.30514,0
2024-09-10,WH-A,CR-1,0.92959,1.13254,0.93513,0.07391,0
2024-09-10,WH-A,CR-2,0.92959,1.13254,0.91297,0.07391,0
2024-09-10,WH-A,CR-3,0.92959,1.13254,0.85324,0.07391,0
2024-09-10,WH-A,CR-4,0.92959,1.13254,0.93936,0.07391,0
2024-09-10,WH-B,CR-1,1.37636,1.2476,0.93293,0.07391,0
2024-09-10,WH-B,CR-2,1.37636,1.2476,0.90808,0.07391,0
2024-09-10,WH-B,CR-3,1.37636,1.2476,0.90163,0.07391,0
2024-09-10,WH-B,CR-4,1.37636,1.2476,0.92534,0.07391,0
2024-09-10,WH-C,CR-1,1.57371,1.15312,0.94365,0.07391,0
2024-09-10,WH-C,CR-2,1.57371,1.15312,0.90951,0.07391,0
2024-09-10,WH-C,CR-3,1.57371,1.15312,0.88884,0.07391,0
2024-09-10,WH-C,CR-4,1.57371,1.15312,0.92044,0.07391,0
2024-09-11,WH-A,CR-1,1.10755,1.13233,0.94704,0.0824,0
2024-09-11,WH-A,CR-2,1.10755,1.13233,0.92417,0.0824,0
2024-09-11,WH-A,CR-3,1.10755,1.13233,0.86681,0.0824,0
2024-09-11,WH-A,CR-4,1.10755,1.13233,0.91971,0.0824,0
2024-09-11,WH-B,CR-1,0.99037,1.31243,0.94217,0.0824,0
2024-09-11,WH-B,CR-2,0.99037,1.31243,0.91427,0.0824,0
2024-09-11,WH-B,CR-3,0.99037,1.31243,0.86243,0.0824,0
2024-09-11,WH-B,CR-4,0.99037,1.31243,0.9285,0.0824,0
2024-09-11,WH-C,CR-1,1.56956,1.12978,0.95143,0.0824,0
2024-09-11,WH-C,CR-2,1.56956,1.12978,0.93626,0.0824,0
2024-09-11,WH-C,CR-3,1.56956,1.12978,0.86715,0.0824,0
2024-09-11,WH-C,CR-4,1.56956,1.12978,0.91625,0.0824,0
2024-09-12,WH-A,CR-1,1.55255,1.13916,0.93868,0.0978,0
2024-09-12,WH-A,CR-2,1.55255,1.13916,0.89844,0.0978,0
2024-09-12,WH-A,CR-3,1.55255,1.13916,0.88892,0.0978,0
2024-09-12,WH-A,CR-4,1.55255,1.13916,0.92368,0.0978,0
2024-09-12,WH-B,CR-1,1.15053,1.1987,0.93598,0.0978,0
2024-09-12,WH-B,CR-2,1.15053,1.1987,0.90542,0.0978,0
2024-09-12,WH-B,CR-3,1.15053,1.1987,0.87837,0.0978,0
2024-09-12,WH-B,CR-4,1.15053,1.1987,0.93778,0.0978,0
2024-09-12,WH-C,CR-1,1.9643,1.19684,0.94788,0.0978,0
2024-09-12,WH-C,CR-2,1.9643,1.19684,0.90584,0.0978,0
2024-09-12,WH-C,CR-3,1.9643,1.19684,0.86975,0.0978,0
2024-09-12,WH-C,CR-4,1.9643,1.19684,0.93609,0.0978,0
2024-09-13,WH-A,CR-1,1.36157,1.14337,0.92735,0.36262,0
2024-09-13,WH-A,CR-2,1.36157,1.14337,0.92125,0.36262,0
2024-09-13,WH-A,CR-3,1.36157,1.14337,0.87923,0.36262,0
2024-09-13,WH-A,CR-4,1.36157,1.14337,0.93995,0.36262,0
2024-09-13,WH-B,CR-1,1.43728,1.15651,0.92223,0.36262,0
2024-09-13,WH-B,CR-2,1.43728,1.15651,0.90362,0.36262,0
2024-09-13,WH-B,CR-3,1.43728,1.15651,0.87363,0.36262,0
2024-09-13,WH-B,CR-4,1.43728,1.15651,0.90707,0.36262,0
2024-09-13,WH-C,CR-1,1.4552,1.12414,0.93843,0.36262,0
2024-09-13,WH-C,CR-2,1.4552,1.12414,0.90901,0.36262,0
2024-09-13,WH-C,CR-3,1.4552,1.12414,0.8665,0.36262,0
2024-09-13,WH-C,CR-4,1.4552,1.12414,0.9291,0.36262,0
2024-09-14,WH-A,CR-1,1.18208,1.15632,0.91536,0.24779,0
2024-09-14,WH-A,CR-2,1.18208,1.15632,0.90689,0.24779,0
2024-09-14,WH-A,CR-3,1.18208,1.15632,0.89456,0.24779,0
2024-09-14,WH-A,CR-4,1.18208,1.15632,0.91641,0.24779,0
2024-09-14,WH-B,CR-1,1.53169,0.96568,0.95507,0.24779,0
2024-09-14,WH-B,CR-2,1.53169,0.96568,0.90454,0.24779,0
2024-09-14,WH-B,CR-3,1.53169,0.96568,0.8761,0.24779,0
2024-09-14,WH-B,CR-4,1.53169,0.96568,0.94179,0.24779,0
2024-09-14,WH-C,CR-1,1.5441,0.99995,0.92777,0.24779,0
2024-09-14,WH-C,CR-2,1.5441,0.99995,0.91148,0.24779,0
2024-09-14,WH-C,CR-3,1.5441,0.99995,0.86805,0.24779,0
2024-09-14,WH-C,CR-4,1.5441,0.99995,0.90013,0.24779,0
2024-09-15,WH-A,CR-1,1.80024,1.08414,0.92398,0.28631,0
2024-09-15,WH-A,CR-2,1.80024,1.08414,0.89646,0.28631,0
2024-09-15,WH-A,CR-3,1.80024,1.08414,0.85217,0.28631,0
2024-09-15,WH-A,CR-4,1.80024,1.08414,0.91165,0.28631,0
2024-09-15,WH-B,CR-1,1.9475,1.24854,0.94356,0.28631,0
2024-09-15,WH-B,CR-2,1.9475,1.24854,0.90374,0.28631,0
2024-09-15,WH-B,CR-3,1.9475,1.24854,0.86966,0.28631,0
2024-09-15,WH-B,CR-4,1.9475,1.24854,0.91337,0.28631,0
2024-09-15,WH-C,CR-1,2.09078,1.0549,0.96023,0.28631,0
2024-09-15,WH-C,CR-2,2.09078,1.0549,0.92157,0.28631,0
2024-09-15,WH-C,CR-3,2.09078,1.0549,0.85396,0.28631,0
2024-09-15,WH-C,CR-4,2.09078,1.0549,0.91685,0.28631,0
2024-09-16,WH-A,CR-1,1.61477,1.35,0.92467,0.13339,0
2024-09-16,WH-A,CR-2,1.61477,1.35,0.91035,0.13339,0
2024-09-16,WH-A,CR-3,1.61477,1.35,0.885,0.13339,0
2024-09-16,WH-A,CR-4,1.61477,1.35,0.92758,0.13339,0
2024-09-16,WH-B,CR-1,1.90016,1.06642,0.93888,0.13339,0
2024-09-16,WH-B,CR-2,1.90016,1.06642,0.91374,0.13339,0
2024-09-16,WH-B,CR-3,1.90016,1.06642,0.88153,0.13339,0
2024-09-16,WH-B,CR-4,1.90016,1.06642,0.93444,0.13339,0
2024-09-16,WH-C,CR-1,2.21914,1.22496,0.93845,0.13339,0
2024-09-16,WH-C,CR-2,2.21914,1.22496,0.89354,0.13339,0
2024-09-16,WH-C,CR-3,2.21914,1.22496,0.8704,0.13339,0
2024-09-16,WH-C,CR-4,2.21914,1.22496,0.92496,0.13339,0
2024-09-17,WH-A,CR-1,1.18737,1.05494,0.91311,0.39321,0
2024-09-17,WH-A,CR-2,1.18737,1.05494,0.9001,0.39321,0
2024-09-17,WH-A,CR-3,1.18737,1.05494,0.85529,0.39321,0
2024-09-17,WH-A,CR-4,1.18737,1.05494,0.91092,0.39321,0
2024-09-17,WH-B,CR-1,1.69251,1.04313,0.93748,0.39321,0
2024-09-17,WH-B,CR-2,1.69251,1.04313,0.9118,0.39321,0
2024-09-17,WH-B,CR-3,1.69251,1.04313,0.86633,0.39321,0
2024-09-17,WH-B,CR-4,1.69251,1.04313,0.91768,0.39321,0
2024-09-17,WH-C,CR-1,1.99581,1.09288,0.92353,0.39321,0
2024-09-17,WH-C,CR-2,1.99581,1.09288,0.91728,0.39321,0
2024-09-17,WH-C,CR-3,1.99581,1.09288,0.88353,0.39321,0
2024-09-17,WH-C,CR-4,1.99581,1.09288,0.93014,0.39321,0
2024-09-18,WH-A,CR-1,1.71049,1.18136,0.93924,0.71594,0
2024-09-18,WH-A,CR-2,1.71049,1.18136,0.90176,0.71594,0
2024-09-18,WH-A,CR-3,1.71049,1.18136,0.8677,0.71594,0
2024-09-18,WH-A,CR-4,1.71049,1.18136,0.91381,0.71594,0
2024-09-18,WH-B,CR-1,1.8235,1.12506,0.93753,0.71594,0
2024-09-18,WH-B,CR-2,1.8235,1.12506,0.87808,0.71594,0
2024-09-18,WH-B,CR-3,1.8235,1.12506,0.86061,0.71594,0
2024-09-18,WH-B,CR-4,1.8235,1.12506,0.94165,0.71594,0
2024-09-18,WH-C,CR-1,1.44301,1.13091,0.91652,0.71594,0
2024-09-18,WH-C,CR-2,1.44301,1.13091,0.90114,0.71594,0
2024-09-18,WH-C,CR-3,1.44301,1.13091,0.85828,0.71594,0
2024-09-18,WH-C,CR-4,1.44301,1.13091,0.91489,0.71594,0
2024-09-19,WH-A,CR-1,1.85232,1.21578,0.94055,0.67251,0
2024-09-19,WH-A,CR-2,1.85232,1.21578,0.89958,0.67251,0
2024-09-19,WH-A,CR-3,1.85232,1.21578,0.90679,0.67251,0
2024-09-19,WH-A,CR-4,1.85232,1.21578,0.93055,0.67251,0
2024-09-19,WH-B,CR-1,1.89347,1.07993,0.92673,0.67251,0
2024-09-19,WH-B,CR-2,1.89347,1.07993,0.91501,0.67251,0
2024-09-19,WH-B,CR-3,1.89347,1.07993,0.88841,0.67251,0
2024-09-19,WH-B,CR-4,1.89347,1.07993,0.93563,0.67251,0
2024-09-19,WH-C,CR-1,1.57726,1.04955,0.93374,0.67251,0
2024-09-19,WH-C,CR-2,1.57726,1.04955,0.883,0.67251,0
2024-09-19,WH-C,CR-3,1.57726,1.04955,0.85005,0.67251,0
2024-09-19,WH-C,CR-4,1.57726,1.04955,0.92076,0.67251,0
2024-09-20,WH-A,CR-1,1.84215,1.19253,0.91904,0.50774,0
2024-09-20,WH-A,CR-2,1.84215,1.19253,0.8996,0.50774,0
2024-09-20,WH-A,CR-3,1.84215,1.19253,0.85278,0.50774,0
2024-09-20,WH-A,CR-4,1.84215,1.19253,0.89682,0.50774,0
2024-09-20,WH-B,CR-1,2.08412,1.08975,0.94133,0.50774,0
2024-09-20,WH-B,CR-2,2.08412,1.08975,0.91416,0.50774,0
2024-09-20,WH-B,CR-3,2.08412,1.08975,0.86343,0.50774,0
2024-09-20,WH-B,CR-4,2.08412,1.08975,0.92794,0.50774,0
2024-09-20,WH-C,CR-1,1.15796,1.00233,0.93234,0.50774,0
2024-09-20,WH-C,CR-2,1.15796,1.00233,0.89521,0.50774,0
2024-09-20,WH-C,CR-3,1.15796,1.00233,0.86558,0.50774,0
2024-09-20,WH-C,CR-4,1.15796,1.00233,0.94456,0.50774,0
2024-09-21,WH-A,CR-1,1.31304,1.14266,0.94307,0.02832,0
2024-09-21,WH-A,CR-2,1.31304,1.14266,0.91404,0.02832,0
2024-09-21,WH-A,CR-3,1.31304,1.14266,0.86815,0.02832,0
2024-09-21,WH-A,CR-4,1.31304,1.14266,0.9203,0.02832,0
2024-09-21,WH-B,CR-1,2.27304,1.21166,0.94525,0.02832,0
2024-09-21,WH-B,CR-2,2.27304,1.21166,0.89872,0.02832,0
2024-09-21,WH-B,CR-3,2.27304,1.21166,0.88356,0.02832,0
2024-09-21,WH-B,CR-4,2.27304,1.21166,0.95862,0.02832,0
2024-09-21,WH-C,CR-1,1.15235,1.18695,0.93061,0.02832,0
2024-09-21,WH-C,CR-2,1.15235,1.18695,0.90899,0.02832,0
2024-09-21,WH-C,CR-3,1.15235,1.18695,0.88693,0.02832,0
2024-09-21,WH-C,CR-4,1.15235,1.18695,0.93426,0.02832,0
2024-09-22,WH-A,CR-1,1.66292,1.16532,0.95606,0.11588,0
2024-09-22,WH-A,CR-2,1.66292,1.16532,0.92956,0.11588,0
2024-09-22,WH-A,CR-3,1.66292,1.16532,0.87953,0.11588,0
2024-09-22,WH-A,CR-4,1.66292,1.16532,0.92418,0.11588,0
2024-09-22,WH-B,CR-1,2.54387,1.12705,0.92612,0.11588,0
2024-09-22,WH-B,CR-2,2.54387,1.12705,0.89551,0.11588,0
2024-09-22,WH-B,CR-3,2.54387,1.12705,0.88382,0.11588,0
2024-09-22,WH-B,CR-4,2.54387,1.12705,0.92579,0.11588,0
2024-09-22,WH-C,CR-1,1.10332,1.1558,0.94702,0.11588,0
2024-09-22,WH-C,CR-2,1.10332,1.1558,0.92387,0.11588,0
2024-09-22,WH-C,CR-3,1.10332,1.1558,0.85474,0.11588,0
2024-09-22,WH-C,CR-4,1.10332,1.1558,0.93096,0.11588,0
2024-09-23,WH-A,CR-1,1.31499,1.08276,0.92963,0.59066,0
2024-09-23,WH-A,CR-2,1.31499,1.08276,0.9189,0.59066,0
2024-09-23,WH-A,CR-3,1.31499,1.08276,0.89364,0.59066,0
2024-09-23,WH-A,CR-4,1.31499,1.08276,0.9096,0.59066,0
2024-09-23,WH-B,CR-1,2.43111,1.1947,0.93402,0.59066,0
2024-09-23,WH-B,CR-2,2.43111,1.1947,0.90416,0.59066,0
2024-09-23,WH-B,CR-3,2.43111,1.1947,0.87301,0.59066,0
2024-09-23,WH-B,CR-4,2.43111,1.1947,0.93962,0.59066,0
2024-09-23,WH-C,CR-1,1.46632,1.06519,0.93892,0.59066,0
2024-09-23,WH-C,CR-2,1.46632,1.06519,0.91008,0.59066,0
2024-09-23,WH-C,CR-3,1.46632,1.06519,0.87315,0.59066,0
2024-09-23,WH-C,CR-4,1.46632,1.06519,0.93295,0.59066,0
2024-09-24,WH-A,CR-1,1.36026,0.98854,0.9324,0.36883,0
2024-09-24,WH-A,CR-2,1.36026,0.98854,0.89534,0.36883,0
2024-09-24,WH-A,CR-3,1.36026,0.98854,0.85912,0.36883,0
2024-09-24,WH-A,CR-4,1.36026,0.98854,0.94057,0.36883,0
2024-09-24,WH-B,CR-1,2.34978,1.14761,0.92658,0.36883,0
2024-09-24,WH-B,CR-2,2.34978,1.14761,0.90692,0.36883,0
2024-09-24,WH-B,CR-3,2.34978,1.14761,0.88526,0.36883,0
2024-09-24,WH-B,CR-4,2.34978,1.14761,0.91344,0.36883,0
2024-09-24,WH-C,CR-1,1.31451,1.21945,0.91013,0.36883,0
2024-09-24,WH-C,CR-2,1.31451,1.21945,0.90267,0.36883,0
2024-09-24,WH-C,CR-3,1.31451,1.21945,0.86821,0.36883,0
2024-09-24,WH-C,CR-4,1.31451,1.21945,0.92176,0.36883,0
2024-09-25,WH-A,CR-1,2.02035,1.12409,0.94049,0.16749,0
2024-09-25,WH-A,CR-2,2.02035,1.12409,0.93092,0.16749,0
2024-09-25,WH-A,CR-3,2.02035,1.12409,0.87039,0.16749,0
2024-09-25,WH-A,CR-4,2.02035,1.12409,0.94876,0.16749,0
2024-09-25,WH-B,CR-1,2.12213,1.29255,0.94599,0.16749,0
2024-09-25,WH-B,CR-2,2.12213,1.29255,0.91067,0.16749,0
2024-09-25,WH-B,CR-3,2.12213,1.29255,0.8762,0.16749,0
2024-09-25,WH-B,CR-4,2.12213,1.29255,0.9195,0.16749,0
2024-09-25,WH-C,CR-1,1.24386,1.22179,0.93683,0.16749,0
2024-09-25,WH-C,CR-2,1.24386,1.22179,0.90319,0.16749,0
2024-09-25,WH-C,CR-3,1.24386,1.22179,0.87398,0.16749,0
2024-09-25,WH-C,CR-4,1.24386,1.22179,0.93889,0.16749,0
2024-09-26,WH-A,CR-1,1.54198,1.18035,0.94207,0.90326,0
2024-09-26,WH-A,CR-2,1.54198,1.18035,0.90749,0.90326,0
2024-09-26,WH-A,CR-3,1.54198,1.18035,0.84872,0.90326,0
2024-09-26,WH-A,CR-4,1.54198,1.18035,0.91057,0.90326,0
2024-09-26,WH-B,CR-1,1.64643,1.1286,0.94299,0.90326,0
2024-09-26,WH-B,CR-2,1.64643,1.1286,0.87667,0.90326,0
2024-09-26,WH-B,CR-3,1.64643,1.1286,0.84431,0.90326,0
2024-09-26,WH-B,CR-4,1.64643,1.1286,0.9038,0.90326,0
2024-09-26,WH-C,CR-1,1.27183,1.19966,0.92899,0.90326,0
2024-09-26,WH-C,CR-2,1.27183,1.19966,0.90785,0.90326,0
2024-09-26,WH-C,CR-3,1.27183,1.19966,0.84258,0.90326,0
2024-09-26,WH-C,CR-4,1.27183,1.19966,0.928,0.90326,0
2024-09-27,WH-A,CR-1,1.00173,1.1504,0.93901,0.21258,0
2024-09-27,WH-A,CR-2,1.00173,1.1504,0.92004,0.21258,0
2024-09-27,WH-A,CR-3,1.00173,1.1504,0.85715,0.21258,0
2024-09-27,WH-A,CR-4,1.00173,1.1504,0.92654,0.21258,0
2024-09-27,WH-B,CR-1,1.28299,1.19044,0.9455,0.21258,0
2024-09-27,WH-B,CR-2,1.28299,1.19044,0.92162,0.21258,0
2024-09-27,WH-B,CR-3,1.28299,1.19044,0.86975,0.21258,0
2024-09-27,WH-B,CR-4,1.28299,1.19044,0.9373,0.21258,0
2024-09-27,WH-C,CR-1,1.66565,1.01854,0.94352,0.21258,0
2024-09-27,WH-C,CR-2,1.66565,1.01854,0.91768,0.21258,0
2024-09-27,WH-C,CR-3,1.66565,1.01854,0.87307,0.21258,0
2024-09-27,WH-C,CR-4,1.66565,1.01854,0.91164,0.21258,0
2024-09-28,WH-A,CR-1,1.05126,1.06679,0.93552,0.72599,0
2024-09-28,WH-A,CR-2,1.05126,1.06679,0.88941,0.72599,0
2024-09-28,WH-A,CR-3,1.05126,1.06679,0.85872,0.72599,0
2024-09-28,WH-A,CR-4,1.05126,1.06679,0.91812,0.72599,0
2024-09-28,WH-B,CR-1,1.77874,1.253,0.90884,0.72599,0
2024-09-28,WH-B,CR-2,1.77874,1.253,0.90072,0.72599,0
2024-09-28,WH-B,CR-3,1.77874,1.253,0.85389,0.72599,0
2024-09-28,WH-B,CR-4,1.77874,1.253,0.92916,0.72599,0
2024-09-28,WH-C,CR-1,1.11674,1.01603,0.91986,0.72599,0
2024-09-28,WH-C,CR-2,1.11674,1.01603,0.89602,0.72599,0
2024-09-28,WH-C,CR-3,1.11674,1.01603,0.87081,0.72599,0
2024-09-28,WH-C,CR-4,1.11674,1.01603,0.92274,0.72599,0
2024-09-29,WH-A,CR-1,1.40056,1.06576,0.94851,0.30146,0
2024-09-29,WH-A,CR-2,1.40056,1.06576,0.89608,0.30146,0
2024-09-29,WH-A,CR-3,1.40056,1.06576,0.85535,0.30146,0
2024-09-29,WH-A,CR-4,1.40056,1.06576,0.92417,0.30146,0
2024-09-29,WH-B,CR-1,2.20228,1.08288,0.93218,0.30146,0
2024-09-29,WH-B,CR-2,2.20228,1.08288,0.89413,0.30146,0
2024-09-29,WH-B,CR-3,2.20228,1.08288,0.89567,0.30146,0
2024-09-29,WH-B,CR-4,2.20228,1.08288,0.91222,0.30146,0
2024-09-29,WH-C,CR-1,0.83451,1.1156,0.9123,0.30146,0
2024-09-29,WH-C,CR-2,0.83451,1.1156,0.91987,0.30146,0
2024-09-29,WH-C,CR-3,0.83451,1.1156,0.88206,0.30146,0
2024-09-29,WH-C,CR-4,0.83451,1.1156,0.93536,0.30146,0
2024-09-30,WH-A,CR-1,1.00076,1.13879,0.91887,0.52395,0
2024-09-30,WH-A,CR-2,1.00076,1.13879,0.9064,0.52395,0
2024-09-30,WH-A,CR-3,1.00076,1.13879,0.88025,0.52395,0
2024-09-30,WH-A,CR-4,1.00076,1.13879,0.93829,0.52395,0
2024-09-30,WH-B,CR-1,2.1541,1.22397,0.927,0.52395,0
2024-09-30,WH-B,CR-2,2.1541,1.22397,0.89483,0.52395,0
2024-09-30,WH-B,CR-3,2.1541,1.22397,0.87625,0.52395,0
2024-09-30,WH-B,CR-4,2.1541,1.22397,0.91593,0.52395,0
2024-09-30,WH-C,CR-1,0.99915,1.0651,0.91999,0.52395,0
2024-09-30,WH-C,CR-2,0.99915,1.0651,0.90819,0.52395,0
2024-09-30,WH-C,CR-3,0.99915,1.0651,0.88121,0.52395,0
2024-09-30,WH-C,CR-4,0.99915,1.0651,0.90874,0.52395,0
2024-10-01,WH-A,CR-1,1.11879,1.26336,0.93928,0.57851,0
2024-10-01,WH-A,CR-2,1.11879,1.26336,0.90914,0.57851,0
2024-10-01,WH-A,CR-3,1.11879,1.26336,0.89249,0.57851,0
2024-10-01,WH-A,CR-4,1.11879,1.26336,0.91114,0.57851,0
2024-10-01,WH-B,CR-1,1.64763,1.09223,0.92653,0.57851,0
2024-10-01,WH-B,CR-2,1.64763,1.09223,0.87133,0.57851,0
2024-10-01,WH-B,CR-3,1.64763,1.09223,0.8671,0.57851,0
2024-10-01,WH-B,CR-4,1.64763,1.09223,0.91305,0.57851,0
2024-10-01,WH-C,CR-1,1.28628,1.17819,0.92238,0.57851,0
2024-10-01,WH-C,CR-2,1.28628,1.17819,0.90667,0.57851,0
2024-10-01,WH-C,CR-3,1.28628,1.17819,0.87827,0.57851,0
2024-10-01,WH-C,CR-4,1.28628,1.17819,0.91036,0.57851,0
2024-10-02,WH-A,CR-1,0.80805,1.0906,0.93784,0.16938,0
2024-10-02,WH-A,CR-2,0.80805,1.0906,0.89561,0.16938,0
2024-10-02,WH-A,CR-3,0.80805,1.0906,0.87079,0.16938,0
2024-10-02,WH-A,CR-4,0.80805,1.0906,0.91225,0.16938,0
2024-10-02,WH-B,CR-1,1.72342,1.18406,0.94178,0.16938,0
2024-10-02,WH-B,CR-2,1.72342,1.18406,0.9071,0.16938,0
2024-10-02,WH-B,CR-3,1.72342,1.18406,0.85846,0.16938,0
2024-10-02,WH-B,CR-4,1.72342,1.18406,0.91951,0.16938,0
2024-10-02,WH-C,CR-1,1.0561,1.11774,0.93785,0.16938,0
2024-10-02,WH-C,CR-2,1.0561,1.11774,0.92406,0.16938,0
2024-10-02,WH-C,CR-3,1.0561,1.11774,0.8867,0.16938,0
2024-10-02,WH-C,CR-4,1.0561,1.11774,0.9151,0.16938,0
2024-10-03,WH-A,CR-1,0.70577,1.21791,0.92759,0.58242,0
2024-10-03,WH-A,CR-2,0.70577,1.21791,0.8826,0.58242,0
2024-10-03,WH-A,CR-3,0.70577,1.21791,0.87498,0.58242,0
2024-10-03,WH-A,CR-4,0.70577,1.21791,0.92212,0.58242,0
2024-10-03,WH-B,CR-1,1.63319,1.147,0.92089,0.58242,0
2024-10-03,WH-B,CR-2,1.63319,1.147,0.90684,0.58242,0
2024-10-03,WH-B,CR-3,1.63319,1.147,0.869,0.58242,0
2024-10-03,WH-B,CR-4,1.63319,1.147,0.92151,0.58242,0
2024-10-03,WH-C,CR-1,1.17412,1.05763,0.91879,0.58242,0
2024-10-03,WH-C,CR-2,1.17412,1.05763,0.873,0.58242,0
2024-10-03,WH-C,CR-3,1.17412,1.05763,0.87629,0.58242,0
2024-10-03,WH-C,CR-4,1.17412,1.05763,0.90497,0.58242,0
2024-10-04,WH-A,CR-1,1.13235,1.05368,0.93294,0.34861,0
2024-10-04,WH-A,CR-2,1.13235,1.05368,0.92377,0.34861,0
2024-10-04,WH-A,CR-3,1.13235,1.05368,0.8943,0.34861,0
2024-10-04,WH-A,CR-4,1.13235,1.05368,0.93557,0.34861,0
2024-10-04,WH-B,CR-1,1.77247,1.06959,0.94235,0.34861,0
2024-10-04,WH-B,CR-2,1.77247,1.06959,0.90183,0.34861,0
2024-10-04,WH-B,CR-3,1.77247,1.06959,0.88045,0.34861,0
2024-10-04,WH-B,CR-4,1.77247,1.06959,0.91613,0.34861,0
2024-10-04,WH-C,CR-1,1.06542,1.16313,0.93668,0.34861,0
2024-10-04,WH-C,CR-2,1.06542,1.16313,0.90965,0.34861,0
2024-10-04,WH-C,CR-3,1.06542,1.16313,0.86677,0.34861,0
2024-10-04,WH-C,CR-4,1.06542,1.16313,0.90761,0.34861,0
2024-10-05,WH-A,CR-1,1.35555,0.96408,0.90911,1.20046,0
2024-10-05,WH-A,CR-2,1.35555,0.96408,0.8945,1.20046,0
2024-10-05,WH-A,CR-3,1.35555,0.96408,0.87449,1.20046,0
2024-10-05,WH-A,CR-4,1.35555,0.96408,0.89384,1.20046,0
2024-10-05,WH-B,CR-1,1.70152,1.08567,0.92877,1.20046,0
2024-10-05,WH-B,CR-2,1.70152,1.08567,0.88427,1.20046,0
2024-10-05,WH-B,CR-3,1.70152,1.08567,0.83963,1.20046,0
2024-10-05,WH-B,CR-4,1.70152,1.08567,0.91585,1.20046,0
2024-10-05,WH-C,CR-1,1.44913,1.06339,0.92325,1.20046,0
2024-10-05,WH-C,CR-2,1.44913,1.06339,0.8827,1.20046,0
2024-10-05,WH-C,CR-3,1.44913,1.06339,0.84824,1.20046,0
2024-10-05,WH-C,CR-4,1.44913,1.06339,0.92071,1.20046,0
2024-10-06,WH-A,CR-1,1.86996,0.98561,0.92531,0.44792,0
2024-10-06,WH-A,CR-2,1.86996,0.98561,0.90383,0.44792,0
2024-10-06,WH-A,CR-3,1.86996,0.98561,0.86517,0.44792,0
2024-10-06,WH-A,CR-4,1.86996,0.98561,0.93134,0.44792,0
2024-10-06,WH-B,CR-1,1.63351,0.9906,0.93273,0.44792,0
2024-10-06,WH-B,CR-2,1.63351,0.9906,0.90398,0.44792,0
2024-10-06,WH-B,CR-3,1.63351,0.9906,0.88315,0.44792,0
2024-10-06,WH-B,CR-4,1.63351,0.9906,0.92666,0.44792,0
2024-10-06,WH-C,CR-1,1.46645,1.09562,0.92968,0.44792,0
2024-10-06,WH-C,CR-2,1.46645,1.09562,0.89334,0.44792,0
2024-10-06,WH-C,CR-3,1.46645,1.09562,0.8754,0.44792,0
2024-10-06,WH-C,CR-4,1.46645,1.09562,0.91794,0.44792,0
2024-10-07,WH-A,CR-1,1.9003,1.18028,0.91637,1.25426,0
2024-10-07,WH-A,CR-2,1.9003,1.18028,0.87229,1.25426,0
2024-10-07,WH-A,CR-3,1.9003,1.18028,0.85483,1.25426,0
2024-10-07,WH-A,CR-4,1.9003,1.18028,0.90864,1.25426,0
2024-10-07,WH-B,CR-1,1.73542,1.18756,0.92848,1.25426,0
2024-10-07,WH-B,CR-2,1.73542,1.18756,0.87912,1.25426,0
2024-10-07,WH-B,CR-3,1.73542,1.18756,0.84923,1.25426,0
2024-10-07,WH-B,CR-4,1.73542,1.18756,0.92483,1.25426,0
2024-10-07,WH-C,CR-1,1.58636,1.11874,0.91614,1.25426,0
2024-10-07,WH-C,CR-2,1.58636,1.11874,0.88619,1.25426,0
2024-10-07,WH-C,CR-3,1.58636,1.11874,0.8578,1.25426,0
2024-10-07,WH-C,CR-4,1.58636,1.11874,0.9131,1.25426,0
2024-10-08,WH-A,CR-1,1.93068,1.01508,0.89628,2.10587,0
2024-10-08,WH-A,CR-2,1.93068,1.01508,0.88684,2.10587,0
2024-10-08,WH-A,CR-3,1.93068,1.01508,0.84692,2.10587,0
2024-10-08,WH-A,CR-4,1.93068,1.01508,0.83942,2.10587,0
2024-10-08,WH-B,CR-1,1.95751,1.30345,0.87814,2.10587,0
2024-10-08,WH-B,CR-2,1.95751,1.30345,0.89033,2.10587,0
2024-10-08,WH-B,CR-3,1.95751,1.30345,0.80883,2.10587,0
2024-10-08,WH-B,CR-4,1.95751,1.30345,0.90335,2.10587,0
2024-10-08,WH-C,CR-1,1.39169,0.962,0.90745,2.10587,0
2024-10-08,WH-C,CR-2,1.39169,0.962,0.8859,2.10587,0
2024-10-08,WH-C,CR-3,1.39169,0.962,0.84646,2.10587,0
2024-10-08,WH-C,CR-4,1.39169,0.962,0.89911,2.10587,0
2024-10-09,WH-A,CR-1,1.96096,1.28998,0.95017,0.188,0
2024-10-09,WH-A,CR-2,1.96096,1.28998,0.88276,0.188,0
2024-10-09,WH-A,CR-3,1.96096,1.28998,0.85844,0.188,0
2024-10-09,WH-A,CR-4,1.96096,1.28998,0.91646,0.188,0
2024-10-09,WH-B,CR-1,1.3087,1.15354,0.94134,0.188,0
2024-10-09,WH-B,CR-2,1.3087,1.15354,0.88945,0.188,0
2024-10-09,WH-B,CR-3,1.3087,1.15354,0.88594,0.188,0
2024-10-09,WH-B,CR-4,1.3087,1.15354,0.93383,0.188,0
2024-10-09,WH-C,CR-1,1.07661,1.1362,0.91322,0.188,0
2024-10-09,WH-C,CR-2,1.07661,1.1362,0.90263,0.188,0
2024-10-09,WH-C,CR-3,1.07661,1.1362,0.8767,0.188,0
2024-10-09,WH-C,CR-4,1.07661,1.1362,0.92864,0.188,0
2024-10-10,WH-A,CR-1,1.64628,1.1729,0.94403,0.44429,0
2024-10-10,WH-A,CR-2,1.64628,1.1729,0.90086,0.44429,0
2024-10-10,WH-A,CR-3,1.64628,1.1729,0.87581,0.44429,0
2024-10-10,WH-A,CR-4,1.64628,1.1729,0.91977,0.44429,0
2024-10-10,WH-B,CR-1,1.21847,1.19183,0.92534,0.44429,0
2024-10-10,WH-B,CR-2,1.21847,1.19183,0.90664,0.44429,0
2024-10-10,WH-B,CR-3,1.21847,1.19183,0.87234,0.44429,0
2024-10-10,WH-B,CR-4,1.21847,1.19183,0.91836,0.44429,0
2024-10-10,WH-C,CR-1,0.94913,1.10935,0.91225,0.44429,0
2024-10-10,WH-C,CR-2,0.94913,1.10935,0.9066,0.44429,0
2024-10-10,WH-C,CR-3,0.94913,1.10935,0.87478,0.44429,0
2024-10-10,WH-C,CR-4,0.94913,1.10935,0.9322,0.44429,0
2024-10-11,WH-A,CR-1,1.40171,1.07999,0.92518,0.16103,0
2024-10-11,WH-A,CR-2,1.40171,1.07999,0.88629,0.16103,0
2024-10-11,WH-A,CR-3,1.40171,1.07999,0.89549,0.16103,0
2024-10-11,WH-A,CR-4,1.40171,1.07999,0.94355,0.16103,0
2024-10-11,WH-B,CR-1,1.5968,1.07831,0.95884,0.16103,0
2024-10-11,WH-B,CR-2,1.5968,1.07831,0.90288,0.16103,0
2024-10-11,WH-B,CR-3,1.5968,1.07831,0.87387,0.16103,0
2024-10-11,WH-B,CR-4,1.5968,1.07831,0.94435,0.16103,0
2024-10-11,WH-C,CR-1,1.21208,1.32609,0.94009,0.16103,0
2024-10-11,WH-C,CR-2,1.21208,1.32609,0.90234,0.16103,0
2024-10-11,WH-C,CR-3,1.21208,1.32609,0.86976,0.16103,0
2024-10-11,WH-C,CR-4,1.21208,1.32609,0.90494,0.16103,0
2024-10-12,WH-A,CR-1,1.58562,1.07162,0.92408,0.22131,0
2024-10-12,WH-A,CR-2,1.58562,1.07162,0.90874,0.22131,0
2024-10-12,WH-A,CR-3,1.58562,1.07162,0.88817,0.22131,0
2024-10-12,WH-A,CR-4,1.58562,1.07162,0.93119,0.22131,0
2024-10-12,WH-B,CR-1,1.69119,1.00624,0.94642,0.22131,0
2024-10-12,WH-B,CR-2,1.69119,1.00624,0.86843,0.22131,0
2024-10-12,WH-B,CR-3,1.69119,1.00624,0.88061,0.22131,0
2024-10-12,WH-B,CR-4,1.69119,1.00624,0.95686,0.22131,0
2024-10-12,WH-C,CR-1,0.62484,1.05069,0.93592,0.22131,0
2024-10-12,WH-C,CR-2,0.62484,1.05069,0.90047,0.22131,0
2024-10-12,WH-C,CR-3,0.62484,1.05069,0.88845,0.22131,0
2024-10-12,WH-C,CR-4,0.62484,1.05069,0.93169,0.22131,0
2024-10-13,WH-A,CR-1,1.50184,1.32439,0.93541,0.35571,0
2024-10-13,WH-A,CR-2,1.50184,1.32439,0.90594,0.35571,0
2024-10-13,WH-A,CR-3,1.50184,1.32439,0.85307,0.35571,0
2024-10-13,WH-A,CR-4,1.50184,1.32439,0.91708,0.35571,0
2024-10-13,WH-B,CR-1,2.09618,0.96316,0.90771,0.35571,0
2024-10-13,WH-B,CR-2,2.09618,0.96316,0.90398,0.35571,0
2024-10-13,WH-B,CR-3,2.09618,0.96316,0.89005,0.35571,0
2024-10-13,WH-B,CR-4,2.09618,0.96316,0.92411,0.35571,0
2024-10-13,WH-C,CR-1,0.65383,0.92132,0.93902,0.35571,0
2024-10-13,WH-C,CR-2,0.65383,0.92132,0.91153,0.35571,0
2024-10-13,WH-C,CR-3,0.65383,0.92132,0.85222,0.35571,0
2024-10-13,WH-C,CR-4,0.65383,0.92132,0.93721,0.35571,0
2024-10-14,WH-A,CR-1,1.64621,1.20229,0.93495,0.62747,0
2024-10-14,WH-A,CR-2,1.64621,1.20229,0.90913,0.62747,0
2024-10-14,WH-A,CR-3,1.64621,1.20229,0.84688,0.62747,0
2024-10-14,WH-A,CR-4,1.64621,1.20229,0.90069,0.62747,0
2024-10-14,WH-B,CR-1,1.70069,1.13961,0.93336,0.62747,0
2024-10-14,WH-B,CR-2,1.70069,1.13961,0.9026,0.62747,0
2024-10-14,WH-B,CR-3,1.70069,1.13961,0.88211,0.62747,0
2024-10-14,WH-B,CR-4,1.70069,1.13961,0.93249,0.62747,0
2024-10-14,WH-C,CR-1,0.48543,1.16909,0.91853,0.62747,0
2024-10-14,WH-C,CR-2,0.48543,1.16909,0.89645,0.62747,0
2024-10-14,WH-C,CR-3,0.48543,1.16909,0.87257,0.62747,0
2024-10-14,WH-C,CR-4,0.48543,1.16909,0.8778,0.62747,0
2024-10-15,WH-A,CR-1,1.32779,1.30419,0.90051,1.96252,0
2024-10-15,WH-A,CR-2,1.32779,1.30419,0.87626,1.96252,0
2024-10-15,WH-A,CR-3,1.32779,1.30419,0.83883,1.96252,0
2024-10-15,WH-A,CR-4,1.32779,1.30419,0.9145,1.96252,0
2024-10-15,WH-B,CR-1,1.66496,1.16196,0.91912,1.96252,0
2024-10-15,WH-B,CR-2,1.66496,1.16196,0.8817,1.96252,0
2024-10-15,WH-B,CR-3,1.66496,1.16196,0.84402,1.96252,0
2024-10-15,WH-B,CR-4,1.66496,1.16196,0.908,1.96252,0
2024-10-15,WH-C,CR-1,1.57025,1.17539,0.90608,1.96252,0
2024-10-15,WH-C,CR-2,1.57025,1.17539,0.87672,1.96252,0
2024-10-15,WH-C,CR-3,1.57025,1.17539,0.8604,1.96252,0
2024-10-15,WH-C,CR-4,1.57025,1.17539,0.88748,1.96252,0
2024-10-16,WH-A,CR-1,0.91548,1.10858,0.93534,0.22139,0
2024-10-16,WH-A,CR-2,0.91548,1.10858,0.92724,0.22139,0
2024-10-16,WH-A,CR-3,0.91548,1.10858,0.88245,0.22139,0
2024-10-16,WH-A,CR-4,0.91548,1.10858,0.91507,0.22139,0
2024-10-16,WH-B,CR-1,1.4242,1.25998,0.94953,0.22139,0
2024-10-16,WH-B,CR-2,1.4242,1.25998,0.90635,0.22139,0
2024-10-16,WH-B,CR-3,1.4242,1.25998,0.8707,0.22139,0
2024-10-16,WH-B,CR-4,1.4242,1.25998,0.93951,0.22139,0
2024-10-16,WH-C,CR-1,1.03977,1.18136,0.96329,0.22139,0
2024-10-16,WH-C,CR-2,1.03977,1.18136,0.90848,0.22139,0
2024-10-16,WH-C,CR-3,1.03977,1.18136,0.86671,0.22139,0
2024-10-16,WH-C,CR-4,1.03977,1.18136,0.93094,0.22139,0
2024-10-17,WH-A,CR-1,1.30774,1.23943,0.93313,0.17452,0
2024-10-17,WH-A,CR-2,1.30774,1.23943,0.90233,0.17452,0
2024-10-17,WH-A,CR-3,1.30774,1.23943,0.86532,0.17452,0
2024-10-17,WH-A,CR-4,1.30774,1.23943,0.92506,0.17452,0
2024-10-17,WH-B,CR-1,1.32621,1.06912,0.95956,0.17452,0
2024-10-17,WH-B,CR-2,1.32621,1.06912,0.91246,0.17452,0
2024-10-17,WH-B,CR-3,1.32621,1.06912,0.88373,0.17452,0
2024-10-17,WH-B,CR-4,1.32621,1.06912,0.93746,0.17452,0
2024-10-17,WH-C,CR-1,1.31302,1.11695,0.94013,0.17452,0
2024-10-17,WH-C,CR-2,1.31302,1.11695,0.90363,0.17452,0
2024-10-17,WH-C,CR-3,1.31302,1.11695,0.88212,0.17452,0
2024-10-17,WH-C,CR-4,1.31302,1.11695,0.93096,0.17452,0
2024-10-18,WH-A,CR-1,1.3691,1.13366,0.91381,0.19495,0
2024-10-18,WH-A,CR-2,1.3691,1.13366,0.91258,0.19495,0
2024-10-18,WH-A,CR-3,1.3691,1.13366,0.88807,0.19495,0
2024-10-18,WH-A,CR-4,1.3691,1.13366,0.95683,0.19495,0
2024-10-18,WH-B,CR-1,1.32301,1.1069,0.92318,0.19495,0
2024-10-18,WH-B,CR-2,1.32301,1.1069,0.90899,0.19495,0
2024-10-18,WH-B,CR-3,1.32301,1.1069,0.87892,0.19495,0
2024-10-18,WH-B,CR-4,1.32301,1.1069,0.91676,0.19495,0
2024-10-18,WH-C,CR-1,1.16013,0.99171,0.94761,0.19495,0
2024-10-18,WH-C,CR-2,1.16013,0.99171,0.89724,0.19495,0
2024-10-18,WH-C,CR-3,1.16013,0.99171,0.87607,0.19495,0
2024-10-18,WH-C,CR-4,1.16013,0.99171,0.90937,0.19495,0
2024-10-19,WH-A,CR-1,1.35446,1.10838,0.95456,0.1504,0
2024-10-19,WH-A,CR-2,1.35446,1.10838,0.91609,0.1504,0
2024-10-19,WH-A,CR-3,1.35446,1.10838,0.88884,0.1504,0
2024-10-19,WH-A,CR-4,1.35446,1.10838,0.94465,0.1504,0
2024-10-19,WH-B,CR-1,1.65785,1.06706,0.9494,0.1504,0
2024-10-19,WH-B,CR-2,1.65785,1.06706,0.92017,0.1504,0
2024-10-19,WH-B,CR-3,1.65785,1.06706,0.88508,0.1504,0
2024-10-19,WH-B,CR-4,1.65785,1.06706,0.90984,0.1504,0
2024-10-19,WH-C,CR-1,0.82807,1.04801,0.94665,0.1504,0
2024-10-19,WH-C,CR-2,0.82807,1.04801,0.90704,0.1504,0
2024-10-19,WH-C,CR-3,0.82807,1.04801,0.89094,0.1504,0
2024-10-19,WH-C,CR-4,0.82807,1.04801,0.94308,0.1504,0
2024-10-20,WH-A,CR-1,0.98658,1.10861,0.91676,0.88584,0
2024-10-20,WH-A,CR-2,0.98658,1.10861,0.87427,0.88584,0
2024-10-20,WH-A,CR-3,0.98658,1.10861,0.86061,0.88584,0
2024-10-20,WH-A,CR-4,0.98658,1.10861,0.92995,0.88584,0
2024-10-20,WH-B,CR-1,1.83799,1.23142,0.92618,0.88584,0
2024-10-20,WH-B,CR-2,1.83799,1.23142,0.92343,0.88584,0
2024-10-20,WH-B,CR-3,1.83799,1.23142,0.86619,0.88584,0
2024-10-20,WH-B,CR-4,1.83799,1.23142,0.91432,0.88584,0
2024-10-20,WH-C,CR-1,0.45959,1.15885,0.91803,0.88584,0
2024-10-20,WH-C,CR-2,0.45959,1.15885,0.88629,0.88584,0
2024-10-20,WH-C,CR-3,0.45959,1.15885,0.87943,0.88584,0
2024-10-20,WH-C,CR-4,0.45959,1.15885,0.92795,0.88584,0
2024-10-21,WH-A,CR-1,1.09324,1.14521,0.93424,0.84191,0
2024-10-21,WH-A,CR-2,1.09324,1.14521,0.91349,0.84191,0
2024-10-21,WH-A,CR-3,1.09324,1.14521,0.86926,0.84191,0
2024-10-21,WH-A,CR-4,1.09324,1.14521,0.93854,0.84191,0
2024-10-21,WH-B,CR-1,2.10852,1.13122,0.93479,0.84191,0
2024-10-21,WH-B,CR-2,2.10852,1.13122,0.91532,0.84191,0
2024-10-21,WH-B,CR-3,2.10852,1.13122,0.88883,0.84191,0
2024-10-21,WH-B,CR-4,2.10852,1.13122,0.92909,0.84191,0
2024-10-21,WH-C,CR-1,0.67752,1.13266,0.93176,0.84191,0
2024-10-21,WH-C,CR-2,0.67752,1.13266,0.91493,0.84191,0
2024-10-21,WH-C,CR-3,0.67752,1.13266,0.87005,0.84191,0
2024-10-21,WH-C,CR-4,0.67752,1.13266,0.9203,0.84191,0
2024-10-22,WH-A,CR-1,1.12437,1.16083,0.95485,0.32039,0
2024-10-22,WH-A,CR-2,1.12437,1.16083,0.90136,0.32039,0
2024-10-22,WH-A,CR-3,1.12437,1.16083,0.87486,0.32039,0
2024-10-22,WH-A,CR-4,1.12437,1.16083,0.91385,0.32039,0
2024-10-22,WH-B,CR-1,2.22186,1.25933,0.95373,0.32039,0
2024-10-22,WH-B,CR-2,2.22186,1.25933,0.90667,0.32039,0
2024-10-22,WH-B,CR-3,2.22186,1.25933,0.88113,0.32039,0
2024-10-22,WH-B,CR-4,2.22186,1.25933,0.92239,0.32039,0
2024-10-22,WH-C,CR-1,0.9957,1.17512,0.93493,0.32039,0
2024-10-22,WH-C,CR-2,0.9957,1.17512,0.90589,0.32039,0
2024-10-22,WH-C,CR-3,0.9957,1.17512,0.87966,0.32039,0
2024-10-22,WH-C,CR-4,0.9957,1.17512,0.9207,0.32039,0
2024-10-23,WH-A,CR-1,2.15077,1.05365,0.92073,0.23098,0
2024-10-23,WH-A,CR-2,2.15077,1.05365,0.89436,0.23098,0
2024-10-23,WH-A,CR-3,2.15077,1.05365,0.8746,0.23098,0
2024-10-23,WH-A,CR-4,2.15077,1.05365,0.93659,0.23098,0
2024-10-23,WH-B,CR-1,2.25239,1.16376,0.94219,0.23098,0
2024-10-23,WH-B,CR-2,2.25239,1.16376,0.89754,0.23098,0
2024-10-23,WH-B,CR-3,2.25239,1.16376,0.87291,0.23098,0
2024-10-23,WH-B,CR-4,2.25239,1.16376,0.9256,0.23098,0
2024-10-23,WH-C,CR-1,0.46397,1.0571,0.92238,0.23098,0
2024-10-23,WH-C,CR-2,0.46397,1.0571,0.91501,0.23098,0
2024-10-23,WH-C,CR-3,0.46397,1.0571,0.87879,0.23098,0
2024-10-23,WH-C,CR-4,0.46397,1.0571,0.93318,0.23098,0
2024-10-24,WH-A,CR-1,2.10212,0.92771,0.95448,0.01206,0
2024-10-24,WH-A,CR-2,2.10212,0.92771,0.8879,0.01206,0
2024-10-24,WH-A,CR-3,2.10212,0.92771,0.8899,0.01206,0
2024-10-24,WH-A,CR-4,2.10212,0.92771,0.91912,0.01206,0
2024-10-24,WH-B,CR-1,2.43317,1.35,0.9125,0.01206,0
2024-10-24,WH-B,CR-2,2.43317,1.35,0.91813,0.01206,0
2024-10-24,WH-B,CR-3,2.43317,1.35,0.85808,0.01206,0
2024-10-24,WH-B,CR-4,2.43317,1.35,0.9349,0.01206,0
2024-10-24,WH-C,CR-1,0.60121,1.16038,0.92884,0.01206,0
2024-10-24,WH-C,CR-2,0.60121,1.16038,0.91915,0.01206,0
2024-10-24,WH-C,CR-3,0.60121,1.16038,0.8624,0.01206,0
2024-10-24,WH-C,CR-4,0.60121,1.16038,0.94468,0.01206,0
2024-10-25,WH-A,CR-1,2.3974,1.14461,0.9595,0.18857,0
2024-10-25,WH-A,CR-2,2.3974,1.14461,0.92126,0.18857,0
2024-10-25,WH-A,CR-3,2.3974,1.14461,0.86703,0.18857,0
2024-10-25,WH-A,CR-4,2.3974,1.14461,0.92559,0.18857,0
2024-10-25,WH-B,CR-1,2.22672,1.2721,0.94186,0.18857,0
2024-10-25,WH-B,CR-2,2.22672,1.2721,0.90872,0.18857,0
2024-10-25,WH-B,CR-3,2.22672,1.2721,0.87421,0.18857,0
2024-10-25,WH-B,CR-4,2.22672,1.2721,0.926,0.18857,0
2024-10-25,WH-C,CR-1,1.22019,1.1503,0.93187,0.18857,0
2024-10-25,WH-C,CR-2,1.22019,1.1503,0.89983,0.18857,0
2024-10-25,WH-C,CR-3,1.22019,1.1503,0.86996,0.18857,0
2024-10-25,WH-C,CR-4,1.22019,1.1503,0.90978,0.18857,0
2024-10-26,WH-A,CR-1,1.95962,1.12635,0.90812,0.11864,0
2024-10-26,WH-A,CR-2,1.95962,1.12635,0.91468,0.11864,0
2024-10-26,WH-A,CR-3,1.95962,1.12635,0.87593,0.11864,0
2024-10-26,WH-A,CR-4,1.95962,1.12635,0.92209,0.11864,0
2024-10-26,WH-B,CR-1,2.11432,1.03033,0.91238,0.11864,0
2024-10-26,WH-B,CR-2,2.11432,1.03033,0.91893,0.11864,0
2024-10-26,WH-B,CR-3,2.11432,1.03033,0.88078,0.11864,0
2024-10-26,WH-B,CR-4,2.11432,1.03033,0.9241,0.11864,0
2024-10-26,WH-C,CR-1,0.82858,0.95241,0.94055,0.11864,0
2024-10-26,WH-C,CR-2,0.82858,0.95241,0.92723,0.11864,0
2024-10-26,WH-C,CR-3,0.82858,0.95241,0.8803,0.11864,0
2024-10-26,WH-C,CR-4,0.82858,0.95241,0.91127,0.11864,0
2024-10-27,WH-A,CR-1,2.05064,1.11854,0.89728,0.38275,0
2024-10-27,WH-A,CR-2,2.05064,1.11854,0.90965,0.38275,0
2024-10-27,WH-A,CR-3,2.05064,1.11854,0.86107,0.38275,0
2024-10-27,WH-A,CR-4,2.05064,1.11854,0.90605,0.38275,0
2024-10-27,WH-B,CR-1,1.91282,1.10288,0.91342,0.38275,0
2024-10-27,WH-B,CR-2,1.91282,1.10288,0.91157,0.38275,0
2024-10-27,WH-B,CR-3,1.91282,1.10288,0.88227,0.38275,0
2024-10-27,WH-B,CR-4,1.91282,1.10288,0.92367,0.38275,0
2024-10-27,WH-C,CR-1,0.60938,0.99165,0.94542,0.38275,0
2024-10-27,WH-C,CR-2,0.60938,0.99165,0.88498,0.38275,0
2024-10-27,WH-C,CR-3,0.60938,0.99165,0.88588,0.38275,0
2024-10-27,WH-C,CR-4,0.60938,0.99165,0.92113,0.38275,0
2024-10-28,WH-A,CR-1,1.75692,1.19909,0.91905,0.27317,0
2024-10-28,WH-A,CR-2,1.75692,1.19909,0.91107,0.27317,0
2024-10-28,WH-A,CR-3,1.75692,1.19909,0.87615,0.27317,0
2024-10-28,WH-A,CR-4,1.75692,1.19909,0.91736,0.27317,0
2024-10-28,WH-B,CR-1,2.14782,0.97382,0.93924,0.27317,0
2024-10-28,WH-B,CR-2,2.14782,0.97382,0.92452,0.27317,0
2024-10-28,WH-B,CR-3,2.14782,0.97382,0.89236,0.27317,0
2024-10-28,WH-B,CR-4,2.14782,0.97382,0.92976,0.27317,0
2024-10-28,WH-C,CR-1,0.66586,1.09914,0.93145,0.27317,0
2024-10-28,WH-C,CR-2,0.66586,1.09914,0.91161,0.27317,0
2024-10-28,WH-C,CR-3,0.66586,1.09914,0.8654,0.27317,0
2024-10-28,WH-C,CR-4,0.66586,1.09914,0.93417,0.27317,0
2024-10-29,WH-A,CR-1,1.14773,1.04242,0.91936,1.66442,0
2024-10-29,WH-A,CR-2,1.14773,1.04242,0.87932,1.66442,0
2024-10-29,WH-A,CR-3,1.14773,1.04242,0.86056,1.66442,0
2024-10-29,WH-A,CR-4,1.14773,1.04242,0.89364,1.66442,0
2024-10-29,WH-B,CR-1,2.29307,1.13734,0.90125,1.66442,0
2024-10-29,WH-B,CR-2,2.29307,1.13734,0.87523,1.66442,0
2024-10-29,WH-B,CR-3,2.29307,1.13734,0.83568,1.66442,0
2024-10-29,WH-B,CR-4,2.29307,1.13734,0.92391,1.66442,0
2024-10-29,WH-C,CR-1,0.77535,1.20156,0.9036,1.66442,0
2024-10-29,WH-C,CR-2,0.77535,1.20156,0.86742,1.66442,0
2024-10-29,WH-C,CR-3,0.77535,1.20156,0.84723,1.66442,0
2024-10-29,WH-C,CR-4,0.77535,1.20156,0.91325,1.66442,0
2024-10-30,WH-A,CR-1,1.27765,1.18992,0.95677,0.16333,0
2024-10-30,WH-A,CR-2,1.27765,1.18992,0.91131,0.16333,0
2024-10-30,WH-A,CR-3,1.27765,1.18992,0.88479,0.16333,0
2024-10-30,WH-A,CR-4,1.27765,1.18992,0.93569,0.16333,0
2024-10-30,WH-B,CR-1,1.69415,1.07293,0.92405,0.16333,0
2024-10-30,WH-B,CR-2,1.69415,1.07293,0.89107,0.16333,0
2024-10-30,WH-B,CR-3,1.69415,1.07293,0.88661,0.16333,0
2024-10-30,WH-B,CR-4,1.69415,1.07293,0.93054,0.16333,0
2024-10-30,WH-C,CR-1,0.90901,0.94258,0.96173,0.16333,0
2024-10-30,WH-C,CR-2,0.90901,0.94258,0.89633,0.16333,0
2024-10-30,WH-C,CR-3,0.90901,0.94258,0.90168,0.16333,0
2024-10-30,WH-C,CR-4,0.90901,0.94258,0.90967,0.16333,0
2024-10-31,WH-A,CR-1,1.4354,1.0619,0.92518,0.10816,0
2024-10-31,WH-A,CR-2,1.4354,1.0619,0.89158,0.10816,0
2024-10-31,WH-A,CR-3,1.4354,1.0619,0.88738,0.10816,0
2024-10-31,WH-A,CR-4,1.4354,1.0619,0.93659,0.10816,0
2024-10-31,WH-B,CR-1,2.34359,1.09514,0.94068,0.10816,0
2024-10-31,WH-B,CR-2,2.34359,1.09514,0.89258,0.10816,0
2024-10-31,WH-B,CR-3,2.34359,1.09514,0.87403,0.10816,0
2024-10-31,WH-B,CR-4,2.34359,1.09514,0.92183,0.10816,0
2024-10-31,WH-C,CR-1,1.1316,1.23136,0.94995,0.10816,0
2024-10-31,WH-C,CR-2,1.1316,1.23136,0.89794,0.10816,0
2024-10-31,WH-C,CR-3,1.1316,1.23136,0.89003,0.10816,0
2024-10-31,WH-C,CR-4,1.1316,1.23136,0.92752,0.10816,0
2024-11-01,WH-A,CR-1,1.57621,1.18139,0.91742,0.20939,0
2024-11-01,WH-A,CR-2,1.57621,1.18139,0.88583,0.20939,0
2024-11-01,WH-A,CR-3,1.57621,1.18139,0.85058,0.20939,0
2024-11-01,WH-A,CR-4,1.57621,1.18139,0.93308,0.20939,0
2024-11-01,WH-B,CR-1,2.94927,0.98432,0.91045,0.20939,0
2024-11-01,WH-B,CR-2,2.94927,0.98432,0.88116,0.20939,0
2024-11-01,WH-B,CR-3,2.94927,0.98432,0.85548,0.20939,0
2024-11-01,WH-B,CR-4,2.94927,0.98432,0.89532,0.20939,0
2024-11-01,WH-C,CR-1,1.62831,1.15817,0.89797,0.20939,0
2024-11-01,WH-C,CR-2,1.62831,1.15817,0.87019,0.20939,0
2024-11-01,WH-C,CR-3,1.62831,1.15817,0.84793,0.20939,0
2024-11-01,WH-C,CR-4,1.62831,1.15817,0.89849,0.20939,0
2024-11-02,WH-A,CR-1,2.19526,0.94085,0.8865,1.53159,0
2024-11-02,WH-A,CR-2,2.19526,0.94085,0.84251,1.53159,0
2024-11-02,WH-A,CR-3,2.19526,0.94085,0.83931,1.53159,0
2024-11-02,WH-A,CR-4,2.19526,0.94085,0.88582,1.53159,0
2024-11-02,WH-B,CR-1,3.33734,0.94513,0.88823,1.53159,0
2024-11-02,WH-B,CR-2,3.33734,0.94513,0.86197,1.53159,0
2024-11-02,WH-B,CR-3,3.33734,0.94513,0.84063,1.53159,0
2024-11-02,WH-B,CR-4,3.33734,0.94513,0.86229,1.53159,0
2024-11-02,WH-C,CR-1,2.05623,0.96036,0.87723,1.53159,0
2024-11-02,WH-C,CR-2,2.05623,0.96036,0.83492,1.53159,0
2024-11-02,WH-C,CR-3,2.05623,0.96036,0.82829,1.53159,0
2024-11-02,WH-C,CR-4,2.05623,0.96036,0.8973,1.53159,0
2024-11-03,WH-A,CR-1,2.95489,0.95856,0.90659,1.2416,0
2024-11-03,WH-A,CR-2,2.95489,0.95856,0.85974,1.2416,0
2024-11-03,WH-A,CR-3,2.95489,0.95856,0.82898,1.2416,0
2024-11-03,WH-A,CR-4,2.95489,0.95856,0.87702,1.2416,0
2024-11-03,WH-B,CR-1,2.41935,1.06497,0.88745,1.2416,0
2024-11-03,WH-B,CR-2,2.41935,1.06497,0.85553,1.2416,0
2024-11-03,WH-B,CR-3,2.41935,1.06497,0.82099,1.2416,0
2024-11-03,WH-B,CR-4,2.41935,1.06497,0.8827,1.2416,0
2024-11-03,WH-C,CR-1,2.69504,1.1295,0.87522,1.2416,0
2024-11-03,WH-C,CR-2,2.69504,1.1295,0.8609,1.2416,0
2024-11-03,WH-C,CR-3,2.69504,1.1295,0.82274,1.2416,0
2024-11-03,WH-C,CR-4,2.69504,1.1295,0.89701,1.2416,0
2024-11-04,WH-A,CR-1,2.78843,1.00381,0.92955,0.40663,0
2024-11-04,WH-A,CR-2,2.78843,1.00381,0.88674,0.40663,0
2024-11-04,WH-A,CR-3,2.78843,1.00381,0.85822,0.40663,0
2024-11-04,WH-A,CR-4,2.78843,1.00381,0.86818,0.40663,0
2024-11-04,WH-B,CR-1,2.52155,1.20866,0.92609,0.40663,0
2024-11-04,WH-B,CR-2,2.52155,1.20866,0.85802,0.40663,0
2024-11-04,WH-B,CR-3,2.52155,1.20866,0.84642,0.40663,0
2024-11-04,WH-B,CR-4,2.52155,1.20866,0.88576,0.40663,0
2024-11-04,WH-C,CR-1,3.09301,1.06154,0.90097,0.40663,0
2024-11-04,WH-C,CR-2,3.09301,1.06154,0.88059,0.40663,0
2024-11-04,WH-C,CR-3,3.09301,1.06154,0.81889,0.40663,0
2024-11-04,WH-C,CR-4,3.09301,1.06154,0.88716,0.40663,0
2024-11-05,WH-A,CR-1,1.97648,1.01151,0.92394,0.31536,0
2024-11-05,WH-A,CR-2,1.97648,1.01151,0.86441,0.31536,0
2024-11-05,WH-A,CR-3,1.97648,1.01151,0.85457,0.31536,0
2024-11-05,WH-A,CR-4,1.97648,1.01151,0.90262,0.31536,0
2024-11-05,WH-B,CR-1,3.2125,1.02359,0.90976,0.31536,0
2024-11-05,WH-B,CR-2,3.2125,1.02359,0.89208,0.31536,0
2024-11-05,WH-B,CR-3,3.2125,1.02359,0.83591,0.31536,0
2024-11-05,WH-B,CR-4,3.2125,1.02359,0.89917,0.31536,0
2024-11-05,WH-C,CR-1,2.59442,1.03089,0.922,0.31536,0
2024-11-05,WH-C,CR-2,2.59442,1.03089,0.88847,0.31536,0
2024-11-05,WH-C,CR-3,2.59442,1.03089,0.84284,0.31536,0
2024-11-05,WH-C,CR-4,2.59442,1.03089,0.90346,0.31536,0
2024-11-06,WH-A,CR-1,2.18012,1.02655,0.89705,1.09423,0
2024-11-06,WH-A,CR-2,2.18012,1.02655,0.84824,1.09423,0
2024-11-06,WH-A,CR-3,2.18012,1.02655,0.85473,1.09423,0
2024-11-06,WH-A,CR-4,2.18012,1.02655,0.87851,1.09423,0
2024-11-06,WH-B,CR-1,3.42185,0.99229,0.8903,1.09423,0
2024-11-06,WH-B,CR-2,3.42185,0.99229,0.88236,1.09423,0
2024-11-06,WH-B,CR-3,3.42185,0.99229,0.84973,1.09423,0
2024-11-06,WH-B,CR-4,3.42185,0.99229,0.89031,1.09423,0
2024-11-06,WH-C,CR-1,2.69737,1.01892,0.8977,1.09423,0
2024-11-06,WH-C,CR-2,2.69737,1.01892,0.85986,1.09423,0
2024-11-06,WH-C,CR-3,2.69737,1.01892,0.84865,1.09423,0
2024-11-06,WH-C,CR-4,2.69737,1.01892,0.87948,1.09423,0
2024-11-07,WH-A,CR-1,2.27002,1.1027,0.89816,1.09019,0
2024-11-07,WH-A,CR-2,2.27002,1.1027,0.8643,1.09019,0
2024-11-07,WH-A,CR-3,2.27002,1.1027,0.83752,1.09019,0
2024-11-07,WH-A,CR-4,2.27002,1.1027,0.8986,1.09019,0
2024-11-07,WH-B,CR-1,2.96797,1.0319,0.898,1.09019,0
2024-11-07,WH-B,CR-2,2.96797,1.0319,0.87825,1.09019,0
2024-11-07,WH-B,CR-3,2.96797,1.0319,0.83668,1.09019,0
2024-11-07,WH-B,CR-4,2.96797,1.0319,0.90958,1.09019,0
2024-11-07,WH-C,CR-1,2.44427,1.02299,0.89582,1.09019,0
2024-11-07,WH-C,CR-2,2.44427,1.02299,0.85208,1.09019,0
2024-11-07,WH-C,CR-3,2.44427,1.02299,0.82544,1.09019,0
2024-11-07,WH-C,CR-4,2.44427,1.02299,0.88151,1.09019,0
2024-11-08,WH-A,CR-1,2.15285,1.14012,0.92092,0.84434,0
2024-11-08,WH-A,CR-2,2.15285,1.14012,0.88737,0.84434,0
2024-11-08,WH-A,CR-3,2.15285,1.14012,0.83206,0.84434,0
2024-11-08,WH-A,CR-4,2.15285,1.14012,0.88636,0.84434,0
2024-11-08,WH-B,CR-1,3.54095,1.06129,0.89909,0.84434,0
2024-11-08,WH-B,CR-2,3.54095,1.06129,0.88092,0.84434,0
2024-11-08,WH-B,CR-3,3.54095,1.06129,0.85439,0.84434,0
2024-11-08,WH-B,CR-4,3.54095,1.06129,0.88544,0.84434,0
2024-11-08,WH-C,CR-1,2.41254,1.11612,0.88838,0.84434,0
2024-11-08,WH-C,CR-2,2.41254,1.11612,0.87245,0.84434,0
2024-11-08,WH-C,CR-3,2.41254,1.11612,0.82893,0.84434,0
2024-11-08,WH-C,CR-4,2.41254,1.11612,0.8805,0.84434,0
2024-11-09,WH-A,CR-1,2.13482,0.91013,0.91534,0.15436,0
2024-11-09,WH-A,CR-2,2.13482,0.91013,0.87096,0.15436,0
2024-11-09,WH-A,CR-3,2.13482,0.91013,0.85987,0.15436,0
2024-11-09,WH-A,CR-4,2.13482,0.91013,0.9183,0.15436,0
2024-11-09,WH-B,CR-1,3.25207,0.94579,0.9192,0.15436,0
2024-11-09,WH-B,CR-2,3.25207,0.94579,0.86038,0.15436,0
2024-11-09,WH-B,CR-3,3.25207,0.94579,0.86116,0.15436,0
2024-11-09,WH-B,CR-4,3.25207,0.94579,0.94194,0.15436,0
2024-11-09,WH-C,CR-1,2.27339,0.95247,0.92364,0.15436,0
2024-11-09,WH-C,CR-2,2.27339,0.95247,0.90447,0.15436,0
2024-11-09,WH-C,CR-3,2.27339,0.95247,0.86642,0.15436,0
2024-11-09,WH-C,CR-4,2.27339,0.95247,0.87885,0.15436,0
2024-11-10,WH-A,CR-1,2.45491,0.86963,0.91141,0.52643,0
2024-11-10,WH-A,CR-2,2.45491,0.86963,0.86266,0.52643,0
2024-11-10,WH-A,CR-3,2.45491,0.86963,0.86282,0.52643,0
2024-11-10,WH-A,CR-4,2.45491,0.86963,0.88655,0.52643,0
2024-11-10,WH-B,CR-1,3.11925,0.89338,0.90147,0.52643,0
2024-11-10,WH-B,CR-2,3.11925,0.89338,0.89586,0.52643,0
2024-11-10,WH-B,CR-3,3.11925,0.89338,0.84927,0.52643,0
2024-11-10,WH-B,CR-4,3.11925,0.89338,0.89131,0.52643,0
2024-11-10,WH-C,CR-1,1.82629,0.81226,0.89301,0.52643,0
2024-11-10,WH-C,CR-2,1.82629,0.81226,0.87937,0.52643,0
2024-11-10,WH-C,CR-3,1.82629,0.81226,0.85979,0.52643,0
2024-11-10,WH-C,CR-4,1.82629,0.81226,0.8913,0.52643,0
2024-11-11,WH-A,CR-1,2.36307,0.95563,0.90857,1.15678,0
2024-11-11,WH-A,CR-2,2.36307,0.95563,0.89185,1.15678,0
2024-11-11,WH-A,CR-3,2.36307,0.95563,0.81554,1.15678,0
2024-11-11,WH-A,CR-4,2.36307,0.95563,0.88252,1.15678,0
2024-11-11,WH-B,CR-1,3.45087,0.92624,0.90348,1.15678,0
2024-11-11,WH-B,CR-2,3.45087,0.92624,0.88134,1.15678,0
2024-11-11,WH-B,CR-3,3.45087,0.92624,0.83762,1.15678,0
2024-11-11,WH-B,CR-4,3.45087,0.92624,0.89328,1.15678,0
2024-11-11,WH-C,CR-1,2.55409,1.19787,0.89593,1.15678,0
2024-11-11,WH-C,CR-2,2.55409,1.19787,0.86029,1.15678,0
2024-11-11,WH-C,CR-3,2.55409,1.19787,0.82564,1.15678,0
2024-11-11,WH-C,CR-4,2.55409,1.19787,0.8984,1.15678,0
2024-11-12,WH-A,CR-1,2.42392,1.00176,0.92014,0.03996,0
2024-11-12,WH-A,CR-2,2.42392,1.00176,0.91755,0.03996,0
2024-11-12,WH-A,CR-3,2.42392,1.00176,0.85532,0.03996,0
2024-11-12,WH-A,CR-4,2.42392,1.00176,0.90156,0.03996,0
2024-11-12,WH-B,CR-1,3.58042,1.06117,0.93405,0.03996,0
2024-11-12,WH-B,CR-2,3.58042,1.06117,0.88876,0.03996,0
2024-11-12,WH-B,CR-3,3.58042,1.06117,0.8538,0.03996,0
2024-11-12,WH-B,CR-4,3.58042,1.06117,0.88538,0.03996,0
2024-11-12,WH-C,CR-1,1.84523,0.89514,0.92133,0.03996,0
2024-11-12,WH-C,CR-2,1.84523,0.89514,0.87043,0.03996,0
2024-11-12,WH-C,CR-3,1.84523,0.89514,0.87185,0.03996,0
2024-11-12,WH-C,CR-4,1.84523,0.89514,0.90714,0.03996,0
2024-11-13,WH-A,CR-1,2.64664,0.97764,0.90153,0.23052,0
2024-11-13,WH-A,CR-2,2.64664,0.97764,0.89761,0.23052,0
2024-11-13,WH-A,CR-3,2.64664,0.97764,0.85761,0.23052,0
2024-11-13,WH-A,CR-4,2.64664,0.97764,0.90053,0.23052,0
2024-11-13,WH-B,CR-1,3.53507,1.04271,0.91795,0.23052,0
2024-11-13,WH-B,CR-2,3.53507,1.04271,0.87355,0.23052,0
2024-11-13,WH-B,CR-3,3.53507,1.04271,0.8782,0.23052,0
2024-11-13,WH-B,CR-4,3.53507,1.04271,0.8964,0.23052,0
2024-11-13,WH-C,CR-1,2.49731,1.02689,0.92304,0.23052,0
2024-11-13,WH-C,CR-2,2.49731,1.02689,0.89216,0.23052,0
2024-11-13,WH-C,CR-3,2.49731,1.02689,0.86711,0.23052,0
2024-11-13,WH-C,CR-4,2.49731,1.02689,0.89326,0.23052,0
2024-11-14,WH-A,CR-1,2.5871,1.00012,0.90558,0.43126,0
2024-11-14,WH-A,CR-2,2.5871,1.00012,0.90027,0.43126,0
2024-11-14,WH-A,CR-3,2.5871,1.00012,0.83769,0.43126,0
2024-11-14,WH-A,CR-4,2.5871,1.00012,0.88843,0.43126,0
2024-11-14,WH-B,CR-1,3.84625,1.09196,0.93518,0.43126,0
2024-11-14,WH-B,CR-2,3.84625,1.09196,0.87433,0.43126,0
2024-11-14,WH-B,CR-3,3.84625,1.09196,0.85125,0.43126,0
2024-11-14,WH-B,CR-4,3.84625,1.09196,0.89181,0.43126,0
2024-11-14,WH-C,CR-1,2.42805,0.90007,0.91796,0.43126,0
2024-11-14,WH-C,CR-2,2.42805,0.90007,0.88362,0.43126,0
2024-11-14,WH-C,CR-3,2.42805,0.90007,0.84905,0.43126,0
2024-11-14,WH-C,CR-4,2.42805,0.90007,0.89505,0.43126,0
2024-11-15,WH-A,CR-1,2.12774,1.08295,0.94068,0.09522,0
2024-11-15,WH-A,CR-2,2.12774,1.08295,0.90361,0.09522,0
2024-11-15,WH-A,CR-3,2.12774,1.08295,0.83772,0.09522,0
2024-11-15,WH-A,CR-4,2.12774,1.08295,0.89935,0.09522,0
2024-11-15,WH-B,CR-1,3.63358,1.03638,0.89899,0.09522,0
2024-11-15,WH-B,CR-2,3.63358,1.03638,0.89041,0.09522,0
2024-11-15,WH-B,CR-3,3.63358,1.03638,0.85567,0.09522,0
2024-11-15,WH-B,CR-4,3.63358,1.03638,0.92876,0.09522,0
2024-11-15,WH-C,CR-1,2.24561,1.13544,0.90058,0.09522,0
2024-11-15,WH-C,CR-2,2.24561,1.13544,0.87345,0.09522,0
2024-11-15,WH-C,CR-3,2.24561,1.13544,0.86445,0.09522,0
2024-11-15,WH-C,CR-4,2.24561,1.13544,0.91879,0.09522,0
2024-11-16,WH-A,CR-1,1.75688,0.9475,0.92599,0.0861,0
2024-11-16,WH-A,CR-2,1.75688,0.9475,0.88073,0.0861,0
2024-11-16,WH-A,CR-3,1.75688,0.9475,0.85296,0.0861,0
2024-11-16,WH-A,CR-4,1.75688,0.9475,0.89239,0.0861,0
2024-11-16,WH-B,CR-1,3.1223,1.10265,0.91683,0.0861,0
2024-11-16,WH-B,CR-2,3.1223,1.10265,0.87392,0.0861,0
2024-11-16,WH-B,CR-3,3.1223,1.10265,0.85217,0.0861,0
2024-11-16,WH-B,CR-4,3.1223,1.10265,0.88678,0.0861,0
2024-11-16,WH-C,CR-1,1.86209,1.07083,0.91424,0.0861,0
2024-11-16,WH-C,CR-2,1.86209,1.07083,0.90864,0.0861,0
2024-11-16,WH-C,CR-3,1.86209,1.07083,0.85481,0.0861,0
2024-11-16,WH-C,CR-4,1.86209,1.07083,0.90552,0.0861,0
2024-11-17,WH-A,CR-1,2.07251,0.95808,0.92519,0.56374,0
2024-11-17,WH-A,CR-2,2.07251,0.95808,0.88893,0.56374,0
2024-11-17,WH-A,CR-3,2.07251,0.95808,0.83375,0.56374,0
2024-11-17,WH-A,CR-4,2.07251,0.95808,0.91226,0.56374,0
2024-11-17,WH-B,CR-1,2.9265,0.88964,0.90972,0.56374,0
2024-11-17,WH-B,CR-2,2.9265,0.88964,0.87492,0.56374,0
2024-11-17,WH-B,CR-3,2.9265,0.88964,0.86581,0.56374,0
2024-11-17,WH-B,CR-4,2.9265,0.88964,0.90144,0.56374,0
2024-11-17,WH-C,CR-1,2.04115,1.03405,0.92047,0.56374,0
2024-11-17,WH-C,CR-2,2.04115,1.03405,0.88676,0.56374,0
2024-11-17,WH-C,CR-3,2.04115,1.03405,0.86439,0.56374,0
2024-11-17,WH-C,CR-4,2.04115,1.03405,0.90466,0.56374,0
2024-11-18,WH-A,CR-1,2.17556,1.04466,0.93166,0.3613,0
2024-11-18,WH-A,CR-2,2.17556,1.04466,0.90046,0.3613,0
2024-11-18,WH-A,CR-3,2.17556,1.04466,0.8509,0.3613,0
2024-11-18,WH-A,CR-4,2.17556,1.04466,0.89555,0.3613,0
2024-11-18,WH-B,CR-1,3.40458,1.10603,0.91478,0.3613,0
2024-11-18,WH-B,CR-2,3.40458,1.10603,0.87713,0.3613,0
2024-11-18,WH-B,CR-3,3.40458,1.10603,0.85498,0.3613,0
2024-11-18,WH-B,CR-4,3.40458,1.10603,0.90074,0.3613,0
2024-11-18,WH-C,CR-1,1.85447,1.05232,0.91418,0.3613,0
2024-11-18,WH-C,CR-2,1.85447,1.05232,0.87649,0.3613,0
2024-11-18,WH-C,CR-3,1.85447,1.05232,0.86184,0.3613,0
2024-11-18,WH-C,CR-4,1.85447,1.05232,0.91646,0.3613,0
2024-11-19,WH-A,CR-1,2.54036,1.04824,0.88932,0.74181,0
2024-11-19,WH-A,CR-2,2.54036,1.04824,0.88222,0.74181,0
2024-11-19,WH-A,CR-3,2.54036,1.04824,0.8459,0.74181,0
2024-11-19,WH-A,CR-4,2.54036,1.04824,0.92527,0.74181,0
2024-11-19,WH-B,CR-1,3.71472,1.09889,0.90714,0.74181,0
2024-11-19,WH-B,CR-2,3.71472,1.09889,0.87611,0.74181,0
2024-11-19,WH-B,CR-3,3.71472,1.09889,0.8321,0.74181,0
2024-11-19,WH-B,CR-4,3.71472,1.09889,0.87328,0.74181,0
2024-11-19,WH-C,CR-1,1.66172,1.03818,0.87888,0.74181,0
2024-11-19,WH-C,CR-2,1.66172,1.03818,0.86762,0.74181,0
2024-11-19,WH-C,CR-3,1.66172,1.03818,0.84118,0.74181,0
2024-11-19,WH-C,CR-4,1.66172,1.03818,0.89156,0.74181,0
2024-11-20,WH-A,CR-1,3.11778,1.09497,0.90835,0.13477,0
2024-11-20,WH-A,CR-2,3.11778,1.09497,0.88425,0.13477,0
2024-11-20,WH-A,CR-3,3.11778,1.09497,0.85473,0.13477,0
2024-11-20,WH-A,CR-4,3.11778,1.09497,0.89586,0.13477,0
2024-11-20,WH-B,CR-1,3.13856,1.12284,0.91004,0.13477,0
2024-11-20,WH-B,CR-2,3.13856,1.12284,0.87194,0.13477,0
2024-11-20,WH-B,CR-3,3.13856,1.12284,0.85456,0.13477,0
2024-11-20,WH-B,CR-4,3.13856,1.12284,0.90649,0.13477,0
2024-11-20,WH-C,CR-1,1.15285,1.03874,0.92549,0.13477,0
2024-11-20,WH-C,CR-2,1.15285,1.03874,0.89049,0.13477,0
2024-11-20,WH-C,CR-3,1.15285,1.03874,0.88183,0.13477,0
2024-11-20,WH-C,CR-4,1.15285,1.03874,0.92009,0.13477,0
2024-11-21,WH-A,CR-1,3.15659,1.05505,0.91006,1.06273,0
2024-11-21,WH-A,CR-2,3.15659,1.05505,0.86166,1.06273,0
2024-11-21,WH-A,CR-3,3.15659,1.05505,0.83966,1.06273,0
2024-11-21,WH-A,CR-4,3.15659,1.05505,0.8806,1.06273,0
2024-11-21,WH-B,CR-1,3.17404,0.98985,0.89013,1.06273,0
2024-11-21,WH-B,CR-2,3.17404,0.98985,0.87333,1.06273,0
2024-11-21,WH-B,CR-3,3.17404,0.98985,0.83672,1.06273,0
2024-11-21,WH-B,CR-4,3.17404,0.98985,0.86524,1.06273,0
2024-11-21,WH-C,CR-1,1.00459,0.95022,0.88778,1.06273,0
2024-11-21,WH-C,CR-2,1.00459,0.95022,0.87334,1.06273,0
2024-11-21,WH-C,CR-3,1.00459,0.95022,0.841,1.06273,0
2024-11-21,WH-C,CR-4,1.00459,0.95022,0.90115,1.06273,0
2024-11-22,WH-A,CR-1,3.13093,1.05877,0.91952,0.62068,0
2024-11-22,WH-A,CR-2,3.13093,1.05877,0.88736,0.62068,0
2024-11-22,WH-A,CR-3,3.13093,1.05877,0.85084,0.62068,0
2024-11-22,WH-A,CR-4,3.13093,1.05877,0.91158,0.62068,0
2024-11-22,WH-B,CR-1,2.2383,1.01876,0.90266,0.62068,0
2024-11-22,WH-B,CR-2,2.2383,1.01876,0.89016,0.62068,0
2024-11-22,WH-B,CR-3,2.2383,1.01876,0.86518,0.62068,0
2024-11-22,WH-B,CR-4,2.2383,1.01876,0.87893,0.62068,0
2024-11-22,WH-C,CR-1,1.91309,0.94828,0.89263,0.62068,0
2024-11-22,WH-C,CR-2,1.91309,0.94828,0.87352,0.62068,0
2024-11-22,WH-C,CR-3,1.91309,0.94828,0.84251,0.62068,0
2024-11-22,WH-C,CR-4,1.91309,0.94828,0.87763,0.62068,0
2024-11-23,WH-A,CR-1,3.27176,0.92732,0.9068,0.56818,0
2024-11-23,WH-A,CR-2,3.27176,0.92732,0.87691,0.56818,0
2024-11-23,WH-A,CR-3,3.27176,0.92732,0.86753,0.56818,0
2024-11-23,WH-A,CR-4,3.27176,0.92732,0.86326,0.56818,0
2024-11-23,WH-B,CR-1,2.11771,0.96244,0.89425,0.56818,0
2024-11-23,WH-B,CR-2,2.11771,0.96244,0.87417,0.56818,0
2024-11-23,WH-B,CR-3,2.11771,0.96244,0.84576,0.56818,0
2024-11-23,WH-B,CR-4,2.11771,0.96244,0.88938,0.56818,0
2024-11-23,WH-C,CR-1,2.03382,1.01225,0.90444,0.56818,0
2024-11-23,WH-C,CR-2,2.03382,1.01225,0.87183,0.56818,0
2024-11-23,WH-C,CR-3,2.03382,1.01225,0.84528,0.56818,0
2024-11-23,WH-C,CR-4,2.03382,1.01225,0.89718,0.56818,0
2024-11-24,WH-A,CR-1,2.8381,1.06292,0.9243,0.01624,0
2024-11-24,WH-A,CR-2,2.8381,1.06292,0.90125,0.01624,0
2024-11-24,WH-A,CR-3,2.8381,1.06292,0.84508,0.01624,0
2024-11-24,WH-A,CR-4,2.8381,1.06292,0.90275,0.01624,0
2024-11-24,WH-B,CR-1,1.94096,0.90558,0.93223,0.01624,0
2024-11-24,WH-B,CR-2,1.94096,0.90558,0.90506,0.01624,0
2024-11-24,WH-B,CR-3,1.94096,0.90558,0.84343,0.01624,0
2024-11-24,WH-B,CR-4,1.94096,0.90558,0.90171,0.01624,0
2024-11-24,WH-C,CR-1,2.06462,1.00885,0.89609,0.01624,0
2024-11-24,WH-C,CR-2,2.06462,1.00885,0.86797,0.01624,0
2024-11-24,WH-C,CR-3,2.06462,1.00885,0.86308,0.01624,0
2024-11-24,WH-C,CR-4,2.06462,1.00885,0.88382,0.01624,0
2024-11-25,WH-A,CR-1,2.86113,1.03066,0.90987,0.1798,0
2024-11-25,WH-A,CR-2,2.86113,1.03066,0.8944,0.1798,0
2024-11-25,WH-A,CR-3,2.86113,1.03066,0.85769,0.1798,0
2024-11-25,WH-A,CR-4,2.86113,1.03066,0.8965,0.1798,0
2024-11-25,WH-B,CR-1,2.27571,1.07265,0.93488,0.1798,0
2024-11-25,WH-B,CR-2,2.27571,1.07265,0.8937,0.1798,0
2024-11-25,WH-B,CR-3,2.27571,1.07265,0.86884,0.1798,0
2024-11-25,WH-B,CR-4,2.27571,1.07265,0.89694,0.1798,0
2024-11-25,WH-C,CR-1,1.92943,1.02317,0.91254,0.1798,0
2024-11-25,WH-C,CR-2,1.92943,1.02317,0.87217,0.1798,0
2024-11-25,WH-C,CR-3,1.92943,1.02317,0.86945,0.1798,0
2024-11-25,WH-C,CR-4,1.92943,1.02317,0.91486,0.1798,0
2024-11-26,WH-A,CR-1,2.81024,1.09959,0.89751,0.21424,0
2024-11-26,WH-A,CR-2,2.81024,1.09959,0.8819,0.21424,0
2024-11-26,WH-A,CR-3,2.81024,1.09959,0.85295,0.21424,0
2024-11-26,WH-A,CR-4,2.81024,1.09959,0.91113,0.21424,0
2024-11-26,WH-B,CR-1,2.26174,0.84201,0.90066,0.21424,0
2024-11-26,WH-B,CR-2,2.26174,0.84201,0.88291,0.21424,0
2024-11-26,WH-B,CR-3,2.26174,0.84201,0.85441,0.21424,0
2024-11-26,WH-B,CR-4,2.26174,0.84201,0.92385,0.21424,0
2024-11-26,WH-C,CR-1,2.23057,1.04852,0.91326,0.21424,0
2024-11-26,WH-C,CR-2,2.23057,1.04852,0.89689,0.21424,0
2024-11-26,WH-C,CR-3,2.23057,1.04852,0.84656,0.21424,0
2024-11-26,WH-C,CR-4,2.23057,1.04852,0.90196,0.21424,0
2024-11-27,WH-A,CR-1,3.54433,1.0734,0.90777,0.06885,0
2024-11-27,WH-A,CR-2,3.54433,1.0734,0.88489,0.06885,0
2024-11-27,WH-A,CR-3,3.54433,1.0734,0.86238,0.06885,0
2024-11-27,WH-A,CR-4,3.54433,1.0734,0.90325,0.06885,0
2024-11-27,WH-B,CR-1,2.28717,0.98966,0.92033,0.06885,0
2024-11-27,WH-B,CR-2,2.28717,0.98966,0.88196,0.06885,0
2024-11-27,WH-B,CR-3,2.28717,0.98966,0.85082,0.06885,0
2024-11-27,WH-B,CR-4,2.28717,0.98966,0.89023,0.06885,0
2024-11-27,WH-C,CR-1,2.25115,1.0275,0.9124,0.06885,0
2024-11-27,WH-C,CR-2,2.25115,1.0275,0.88865,0.06885,0
2024-11-27,WH-C,CR-3,2.25115,1.0275,0.86524,0.06885,0
2024-11-27,WH-C,CR-4,2.25115,1.0275,0.91468,0.06885,0
2024-11-28,WH-A,CR-1,2.98111,0.95849,0.901,0.52142,0
2024-11-28,WH-A,CR-2,2.98111,0.95849,0.87835,0.52142,0
2024-11-28,WH-A,CR-3,2.98111,0.95849,0.83868,0.52142,0
2024-11-28,WH-A,CR-4,2.98111,0.95849,0.89927,0.52142,0
2024-11-28,WH-B,CR-1,2.15449,0.90912,0.91795,0.52142,0
2024-11-28,WH-B,CR-2,2.15449,0.90912,0.87242,0.52142,0
2024-11-28,WH-B,CR-3,2.15449,0.90912,0.83807,0.52142,0
2024-11-28,WH-B,CR-4,2.15449,0.90912,0.88499,0.52142,0
2024-11-28,WH-C,CR-1,2.38705,1.15199,0.90328,0.52142,0
2024-11-28,WH-C,CR-2,2.38705,1.15199,0.87553,0.52142,0
2024-11-28,WH-C,CR-3,2.38705,1.15199,0.86097,0.52142,0
2024-11-28,WH-C,CR-4,2.38705,1.15199,0.87639,0.52142,0
2024-11-29,WH-A,CR-1,1.86789,1.0342,0.88185,1.50149,0
2024-11-29,WH-A,CR-2,1.86789,1.0342,0.8573,1.50149,0
2024-11-29,WH-A,CR-3,1.86789,1.0342,0.82545,1.50149,0
2024-11-29,WH-A,CR-4,1.86789,1.0342,0.89021,1.50149,0
2024-11-29,WH-B,CR-1,2.36841,0.96913,0.88841,1.50149,0
2024-11-29,WH-B,CR-2,2.36841,0.96913,0.86665,1.50149,0
2024-11-29,WH-B,CR-3,2.36841,0.96913,0.81627,1.50149,0
2024-11-29,WH-B,CR-4,2.36841,0.96913,0.86072,1.50149,0
2024-11-29,WH-C,CR-1,3.02644,0.99061,0.88883,1.50149,0
2024-11-29,WH-C,CR-2,3.02644,0.99061,0.8557,1.50149,0
2024-11-29,WH-C,CR-3,3.02644,0.99061,0.83705,1.50149,0
2024-11-29,WH-C,CR-4,3.02644,0.99061,0.90175,1.50149,0
2024-11-30,WH-A,CR-1,1.60875,0.93008,0.90466,0.53425,0
2024-11-30,WH-A,CR-2,1.60875,0.93008,0.85722,0.53425,0
2024-11-30,WH-A,CR-3,1.60875,0.93008,0.85772,0.53425,0
2024-11-30,WH-A,CR-4,1.60875,0.93008,0.88485,0.53425,0
2024-11-30,WH-B,CR-1,3.07119,1.10765,0.9049,0.53425,0
2024-11-30,WH-B,CR-2,3.07119,1.10765,0.88315,0.53425,0
2024-11-30,WH-B,CR-3,3.07119,1.10765,0.8331,0.53425,0
2024-11-30,WH-B,CR-4,3.07119,1.10765,0.90537,0.53425,0
2024-11-30,WH-C,CR-1,2.57188,0.87502,0.90441,0.53425,0
2024-11-30,WH-C,CR-2,2.57188,0.87502,0.87229,0.53425,0
2024-11-30,WH-C,CR-3,2.57188,0.87502,0.84398,0.53425,0
2024-11-30,WH-C,CR-4,2.57188,0.87502,0.90928,0.53425,0
2024-12-01,WH-A,CR-1,1.46267,1.09123,0.90327,0.11266,0
2024-12-01,WH-A,CR-2,1.46267,1.09123,0.88546,0.11266,0
2024-12-01,WH-A,CR-3,1.46267,1.09123,0.84959,0.11266,0
2024-12-01,WH-A,CR-4,1.46267,1.09123,0.90135,0.11266,0
2024-12-01,WH-B,CR-1,3.2875,1.08199,0.92976,0.11266,0
2024-12-01,WH-B,CR-2,3.2875,1.08199,0.88061,0.11266,0
2024-12-01,WH-B,CR-3,3.2875,1.08199,0.85768,0.11266,0
2024-12-01,WH-B,CR-4,3.2875,1.08199,0.89609,0.11266,0
2024-12-01,WH-C,CR-1,2.10543,0.8703,0.91022,0.11266,0
2024-12-01,WH-C,CR-2,2.10543,0.8703,0.88847,0.11266,0
2024-12-01,WH-C,CR-3,2.10543,0.8703,0.83253,0.11266,0
2024-12-01,WH-C,CR-4,2.10543,0.8703,0.90492,0.11266,0
2024-12-02,WH-A,CR-1,1.62838,0.93025,0.90297,1.11396,0
2024-12-02,WH-A,CR-2,1.62838,0.93025,0.83964,1.11396,0
2024-12-02,WH-A,CR-3,1.62838,0.93025,0.85077,1.11396,0
2024-12-02,WH-A,CR-4,1.62838,0.93025,0.88489,1.11396,0
2024-12-02,WH-B,CR-1,3.79029,0.90384,0.90847,1.11396,0
2024-12-02,WH-B,CR-2,3.79029,0.90384,0.86624,1.11396,0
2024-12-02,WH-B,CR-3,3.79029,0.90384,0.83348,1.11396,0
2024-12-02,WH-B,CR-4,3.79029,0.90384,0.87101,1.11396,0
2024-12-02,WH-C,CR-1,2.3595,1.09609,0.91887,1.11396,0
2024-12-02,WH-C,CR-2,2.3595,1.09609,0.87955,1.11396,0
2024-12-02,WH-C,CR-3,2.3595,1.09609,0.83032,1.11396,0
2024-12-02,WH-C,CR-4,2.3595,1.09609,0.8754,1.11396,0
2024-12-03,WH-A,CR-1,1.67026,1.16042,0.92308,0.04024,0
2024-12-03,WH-A,CR-2,1.67026,1.16042,0.89073,0.04024,0
2024-12-03,WH-A,CR-3,1.67026,1.16042,0.85309,0.04024,0
2024-12-03,WH-A,CR-4,1.67026,1.16042,0.9147,0.04024,0
2024-12-03,WH-B,CR-1,3.47244,1.01246,0.92513,0.04024,0
2024-12-03,WH-B,CR-2,3.47244,1.01246,0.88505,0.04024,0
2024-12-03,WH-B,CR-3,3.47244,1.01246,0.8472,0.04024,0
2024-12-03,WH-B,CR-4,3.47244,1.01246,0.91397,0.04024,0
2024-12-03,WH-C,CR-1,2.29545,1.08111,0.91133,0.04024,0
2024-12-03,WH-C,CR-2,2.29545,1.08111,0.87227,0.04024,0
2024-12-03,WH-C,CR-3,2.29545,1.08111,0.8776,0.04024,0
2024-12-03,WH-C,CR-4,2.29545,1.08111,0.92534,0.04024,0
2024-12-04,WH-A,CR-1,1.86646,1.15259,0.9008,0.69204,0
2024-12-04,WH-A,CR-2,1.86646,1.15259,0.86745,0.69204,0
2024-12-04,WH-A,CR-3,1.86646,1.15259,0.86751,0.69204,0
2024-12-04,WH-A,CR-4,1.86646,1.15259,0.89447,0.69204,0
2024-12-04,WH-B,CR-1,3.89195,0.93013,0.91126,0.69204,0
2024-12-04,WH-B,CR-2,3.89195,0.93013,0.8999,0.69204,0
2024-12-04,WH-B,CR-3,3.89195,0.93013,0.8454,0.69204,0
2024-12-04,WH-B,CR-4,3.89195,0.93013,0.89188,0.69204,0
2024-12-04,WH-C,CR-1,1.86924,1.12859,0.8958,0.69204,0
2024-12-04,WH-C,CR-2,1.86924,1.12859,0.87391,0.69204,0
2024-12-04,WH-C,CR-3,1.86924,1.12859,0.83023,0.69204,0
2024-12-04,WH-C,CR-4,1.86924,1.12859,0.91373,0.69204,0
2024-12-05,WH-A,CR-1,1.69691,1.16487,0.89769,0.85669,0
2024-12-05,WH-A,CR-2,1.69691,1.16487,0.85882,0.85669,0
2024-12-05,WH-A,CR-3,1.69691,1.16487,0.82093,0.85669,0
2024-12-05,WH-A,CR-4,1.69691,1.16487,0.88433,0.85669,0
2024-12-05,WH-B,CR-1,3.0383,0.99217,0.91101,0.85669,0
2024-12-05,WH-B,CR-2,3.0383,0.99217,0.86757,0.85669,0
2024-12-05,WH-B,CR-3,3.0383,0.99217,0.84635,0.85669,0
2024-12-05,WH-B,CR-4,3.0383,0.99217,0.8834,0.85669,0
2024-12-05,WH-C,CR-1,2.02547,1.19567,0.8979,0.85669,0
2024-12-05,WH-C,CR-2,2.02547,1.19567,0.87669,0.85669,0
2024-12-05,WH-C,CR-3,2.02547,1.19567,0.82329,0.85669,0
2024-12-05,WH-C,CR-4,2.02547,1.19567,0.91032,0.85669,0
2024-12-06,WH-A,CR-1,1.94929,1.09093,0.92244,0.1729,0
2024-12-06,WH-A,CR-2,1.94929,1.09093,0.87896,0.1729,0
2024-12-06,WH-A,CR-3,1.94929,1.09093,0.86749,0.1729,0
2024-12-06,WH-A,CR-4,1.94929,1.09093,0.89528,0.1729,0
2024-12-06,WH-B,CR-1,3.26659,1.01078,0.91858,0.1729,0
2024-12-06,WH-B,CR-2,3.26659,1.01078,0.87884,0.1729,0
2024-12-06,WH-B,CR-3,3.26659,1.01078,0.85499,0.1729,0
2024-12-06,WH-B,CR-4,3.26659,1.01078,0.89149,0.1729,0
2024-12-06,WH-C,CR-1,2.19262,1.04554,0.90791,0.1729,0
2024-12-06,WH-C,CR-2,2.19262,1.04554,0.88373,0.1729,0
2024-12-06,WH-C,CR-3,2.19262,1.04554,0.856,0.1729,0
2024-12-06,WH-C,CR-4,2.19262,1.04554,0.89699,0.1729,0
2024-12-07,WH-A,CR-1,2.97924,1.04673,0.91604,0.26328,0
2024-12-07,WH-A,CR-2,2.97924,1.04673,0.89683,0.26328,0
2024-12-07,WH-A,CR-3,2.97924,1.04673,0.82901,0.26328,0
2024-12-07,WH-A,CR-4,2.97924,1.04673,0.87207,0.26328,0
2024-12-07,WH-B,CR-1,3.00473,0.85171,0.90992,0.26328,0
2024-12-07,WH-B,CR-2,3.00473,0.85171,0.88523,0.26328,0
2024-12-07,WH-B,CR-3,3.00473,0.85171,0.86381,0.26328,0
2024-12-07,WH-B,CR-4,3.00473,0.85171,0.8891,0.26328,0
2024-12-07,WH-C,CR-1,2.35627,0.96315,0.91693,0.26328,0
2024-12-07,WH-C,CR-2,2.35627,0.96315,0.87652,0.26328,0
2024-12-07,WH-C,CR-3,2.35627,0.96315,0.86936,0.26328,0
2024-12-07,WH-C,CR-4,2.35627,0.96315,0.90152,0.26328,0
2024-12-08,WH-A,CR-1,3.08948,0.95723,0.88969,1.32642,0
2024-12-08,WH-A,CR-2,3.08948,0.95723,0.87121,1.32642,0
2024-12-08,WH-A,CR-3,3.08948,0.95723,0.83003,1.32642,0
2024-12-08,WH-A,CR-4,3.08948,0.95723,0.85168,1.32642,0
2024-12-08,WH-B,CR-1,1.90405,1.06379,0.90839,1.32642,0
2024-12-08,WH-B,CR-2,1.90405,1.06379,0.88627,1.32642,0
2024-12-08,WH-B,CR-3,1.90405,1.06379,0.83341,1.32642,0
2024-12-08,WH-B,CR-4,1.90405,1.06379,0.86811,1.32642,0
2024-12-08,WH-C,CR-1,2.1777,0.96291,0.88154,1.32642,0
2024-12-08,WH-C,CR-2,2.1777,0.96291,0.88341,1.32642,0
2024-12-08,WH-C,CR-3,2.1777,0.96291,0.8605,1.32642,0
2024-12-08,WH-C,CR-4,2.1777,0.96291,0.88936,1.32642,0
2024-12-09,WH-A,CR-1,3.4442,1.0481,0.90863,0.29981,0
2024-12-09,WH-A,CR-2,3.4442,1.0481,0.88788,0.29981,0
2024-12-09,WH-A,CR-3,3.4442,1.0481,0.84507,0.29981,0
2024-12-09,WH-A,CR-4,3.4442,1.0481,0.90387,0.29981,0
2024-12-09,WH-B,CR-1,1.75756,1.12897,0.91085,0.29981,0
2024-12-09,WH-B,CR-2,1.75756,1.12897,0.89601,0.29981,0
2024-12-09,WH-B,CR-3,1.75756,1.12897,0.84969,0.29981,0
2024-12-09,WH-B,CR-4,1.75756,1.12897,0.90047,0.29981,0
2024-12-09,WH-C,CR-1,1.78598,1.10278,0.90159,0.29981,0
2024-12-09,WH-C,CR-2,1.78598,1.10278,0.87627,0.29981,0
2024-12-09,WH-C,CR-3,1.78598,1.10278,0.85212,0.29981,0
2024-12-09,WH-C,CR-4,1.78598,1.10278,0.90356,0.29981,0
2024-12-10,WH-A,CR-1,3.41366,1.01173,0.91448,0.01787,0
2024-12-10,WH-A,CR-2,3.41366,1.01173,0.88913,0.01787,0
2024-12-10,WH-A,CR-3,3.41366,1.01173,0.85567,0.01787,0
2024-12-10,WH-A,CR-4,3.41366,1.01173,0.89481,0.01787,0
2024-12-10,WH-B,CR-1,2.15629,1.12153,0.90456,0.01787,0
2024-12-10,WH-B,CR-2,2.15629,1.12153,0.88268,0.01787,0
2024-12-10,WH-B,CR-3,2.15629,1.12153,0.8406,0.01787,0
2024-12-10,WH-B,CR-4,2.15629,1.12153,0.91847,0.01787,0
2024-12-10,WH-C,CR-1,1.92516,0.97398,0.91829,0.01787,0
2024-12-10,WH-C,CR-2,1.92516,0.97398,0.87274,0.01787,0
2024-12-10,WH-C,CR-3,1.92516,0.97398,0.84478,0.01787,0
2024-12-10,WH-C,CR-4,1.92516,0.97398,0.88966,0.01787,0
2024-12-11,WH-A,CR-1,2.86071,1.0793,0.90618,0.07161,0
2024-12-11,WH-A,CR-2,2.86071,1.0793,0.89533,0.07161,0
2024-12-11,WH-A,CR-3,2.86071,1.0793,0.8439,0.07161,0
2024-12-11,WH-A,CR-4,2.86071,1.0793,0.90668,0.07161,0
2024-12-11,WH-B,CR-1,2.44851,1.22822,0.92378,0.07161,0
2024-12-11,WH-B,CR-2,2.44851,1.22822,0.8791,0.07161,0
2024-12-11,WH-B,CR-3,2.44851,1.22822,0.86443,0.07161,0
2024-12-11,WH-B,CR-4,2.44851,1.22822,0.93187,0.07161,0
2024-12-11,WH-C,CR-1,1.47941,0.9746,0.91337,0.07161,0
2024-12-11,WH-C,CR-2,1.47941,0.9746,0.88121,0.07161,0
2024-12-11,WH-C,CR-3,1.47941,0.9746,0.85222,0.07161,0
2024-12-11,WH-C,CR-4,1.47941,0.9746,0.89056,0.07161,0
2024-12-12,WH-A,CR-1,2.68965,1.12567,0.89861,1.02928,0
2024-12-12,WH-A,CR-2,2.68965,1.12567,0.85722,1.02928,0
2024-12-12,WH-A,CR-3,2.68965,1.12567,0.82279,1.02928,0
2024-12-12,WH-A,CR-4,2.68965,1.12567,0.88621,1.02928,0
2024-12-12,WH-B,CR-1,2.35683,1.05842,0.88216,1.02928,0
2024-12-12,WH-B,CR-2,2.35683,1.05842,0.87873,1.02928,0
2024-12-12,WH-B,CR-3,2.35683,1.05842,0.84036,1.02928,0
2024-12-12,WH-B,CR-4,2.35683,1.05842,0.89125,1.02928,0
2024-12-12,WH-C,CR-1,2.26625,1.00698,0.89026,1.02928,0
2024-12-12,WH-C,CR-2,2.26625,1.00698,0.8624,1.02928,0
2024-12-12,WH-C,CR-3,2.26625,1.00698,0.83666,1.02928,0
2024-12-12,WH-C,CR-4,2.26625,1.00698,0.88788,1.02928,0
2024-12-13,WH-A,CR-1,2.45405,1.07079,0.91724,0.10519,0
2024-12-13,WH-A,CR-2,2.45405,1.07079,0.9,0.10519,0
2024-12-13,WH-A,CR-3,2.45405,1.07079,0.87907,0.10519,0
2024-12-13,WH-A,CR-4,2.45405,1.07079,0.91472,0.10519,0
2024-12-13,WH-B,CR-1,3.04793,1.10334,0.93613,0.10519,0
2024-12-13,WH-B,CR-2,3.04793,1.10334,0.90782,0.10519,0
2024-12-13,WH-B,CR-3,3.04793,1.10334,0.86702,0.10519,0
2024-12-13,WH-B,CR-4,3.04793,1.10334,0.91408,0.10519,0
2024-12-13,WH-C,CR-1,2.20333,1.03869,0.91155,0.10519,0
2024-12-13,WH-C,CR-2,2.20333,1.03869,0.89306,0.10519,0
2024-12-13,WH-C,CR-3,2.20333,1.03869,0.84696,0.10519,0
2024-12-13,WH-C,CR-4,2.20333,1.03869,0.90331,0.10519,0
2024-12-14,WH-A,CR-1,3.00932,0.98602,0.93057,0.23702,0
2024-12-14,WH-A,CR-2,3.00932,0.98602,0.86833,0.23702,0
2024-12-14,WH-A,CR-3,3.00932,0.98602,0.882,0.23702,0
2024-12-14,WH-A,CR-4,3.00932,0.98602,0.91628,0.23702,0
2024-12-14,WH-B,CR-1,3.08833,1.07601,0.89921,0.23702,0
2024-12-14,WH-B,CR-2,3.08833,1.07601,0.87977,0.23702,0
2024-12-14,WH-B,CR-3,3.08833,1.07601,0.87056,0.23702,0
2024-12-14,WH-B,CR-4,3.08833,1.07601,0.88083,0.23702,0
2024-12-14,WH-C,CR-1,2.43229,1.00457,0.93686,0.23702,0
2024-12-14,WH-C,CR-2,2.43229,1.00457,0.86424,0.23702,0
2024-12-14,WH-C,CR-3,2.43229,1.00457,0.87255,0.23702,0
2024-12-14,WH-C,CR-4,2.43229,1.00457,0.89652,0.23702,0
2024-12-15,WH-A,CR-1,2.48113,0.99428,0.90092,0.17975,0
2024-12-15,WH-A,CR-2,2.48113,0.99428,0.89315,0.17975,0
2024-12-15,WH-A,CR-3,2.48113,0.99428,0.84631,0.17975,0
2024-12-15,WH-A,CR-4,2.48113,0.99428,0.88971,0.17975,0
2024-12-15,WH-B,CR-1,2.85851,0.98894,0.91094,0.17975,0
2024-12-15,WH-B,CR-2,2.85851,0.98894,0.88467,0.17975,0
2024-12-15,WH-B,CR-3,2.85851,0.98894,0.86262,0.17975,0
2024-12-15,WH-B,CR-4,2.85851,0.98894,0.91725,0.17975,0
2024-12-15,WH-C,CR-1,2.27828,0.87846,0.91518,0.17975,0
2024-12-15,WH-C,CR-2,2.27828,0.87846,0.88991,0.17975,0
2024-12-15,WH-C,CR-3,2.27828,0.87846,0.83674,0.17975,0
2024-12-15,WH-C,CR-4,2.27828,0.87846,0.89358,0.17975,0
2024-12-16,WH-A,CR-1,2.25407,1.09856,0.896,0.12416,0
2024-12-16,WH-A,CR-2,2.25407,1.09856,0.86631,0.12416,0
2024-12-16,WH-A,CR-3,2.25407,1.09856,0.85126,0.12416,0
2024-12-16,WH-A,CR-4,2.25407,1.09856,0.90316,0.12416,0
2024-12-16,WH-B,CR-1,2.3866,0.99346,0.91045,0.12416,0
2024-12-16,WH-B,CR-2,2.3866,0.99346,0.88055,0.12416,0
2024-12-16,WH-B,CR-3,2.3866,0.99346,0.85709,0.12416,0
2024-12-16,WH-B,CR-4,2.3866,0.99346,0.89733,0.12416,0
2024-12-16,WH-C,CR-1,2.80582,1.08106,0.90558,0.12416,0
2024-12-16,WH-C,CR-2,2.80582,1.08106,0.8864,0.12416,0
2024-12-16,WH-C,CR-3,2.80582,1.08106,0.85675,0.12416,0
2024-12-16,WH-C,CR-4,2.80582,1.08106,0.91984,0.12416,0
2024-12-17,WH-A,CR-1,1.84933,1.04535,0.93276,0.14675,0
2024-12-17,WH-A,CR-2,1.84933,1.04535,0.90035,0.14675,0
2024-12-17,WH-A,CR-3,1.84933,1.04535,0.85722,0.14675,0
2024-12-17,WH-A,CR-4,1.84933,1.04535,0.90171,0.14675,0
2024-12-17,WH-B,CR-1,2.76818,1.02756,0.93502,0.14675,0
2024-12-17,WH-B,CR-2,2.76818,1.02756,0.8858,0.14675,0
2024-12-17,WH-B,CR-3,2.76818,1.02756,0.84999,0.14675,0
2024-12-17,WH-B,CR-4,2.76818,1.02756,0.89934,0.14675,0
2024-12-17,WH-C,CR-1,2.2088,1.08652,0.90502,0.14675,0
2024-12-17,WH-C,CR-2,2.2088,1.08652,0.89804,0.14675,0
2024-12-17,WH-C,CR-3,2.2088,1.08652,0.83934,0.14675,0
2024-12-17,WH-C,CR-4,2.2088,1.08652,0.90639,0.14675,0
2024-12-18,WH-A,CR-1,2.81993,1.00798,0.90383,0.85365,0
2024-12-18,WH-A,CR-2,2.81993,1.00798,0.87899,0.85365,0
2024-12-18,WH-A,CR-3,2.81993,1.00798,0.85085,0.85365,0
2024-12-18,WH-A,CR-4,2.81993,1.00798,0.89542,0.85365,0
2024-12-18,WH-B,CR-1,3.18987,1.08353,0.92326,0.85365,0
2024-12-18,WH-B,CR-2,3.18987,1.08353,0.8784,0.85365,0
2024-12-18,WH-B,CR-3,3.18987,1.08353,0.86571,0.85365,0
2024-12-18,WH-B,CR-4,3.18987,1.08353,0.90295,0.85365,0
2024-12-18,WH-C,CR-1,1.61518,1.25089,0.89524,0.85365,0
2024-12-18,WH-C,CR-2,1.61518,1.25089,0.89008,0.85365,0
2024-12-18,WH-C,CR-3,1.61518,1.25089,0.84246,0.85365,0
2024-12-18,WH-C,CR-4,1.61518,1.25089,0.90487,0.85365,0
2024-12-19,WH-A,CR-1,2.6577,1.16832,0.92043,0.12976,0
2024-12-19,WH-A,CR-2,2.6577,1.16832,0.8964,0.12976,0
2024-12-19,WH-A,CR-3,2.6577,1.16832,0.8292,0.12976,0
2024-12-19,WH-A,CR-4,2.6577,1.16832,0.90414,0.12976,0
2024-12-19,WH-B,CR-1,3.26047,1.05989,0.9267,0.12976,0
2024-12-19,WH-B,CR-2,3.26047,1.05989,0.88077,0.12976,0
2024-12-19,WH-B,CR-3,3.26047,1.05989,0.85575,0.12976,0
2024-12-19,WH-B,CR-4,3.26047,1.05989,0.91934,0.12976,0
2024-12-19,WH-C,CR-1,1.06569,1.08915,0.91116,0.12976,0
2024-12-19,WH-C,CR-2,1.06569,1.08915,0.87422,0.12976,0
2024-12-19,WH-C,CR-3,1.06569,1.08915,0.8592,0.12976,0
2024-12-19,WH-C,CR-4,1.06569,1.08915,0.91989,0.12976,0
2024-12-20,WH-A,CR-1,2.94928,1.11145,0.90235,0.78352,1
2024-12-20,WH-A,CR-2,2.94928,1.11145,0.86508,0.78352,1
2024-12-20,WH-A,CR-3,2.94928,1.11145,0.83577,0.78352,1
2024-12-20,WH-A,CR-4,2.94928,1.11145,0.90345,0.78352,1
2024-12-20,WH-B,CR-1,3.14982,0.95831,0.88318,0.78352,1
2024-12-20,WH-B,CR-2,3.14982,0.95831,0.88338,0.78352,1
2024-12-20,WH-B,CR-3,3.14982,0.95831,0.83684,0.78352,1
2024-12-20,WH-B,CR-4,3.14982,0.95831,0.89736,0.78352,1
2024-12-20,WH-C,CR-1,1.94186,0.93729,0.90285,0.78352,1
2024-12-20,WH-C,CR-2,1.94186,0.93729,0.87135,0.78352,1
2024-12-20,WH-C,CR-3,1.94186,0.93729,0.84795,0.78352,1
2024-12-20,WH-C,CR-4,1.94186,0.93729,0.90827,0.78352,1
2024-12-21,WH-A,CR-1,3.19524,0.94709,0.91507,0.04364,1
2024-12-21,WH-A,CR-2,3.19524,0.94709,0.89174,0.04364,1
2024-12-21,WH-A,CR-3,3.19524,0.94709,0.86085,0.04364,1
2024-12-21,WH-A,CR-4,3.19524,0.94709,0.9137,0.04364,1
2024-12-21,WH-B,CR-1,3.29101,0.88344,0.9286,0.04364,1
2024-12-21,WH-B,CR-2,3.29101,0.88344,0.90072,0.04364,1
2024-12-21,WH-B,CR-3,3.29101,0.88344,0.85895,0.04364,1
2024-12-21,WH-B,CR-4,3.29101,0.88344,0.88878,0.04364,1
2024-12-21,WH-C,CR-1,2.03922,0.97755,0.90298,0.04364,1
2024-12-21,WH-C,CR-2,2.03922,0.97755,0.88239,0.04364,1
2024-12-21,WH-C,CR-3,2.03922,0.97755,0.8398,0.04364,1
2024-12-21,WH-C,CR-4,2.03922,0.97755,0.914,0.04364,1
2024-12-22,WH-A,CR-1,3.11901,0.95748,0.9172,0.36068,1
2024-12-22,WH-A,CR-2,3.11901,0.95748,0.87631,0.36068,1
2024-12-22,WH-A,CR-3,3.11901,0.95748,0.84139,0.36068,1
2024-12-22,WH-A,CR-4,3.11901,0.95748,0.89176,0.36068,1
2024-12-22,WH-B,CR-1,2.99988,0.96351,0.91278,0.36068,1
2024-12-22,WH-B,CR-2,2.99988,0.96351,0.87872,0.36068,1
2024-12-22,WH-B,CR-3,2.99988,0.96351,0.84593,0.36068,1
2024-12-22,WH-B,CR-4,2.99988,0.96351,0.89679,0.36068,1
2024-12-22,WH-C,CR-1,3.02229,0.90034,0.90431,0.36068,1
2024-12-22,WH-C,CR-2,3.02229,0.90034,0.92053,0.36068,1
2024-12-22,WH-C,CR-3,3.02229,0.90034,0.85606,0.36068,1
2024-12-22,WH-C,CR-4,3.02229,0.90034,0.88445,0.36068,1
2024-12-23,WH-A,CR-1,3.26653,1.02512,0.90018,0.66909,1
2024-12-23,WH-A,CR-2,3.26653,1.02512,0.89477,0.66909,1
2024-12-23,WH-A,CR-3,3.26653,1.02512,0.85225,0.66909,1
2024-12-23,WH-A,CR-4,3.26653,1.02512,0.90713,0.66909,1
2024-12-23,WH-B,CR-1,3.15315,1.00644,0.91279,0.66909,1
2024-12-23,WH-B,CR-2,3.15315,1.00644,0.88997,0.66909,1
2024-12-23,WH-B,CR-3,3.15315,1.00644,0.84707,0.66909,1
2024-12-23,WH-B,CR-4,3.15315,1.00644,0.91708,0.66909,1
2024-12-23,WH-C,CR-1,3.08316,1.05896,0.90847,0.66909,1
2024-12-23,WH-C,CR-2,3.08316,1.05896,0.8771,0.66909,1
2024-12-23,WH-C,CR-3,3.08316,1.05896,0.83044,0.66909,1
2024-12-23,WH-C,CR-4,3.08316,1.05896,0.89438,0.66909,1
2024-12-24,WH-A,CR-1,3.16436,1.0437,0.91992,0.38126,1
2024-12-24,WH-A,CR-2,3.16436,1.0437,0.88859,0.38126,1
2024-12-24,WH-A,CR-3,3.16436,1.0437,0.85264,0.38126,1
2024-12-24,WH-A,CR-4,3.16436,1.0437,0.88423,0.38126,1
2024-12-24,WH-B,CR-1,3.72923,1.03065,0.90967,0.38126,1
2024-12-24,WH-B,CR-2,3.72923,1.03065,0.87653,0.38126,1
2024-12-24,WH-B,CR-3,3.72923,1.03065,0.84478,0.38126,1
2024-12-24,WH-B,CR-4,3.72923,1.03065,0.91917,0.38126,1
2024-12-24,WH-C,CR-1,3.3121,1.07755,0.90935,0.38126,1
2024-12-24,WH-C,CR-2,3.3121,1.07755,0.88807,0.38126,1
2024-12-24,WH-C,CR-3,3.3121,1.07755,0.85152,0.38126,1
2024-12-24,WH-C,CR-4,3.3121,1.07755,0.89835,0.38126,1
2024-12-25,WH-A,CR-1,3.06998,1.05834,0.91704,0.42737,1
2024-12-25,WH-A,CR-2,3.06998,1.05834,0.87238,0.42737,1
2024-12-25,WH-A,CR-3,3.06998,1.05834,0.85833,0.42737,1
2024-12-25,WH-A,CR-4,3.06998,1.05834,0.88893,0.42737,1
2024-12-25,WH-B,CR-1,3.27845,0.99969,0.89694,0.42737,1
2024-12-25,WH-B,CR-2,3.27845,0.99969,0.892,0.42737,1
2024-12-25,WH-B,CR-3,3.27845,0.99969,0.83818,0.42737,1
2024-12-25,WH-B,CR-4,3.27845,0.99969,0.89142,0.42737,1
2024-12-25,WH-C,CR-1,3.41711,0.99635,0.90755,0.42737,1
2024-12-25,WH-C,CR-2,3.41711,0.99635,0.86766,0.42737,1
2024-12-25,WH-C,CR-3,3.41711,0.99635,0.8598,0.42737,1
2024-12-25,WH-C,CR-4,3.41711,0.99635,0.90997,0.42737,1
2024-12-26,WH-A,CR-1,2.94803,1.00005,0.89668,0.61343,1
2024-12-26,WH-A,CR-2,2.94803,1.00005,0.89194,0.61343,1
2024-12-26,WH-A,CR-3,2.94803,1.00005,0.85564,0.61343,1
2024-12-26,WH-A,CR-4,2.94803,1.00005,0.88814,0.61343,1
2024-12-26,WH-B,CR-1,3.20172,1.01799,0.89292,0.61343,1
2024-12-26,WH-B,CR-2,3.20172,1.01799,0.87859,0.61343,1
2024-12-26,WH-B,CR-3,3.20172,1.01799,0.84147,0.61343,1
2024-12-26,WH-B,CR-4,3.20172,1.01799,0.88503,0.61343,1
2024-12-26,WH-C,CR-1,2.53021,0.9169,0.902,0.61343,1
2024-12-26,WH-C,CR-2,2.53021,0.9169,0.87544,0.61343,1
2024-12-26,WH-C,CR-3,2.53021,0.9169,0.83595,0.61343,1
2024-12-26,WH-C,CR-4,2.53021,0.9169,0.90427,0.61343,1
2024-12-27,WH-A,CR-1,2.78091,0.97903,0.91378,0.28247,1
2024-12-27,WH-A,CR-2,2.78091,0.97903,0.86726,0.28247,1
2024-12-27,WH-A,CR-3,2.78091,0.97903,0.85889,0.28247,1
2024-12-27,WH-A,CR-4,2.78091,0.97903,0.89117,0.28247,1
2024-12-27,WH-B,CR-1,3.46121,1.01492,0.92517,0.28247,1
2024-12-27,WH-B,CR-2,3.46121,1.01492,0.86894,0.28247,1
2024-12-27,WH-B,CR-3,3.46121,1.01492,0.84428,0.28247,1
2024-12-27,WH-B,CR-4,3.46121,1.01492,0.90699,0.28247,1
2024-12-27,WH-C,CR-1,2.88302,1.17533,0.91291,0.28247,1
2024-12-27,WH-C,CR-2,2.88302,1.17533,0.90447,0.28247,1
2024-12-27,WH-C,CR-3,2.88302,1.17533,0.84894,0.28247,1
2024-12-27,WH-C,CR-4,2.88302,1.17533,0.9156,0.28247,1
2024-12-28,WH-A,CR-1,1.91865,0.87227,0.92151,0.08826,1
2024-12-28,WH-A,CR-2,1.91865,0.87227,0.87016,0.08826,1
2024-12-28,WH-A,CR-3,1.91865,0.87227,0.86103,0.08826,1
2024-12-28,WH-A,CR-4,1.91865,0.87227,0.91679,0.08826,1
2024-12-28,WH-B,CR-1,3.13497,0.88448,0.91022,0.08826,1
2024-12-28,WH-B,CR-2,3.13497,0.88448,0.87432,0.08826,1
2024-12-28,WH-B,CR-3,3.13497,0.88448,0.8547,0.08826,1
2024-12-28,WH-B,CR-4,3.13497,0.88448,0.90714,0.08826,1
2024-12-28,WH-C,CR-1,2.59751,1.09595,0.90728,0.08826,1
2024-12-28,WH-C,CR-2,2.59751,1.09595,0.90261,0.08826,1
2024-12-28,WH-C,CR-3,2.59751,1.09595,0.84342,0.08826,1
2024-12-28,WH-C,CR-4,2.59751,1.09595,0.90678,0.08826,1
2024-12-29,WH-A,CR-1,2.03261,1.00641,0.9068,0.87519,1
2024-12-29,WH-A,CR-2,2.03261,1.00641,0.86527,0.87519,1
2024-12-29,WH-A,CR-3,2.03261,1.00641,0.84914,0.87519,1
2024-12-29,WH-A,CR-4,2.03261,1.00641,0.9141,0.87519,1
2024-12-29,WH-B,CR-1,3.26541,1.00731,0.90981,0.87519,1
2024-12-29,WH-B,CR-2,3.26541,1.00731,0.85421,0.87519,1
2024-12-29,WH-B,CR-3,3.26541,1.00731,0.84727,0.87519,1
2024-12-29,WH-B,CR-4,3.26541,1.00731,0.87955,0.87519,1
2024-12-29,WH-C,CR-1,2.3145,1.13496,0.89871,0.87519,1
2024-12-29,WH-C,CR-2,2.3145,1.13496,0.86286,0.87519,1
2024-12-29,WH-C,CR-3,2.3145,1.13496,0.85558,0.87519,1
2024-12-29,WH-C,CR-4,2.3145,1.13496,0.88037,0.87519,1
2024-12-30,WH-A,CR-1,2.27068,0.91707,0.92079,0.17966,1
2024-12-30,WH-A,CR-2,2.27068,0.91707,0.87951,0.17966,1
2024-12-30,WH-A,CR-3,2.27068,0.91707,0.87274,0.17966,1
2024-12-30,WH-A,CR-4,2.27068,0.91707,0.89699,0.17966,1
2024-12-30,WH-B,CR-1,3.55496,1.18406,0.90405,0.17966,1
2024-12-30,WH-B,CR-2,3.55496,1.18406,0.88195,0.17966,1
2024-12-30,WH-B,CR-3,3.55496,1.18406,0.85893,0.17966,1
2024-12-30,WH-B,CR-4,3.55496,1.18406,0.89398,0.17966,1
2024-12-30,WH-C,CR-1,2.43354,1.02401,0.91133,0.17966,1
2024-12-30,WH-C,CR-2,2.43354,1.02401,0.88485,0.17966,1
2024-12-30,WH-C,CR-3,2.43354,1.02401,0.85512,0.17966,1
2024-12-30,WH-C,CR-4,2.43354,1.02401,0.90623,0.17966,1
2024-12-31,WH-A,CR-1,2.37089,1.03842,0.90959,0.14706,1
2024-12-31,WH-A,CR-2,2.37089,1.03842,0.88874,0.14706,1
2024-12-31,WH-A,CR-3,2.37089,1.03842,0.83308,0.14706,1
2024-12-31,WH-A,CR-4,2.37089,1.03842,0.89609,0.14706,1
2024-12-31,WH-B,CR-1,3.2792,0.97351,0.9344,0.14706,1
2024-12-31,WH-B,CR-2,3.2792,0.97351,0.88508,0.14706,1
2024-12-31,WH-B,CR-3,3.2792,0.97351,0.85697,0.14706,1
2024-12-31,WH-B,CR-4,3.2792,0.97351,0.89905,0.14706,1
2024-12-31,WH-C,CR-1,2.41273,0.94478,0.91282,0.14706,1
2024-12-31,WH-C,CR-2,2.41273,0.94478,0.87361,0.14706,1
2024-12-31,WH-C,CR-3,2.41273,0.94478,0.85152,0.14706,1
2024-12-31,WH-C,CR-4,2.41273,0.94478,0.87413,0.14706,1
2025-01-01,WH-A,CR-1,2.40865,1.25552,0.9492,0.41425,1
2025-01-01,WH-A,CR-2,2.40865,1.25552,0.91062,0.41425,1
2025-01-01,WH-A,CR-3,2.40865,1.25552,0.86711,0.41425,1
2025-01-01,WH-A,CR-4,2.40865,1.25552,0.9101,0.41425,1
2025-01-01,WH-B,CR-1,3.23978,1.15517,0.96247,0.41425,1
2025-01-01,WH-B,CR-2,3.23978,1.15517,0.89816,0.41425,1
2025-01-01,WH-B,CR-3,3.23978,1.15517,0.89622,0.41425,1
2025-01-01,WH-B,CR-4,3.23978,1.15517,0.92066,0.41425,1
2025-01-01,WH-C,CR-1,2.51283,1.28574,0.92027,0.41425,1
2025-01-01,WH-C,CR-2,2.51283,1.28574,0.89672,0.41425,1
2025-01-01,WH-C,CR-3,2.51283,1.28574,0.86015,0.41425,1
2025-01-01,WH-C,CR-4,2.51283,1.28574,0.90778,0.41425,1
2025-01-02,WH-A,CR-1,2.16282,1.1945,0.90103,0.92673,1
2025-01-02,WH-A,CR-2,2.16282,1.1945,0.90876,0.92673,1
2025-01-02,WH-A,CR-3,2.16282,1.1945,0.85913,0.92673,1
2025-01-02,WH-A,CR-4,2.16282,1.1945,0.91971,0.92673,1
2025-01-02,WH-B,CR-1,3.03197,1.25966,0.92206,0.92673,1
2025-01-02,WH-B,CR-2,3.03197,1.25966,0.86784,0.92673,1
2025-01-02,WH-B,CR-3,3.03197,1.25966,0.864,0.92673,1
2025-01-02,WH-B,CR-4,3.03197,1.25966,0.91573,0.92673,1
2025-01-02,WH-C,CR-1,1.75022,1.1618,0.91899,0.92673,1
2025-01-02,WH-C,CR-2,1.75022,1.1618,0.87721,0.92673,1
2025-01-02,WH-C,CR-3,1.75022,1.1618,0.87138,0.92673,1
2025-01-02,WH-C,CR-4,1.75022,1.1618,0.90655,0.92673,1
2025-01-03,WH-A,CR-1,2.41906,1.14673,0.93124,0.53925,1
2025-01-03,WH-A,CR-2,2.41906,1.14673,0.89501,0.53925,1
2025-01-03,WH-A,CR-3,2.41906,1.14673,0.87585,0.53925,1
2025-01-03,WH-A,CR-4,2.41906,1.14673,0.93649,0.53925,1
2025-01-03,WH-B,CR-1,2.90834,1.20495,0.93757,0.53925,1
2025-01-03,WH-B,CR-2,2.90834,1.20495,0.88373,0.53925,1
2025-01-03,WH-B,CR-3,2.90834,1.20495,0.85978,0.53925,1
2025-01-03,WH-B,CR-4,2.90834,1.20495,0.91783,0.53925,1
2025-01-03,WH-C,CR-1,1.36439,1.06484,0.90783,0.53925,1
2025-01-03,WH-C,CR-2,1.36439,1.06484,0.88414,0.53925,1
2025-01-03,WH-C,CR-3,1.36439,1.06484,0.86722,0.53925,1
2025-01-03,WH-C,CR-4,1.36439,1.06484,0.91946,0.53925,1
2025-01-04,WH-A,CR-1,2.00328,1.15725,0.92976,0.46136,0
2025-01-04,WH-A,CR-2,2.00328,1.15725,0.91005,0.46136,0
2025-01-04,WH-A,CR-3,2.00328,1.15725,0.87413,0.46136,0
2025-01-04,WH-A,CR-4,2.00328,1.15725,0.90487,0.46136,0
2025-01-04,WH-B,CR-1,2.57142,0.97115,0.9304,0.46136,0
2025-01-04,WH-B,CR-2,2.57142,0.97115,0.89275,0.46136,0
2025-01-04,WH-B,CR-3,2.57142,0.97115,0.87628,0.46136,0
2025-01-04,WH-B,CR-4,2.57142,0.97115,0.90559,0.46136,0
2025-01-04,WH-C,CR-1,1.37474,1.11579,0.94259,0.46136,0
2025-01-04,WH-C,CR-2,1.37474,1.11579,0.89253,0.46136,0
2025-01-04,WH-C,CR-3,1.37474,1.11579,0.87191,0.46136,0
2025-01-04,WH-C,CR-4,1.37474,1.11579,0.92391,0.46136,0
2025-01-05,WH-A,CR-1,1.56791,1.29436,0.90993,1.48826,0
2025-01-05,WH-A,CR-2,1.56791,1.29436,0.86052,1.48826,0
2025-01-05,WH-A,CR-3,1.56791,1.29436,0.84622,1.48826,0
2025-01-05,WH-A,CR-4,1.56791,1.29436,0.86998,1.48826,0
2025-01-05,WH-B,CR-1,2.47041,1.13478,0.90227,1.48826,0
2025-01-05,WH-B,CR-2,2.47041,1.13478,0.87756,1.48826,0
2025-01-05,WH-B,CR-3,2.47041,1.13478,0.8643,1.48826,0
2025-01-05,WH-B,CR-4,2.47041,1.13478,0.88221,1.48826,0
2025-01-05,WH-C,CR-1,0.91569,1.05175,0.90418,1.48826,0
2025-01-05,WH-C,CR-2,0.91569,1.05175,0.87969,1.48826,0
2025-01-05,WH-C,CR-3,0.91569,1.05175,0.83805,1.48826,0
2025-01-05,WH-C,CR-4,0.91569,1.05175,0.90578,1.48826,0
2025-01-06,WH-A,CR-1,1.67587,1.16654,0.91171,0.60726,0
2025-01-06,WH-A,CR-2,1.67587,1.16654,0.90498,0.60726,0
2025-01-06,WH-A,CR-3,1.67587,1.16654,0.8651,0.60726,0
2025-01-06,WH-A,CR-4,1.67587,1.16654,0.91707,0.60726,0
2025-01-06,WH-B,CR-1,2.68925,1.09245,0.94528,0.60726,0
2025-01-06,WH-B,CR-2,2.68925,1.09245,0.9164,0.60726,0
2025-01-06,WH-B,CR-3,2.68925,1.09245,0.8781,0.60726,0
2025-01-06,WH-B,CR-4,2.68925,1.09245,0.9073,0.60726,0
2025-01-06,WH-C,CR-1,0.31659,1.23631,0.93041,0.60726,0
2025-01-06,WH-C,CR-2,0.31659,1.23631,0.89013,0.60726,0
2025-01-06,WH-C,CR-3,0.31659,1.23631,0.88315,0.60726,0
2025-01-06,WH-C,CR-4,0.31659,1.23631,0.90873,0.60726,0
2025-01-07,WH-A,CR-1,1.28807,1.14124,0.94344,0.53506,0
2025-01-07,WH-A,CR-2,1.28807,1.14124,0.9029,0.53506,0
2025-01-07,WH-A,CR-3,1.28807,1.14124,0.88534,0.53506,0
2025-01-07,WH-A,CR-4,1.28807,1.14124,0.93397,0.53506,0
2025-01-07,WH-B,CR-1,2.46924,0.96306,0.9171,0.53506,0
2025-01-07,WH-B,CR-2,2.46924,0.96306,0.90953,0.53506,0
2025-01-07,WH-B,CR-3,2.46924,0.96306,0.85177,0.53506,0
2025-01-07,WH-B,CR-4,2.46924,0.96306,0.91645,0.53506,0
2025-01-07,WH-C,CR-1,0.81276,1.26757,0.92347,0.53506,0
2025-01-07,WH-C,CR-2,0.81276,1.26757,0.89265,0.53506,0
2025-01-07,WH-C,CR-3,0.81276,1.26757,0.86974,0.53506,0
2025-01-07,WH-C,CR-4,0.81276,1.26757,0.92458,0.53506,0
2025-01-08,WH-A,CR-1,1.14798,1.15961,0.93444,0.6058,0
2025-01-08,WH-A,CR-2,1.14798,1.15961,0.89429,0.6058,0
2025-01-08,WH-A,CR-3,1.14798,1.15961,0.87917,0.6058,0
2025-01-08,WH-A,CR-4,1.14798,1.15961,0.92088,0.6058,0
2025-01-08,WH-B,CR-1,2.60153,1.16553,0.93361,0.6058,0
2025-01-08,WH-B,CR-2,2.60153,1.16553,0.89151,0.6058,0
2025-01-08,WH-B,CR-3,2.60153,1.16553,0.86153,0.6058,0
2025-01-08,WH-B,CR-4,2.60153,1.16553,0.93379,0.6058,0
2025-01-08,WH-C,CR-1,1.24116,1.06816,0.93127,0.6058,0
2025-01-08,WH-C,CR-2,1.24116,1.06816,0.87061,0.6058,0
2025-01-08,WH-C,CR-3,1.24116,1.06816,0.86221,0.6058,0
2025-01-08,WH-C,CR-4,1.24116,1.06816,0.93063,0.6058,0
2025-01-09,WH-A,CR-1,0.2828,1.11862,0.933,0.61436,0
2025-01-09,WH-A,CR-2,0.2828,1.11862,0.90453,0.61436,0
2025-01-09,WH-A,CR-3,0.2828,1.11862,0.88049,0.61436,0
2025-01-09,WH-A,CR-4,0.2828,1.11862,0.91642,0.61436,0
2025-01-09,WH-B,CR-1,2.35536,1.04343,0.92649,0.61436,0
2025-01-09,WH-B,CR-2,2.35536,1.04343,0.8838,0.61436,0
2025-01-09,WH-B,CR-3,2.35536,1.04343,0.84677,0.61436,0
2025-01-09,WH-B,CR-4,2.35536,1.04343,0.90592,0.61436,0
2025-01-09,WH-C,CR-1,1.82714,1.12836,0.93158,0.61436,0
2025-01-09,WH-C,CR-2,1.82714,1.12836,0.89278,0.61436,0
2025-01-09,WH-C,CR-3,1.82714,1.12836,0.84745,0.61436,0
2025-01-09,WH-C,CR-4,1.82714,1.12836,0.93017,0.61436,0
2025-01-10,WH-A,CR-1,0.75896,1.16844,0.92492,0.35333,0
2025-01-10,WH-A,CR-2,0.75896,1.16844,0.88158,0.35333,0
2025-01-10,WH-A,CR-3,0.75896,1.16844,0.86403,0.35333,0
2025-01-10,WH-A,CR-4,0.75896,1.16844,0.91465,0.35333,0
2025-01-10,WH-B,CR-1,1.98466,1.2276,0.91908,0.35333,0
2025-01-10,WH-B,CR-2,1.98466,1.2276,0.90725,0.35333,0
2025-01-10,WH-B,CR-3,1.98466,1.2276,0.87554,0.35333,0
2025-01-10,WH-B,CR-4,1.98466,1.2276,0.93517,0.35333,0
2025-01-10,WH-C,CR-1,1.6353,1.21329,0.93157,0.35333,0
2025-01-10,WH-C,CR-2,1.6353,1.21329,0.90885,0.35333,0
2025-01-10,WH-C,CR-3,1.6353,1.21329,0.8556,0.35333,0
2025-01-10,WH-C,CR-4,1.6353,1.21329,0.89198,0.35333,0
2025-01-11,WH-A,CR-1,1.25591,1.02801,0.94359,0.79373,0
2025-01-11,WH-A,CR-2,1.25591,1.02801,0.89019,0.79373,0
2025-01-11,WH-A,CR-3,1.25591,1.02801,0.87076,0.79373,0
2025-01-11,WH-A,CR-4,1.25591,1.02801,0.92285,0.79373,0
2025-01-11,WH-B,CR-1,2.61775,1.04464,0.91787,0.79373,0
2025-01-11,WH-B,CR-2,2.61775,1.04464,0.87774,0.79373,0
2025-01-11,WH-B,CR-3,2.61775,1.04464,0.88434,0.79373,0
2025-01-11,WH-B,CR-4,2.61775,1.04464,0.92077,0.79373,0
2025-01-11,WH-C,CR-1,1.71768,1.31934,0.92961,0.79373,0
2025-01-11,WH-C,CR-2,1.71768,1.31934,0.88009,0.79373,0
2025-01-11,WH-C,CR-3,1.71768,1.31934,0.86336,0.79373,0
2025-01-11,WH-C,CR-4,1.71768,1.31934,0.90402,0.79373,0
2025-01-12,WH-A,CR-1,1.20894,0.95854,0.94936,0.54177,0
2025-01-12,WH-A,CR-2,1.20894,0.95854,0.90383,0.54177,0
2025-01-12,WH-A,CR-3,1.20894,0.95854,0.86754,0.54177,0
2025-01-12,WH-A,CR-4,1.20894,0.95854,0.92934,0.54177,0
2025-01-12,WH-B,CR-1,2.59447,1.09206,0.93847,0.54177,0
2025-01-12,WH-B,CR-2,2.59447,1.09206,0.90186,0.54177,0
2025-01-12,WH-B,CR-3,2.59447,1.09206,0.87829,0.54177,0
2025-01-12,WH-B,CR-4,2.59447,1.09206,0.92929,0.54177,0
2025-01-12,WH-C,CR-1,1.6715,1.05237,0.94861,0.54177,0
2025-01-12,WH-C,CR-2,1.6715,1.05237,0.89451,0.54177,0
2025-01-12,WH-C,CR-3,1.6715,1.05237,0.87494,0.54177,0
2025-01-12,WH-C,CR-4,1.6715,1.05237,0.92522,0.54177,0
2025-01-13,WH-A,CR-1,1.26191,1.11062,0.91359,0.49491,0
2025-01-13,WH-A,CR-2,1.26191,1.11062,0.89327,0.49491,0
2025-01-13,WH-A,CR-3,1.26191,1.11062,0.87429,0.49491,0
2025-01-13,WH-A,CR-4,1.26191,1.11062,0.93628,0.49491,0
2025-01-13,WH-B,CR-1,2.61039,0.94204,0.93879,0.49491,0
2025-01-13,WH-B,CR-2,2.61039,0.94204,0.89439,0.49491,0
2025-01-13,WH-B,CR-3,2.61039,0.94204,0.87653,0.49491,0
2025-01-13,WH-B,CR-4,2.61039,0.94204,0.92092,0.49491,0
2025-01-13,WH-C,CR-1,1.51898,1.14182,0.93082,0.49491,0
2025-01-13,WH-C,CR-2,1.51898,1.14182,0.91722,0.49491,0
2025-01-13,WH-C,CR-3,1.51898,1.14182,0.87086,0.49491,0
2025-01-13,WH-C,CR-4,1.51898,1.14182,0.93412,0.49491,0
2025-01-14,WH-A,CR-1,0.79676,1.23933,0.91517,1.07421,0
2025-01-14,WH-A,CR-2,0.79676,1.23933,0.89925,1.07421,0
2025-01-14,WH-A,CR-3,0.79676,1.23933,0.84899,1.07421,0
2025-01-14,WH-A,CR-4,0.79676,1.23933,0.89644,1.07421,0
2025-01-14,WH-B,CR-1,3.12032,1.07344,0.93442,1.07421,0
2025-01-14,WH-B,CR-2,3.12032,1.07344,0.89209,1.07421,0
2025-01-14,WH-B,CR-3,3.12032,1.07344,0.85562,1.07421,0
2025-01-14,WH-B,CR-4,3.12032,1.07344,0.91013,1.07421,0
2025-01-14,WH-C,CR-1,1.03379,1.1489,0.90767,1.07421,0
2025-01-14,WH-C,CR-2,1.03379,1.1489,0.88592,1.07421,0
2025-01-14,WH-C,CR-3,1.03379,1.1489,0.87177,1.07421,0
2025-01-14,WH-C,CR-4,1.03379,1.1489,0.91371,1.07421,0
2025-01-15,WH-A,CR-1,1.11912,1.10663,0.9421,0.38135,0
2025-01-15,WH-A,CR-2,1.11912,1.10663,0.90113,0.38135,0
2025-01-15,WH-A,CR-3,1.11912,1.10663,0.85915,0.38135,0
2025-01-15,WH-A,CR-4,1.11912,1.10663,0.94531,0.38135,0
2025-01-15,WH-B,CR-1,2.75587,1.14349,0.92827,0.38135,0
2025-01-15,WH-B,CR-2,2.75587,1.14349,0.9173,0.38135,0
2025-01-15,WH-B,CR-3,2.75587,1.14349,0.86684,0.38135,0
2025-01-15,WH-B,CR-4,2.75587,1.14349,0.9046,0.38135,0
2025-01-15,WH-C,CR-1,0.93813,1.25614,0.94312,0.38135,0
2025-01-15,WH-C,CR-2,0.93813,1.25614,0.90008,0.38135,0
2025-01-15,WH-C,CR-3,0.93813,1.25614,0.88961,0.38135,0
2025-01-15,WH-C,CR-4,0.93813,1.25614,0.93211,0.38135,0
2025-01-16,WH-A,CR-1,1.44826,1.08345,0.92971,0.5745,0
2025-01-16,WH-A,CR-2,1.44826,1.08345,0.90336,0.5745,0
2025-01-16,WH-A,CR-3,1.44826,1.08345,0.84942,0.5745,0
2025-01-16,WH-A,CR-4,1.44826,1.08345,0.91739,0.5745,0
2025-01-16,WH-B,CR-1,2.42082,1.23225,0.90753,0.5745,0
2025-01-16,WH-B,CR-2,2.42082,1.23225,0.89508,0.5745,0
2025-01-16,WH-B,CR-3,2.42082,1.23225,0.86388,0.5745,0
2025-01-16,WH-B,CR-4,2.42082,1.23225,0.93118,0.5745,0
2025-01-16,WH-C,CR-1,1.10012,1.29369,0.93761,0.5745,0
2025-01-16,WH-C,CR-2,1.10012,1.29369,0.89474,0.5745,0
2025-01-16,WH-C,CR-3,1.10012,1.29369,0.87253,0.5745,0
2025-01-16,WH-C,CR-4,1.10012,1.29369,0.91541,0.5745,0
2025-01-17,WH-A,CR-1,1.26051,1.18646,0.9362,1.02836,0
2025-01-17,WH-A,CR-2,1.26051,1.18646,0.86507,1.02836,0
2025-01-17,WH-A,CR-3,1.26051,1.18646,0.87798,1.02836,0
2025-01-17,WH-A,CR-4,1.26051,1.18646,0.90981,1.02836,0
2025-01-17,WH-B,CR-1,1.65161,0.90986,0.90314,1.02836,0
2025-01-17,WH-B,CR-2,1.65161,0.90986,0.89125,1.02836,0
2025-01-17,WH-B,CR-3,1.65161,0.90986,0.8607,1.02836,0
2025-01-17,WH-B,CR-4,1.65161,0.90986,0.91909,1.02836,0
2025-01-17,WH-C,CR-1,1.03019,1.06136,0.91653,1.02836,0
2025-01-17,WH-C,CR-2,1.03019,1.06136,0.89189,1.02836,0
2025-01-17,WH-C,CR-3,1.03019,1.06136,0.86426,1.02836,0
2025-01-17,WH-C,CR-4,1.03019,1.06136,0.90202,1.02836,0
2025-01-18,WH-A,CR-1,1.12421,1.02661,0.93396,1.05206,0
2025-01-18,WH-A,CR-2,1.12421,1.02661,0.88947,1.05206,0
2025-01-18,WH-A,CR-3,1.12421,1.02661,0.85273,1.05206,0
2025-01-18,WH-A,CR-4,1.12421,1.02661,0.92218,1.05206,0
2025-01-18,WH-B,CR-1,2.56279,1.08677,0.93587,1.05206,0
2025-01-18,WH-B,CR-2,2.56279,1.08677,0.9035,1.05206,0
2025-01-18,WH-B,CR-3,2.56279,1.08677,0.8538,1.05206,0
2025-01-18,WH-B,CR-4,2.56279,1.08677,0.91138,1.05206,0
2025-01-18,WH-C,CR-1,0.73001,1.0536,0.91355,1.05206,0
2025-01-18,WH-C,CR-2,0.73001,1.0536,0.88623,1.05206,0
2025-01-18,WH-C,CR-3,0.73001,1.0536,0.85206,1.05206,0
2025-01-18,WH-C,CR-4,0.73001,1.0536,0.90762,1.05206,0
2025-01-19,WH-A,CR-1,0.68933,1.01031,0.90625,0.8619,0
2025-01-19,WH-A,CR-2,0.68933,1.01031,0.89741,0.8619,0
2025-01-19,WH-A,CR-3,0.68933,1.01031,0.87053,0.8619,0
2025-01-19,WH-A,CR-4,0.68933,1.01031,0.91756,0.8619,0
2025-01-19,WH-B,CR-1,2.13134,1.08975,0.91884,0.8619,0
2025-01-19,WH-B,CR-2,2.13134,1.08975,0.88083,0.8619,0
2025-01-19,WH-B,CR-3,2.13134,1.08975,0.87339,0.8619,0
2025-01-19,WH-B,CR-4,2.13134,1.08975,0.9243,0.8619,0
2025-01-19,WH-C,CR-1,1.31774,1.02133,0.93864,0.8619,0
2025-01-19,WH-C,CR-2,1.31774,1.02133,0.88856,0.8619,0
2025-01-19,WH-C,CR-3,1.31774,1.02133,0.87233,0.8619,0
2025-01-19,WH-C,CR-4,1.31774,1.02133,0.90835,0.8619,0
2025-01-20,WH-A,CR-1,0.95534,1.15729,0.92453,0.58605,0
2025-01-20,WH-A,CR-2,0.95534,1.15729,0.92053,0.58605,0
2025-01-20,WH-A,CR-3,0.95534,1.15729,0.8555,0.58605,0
2025-01-20,WH-A,CR-4,0.95534,1.15729,0.91269,0.58605,0
2025-01-20,WH-B,CR-1,1.81161,1.1049,0.94183,0.58605,0
2025-01-20,WH-B,CR-2,1.81161,1.1049,0.91719,0.58605,0
2025-01-20,WH-B,CR-3,1.81161,1.1049,0.86104,0.58605,0
2025-01-20,WH-B,CR-4,1.81161,1.1049,0.91078,0.58605,0
2025-01-20,WH-C,CR-1,0.96448,1.2545,0.9429,0.58605,0
2025-01-20,WH-C,CR-2,0.96448,1.2545,0.89818,0.58605,0
2025-01-20,WH-C,CR-3,0.96448,1.2545,0.8527,0.58605,0
2025-01-20,WH-C,CR-4,0.96448,1.2545,0.90377,0.58605,0
2025-01-21,WH-A,CR-1,0.51258,1.1243,0.9466,0.7124,0
2025-01-21,WH-A,CR-2,0.51258,1.1243,0.89457,0.7124,0
2025-01-21,WH-A,CR-3,0.51258,1.1243,0.88505,0.7124,0
2025-01-21,WH-A,CR-4,0.51258,1.1243,0.92497,0.7124,0
2025-01-21,WH-B,CR-1,1.54281,1.12659,0.92563,0.7124,0
2025-01-21,WH-B,CR-2,1.54281,1.12659,0.88575,0.7124,0
2025-01-21,WH-B,CR-3,1.54281,1.12659,0.85554,0.7124,0
2025-01-21,WH-B,CR-4,1.54281,1.12659,0.93526,0.7124,0
2025-01-21,WH-C,CR-1,0.7996,1.23627,0.92194,0.7124,0
2025-01-21,WH-C,CR-2,0.7996,1.23627,0.89687,0.7124,0
2025-01-21,WH-C,CR-3,0.7996,1.23627,0.87392,0.7124,0
2025-01-21,WH-C,CR-4,0.7996,1.23627,0.90999,0.7124,0
2025-01-22,WH-A,CR-1,1.10364,0.95252,0.92146,0.87855,0
2025-01-22,WH-A,CR-2,1.10364,0.95252,0.90444,0.87855,0
2025-01-22,WH-A,CR-3,1.10364,0.95252,0.87165,0.87855,0
2025-01-22,WH-A,CR-4,1.10364,0.95252,0.89861,0.87855,0
2025-01-22,WH-B,CR-1,1.34001,1.09491,0.92642,0.87855,0
2025-01-22,WH-B,CR-2,1.34001,1.09491,0.8698,0.87855,0
2025-01-22,WH-B,CR-3,1.34001,1.09491,0.86403,0.87855,0
2025-01-22,WH-B,CR-4,1.34001,1.09491,0.91792,0.87855,0
2025-01-22,WH-C,CR-1,0.93724,1.19203,0.92687,0.87855,0
2025-01-22,WH-C,CR-2,0.93724,1.19203,0.88769,0.87855,0
2025-01-22,WH-C,CR-3,0.93724,1.19203,0.84095,0.87855,0
2025-01-22,WH-C,CR-4,0.93724,1.19203,0.91579,0.87855,0
2025-01-23,WH-A,CR-1,1.50342,1.26339,0.93168,0.43671,0
2025-01-23,WH-A,CR-2,1.50342,1.26339,0.90879,0.43671,0
2025-01-23,WH-A,CR-3,1.50342,1.26339,0.85481,0.43671,0
2025-01-23,WH-A,CR-4,1.50342,1.26339,0.92509,0.43671,0
2025-01-23,WH-B,CR-1,1.5984,1.24834,0.92565,0.43671,0
2025-01-23,WH-B,CR-2,1.5984,1.24834,0.89924,0.43671,0
2025-01-23,WH-B,CR-3,1.5984,1.24834,0.88484,0.43671,0
2025-01-23,WH-B,CR-4,1.5984,1.24834,0.92103,0.43671,0
2025-01-23,WH-C,CR-1,0.73947,1.35,0.9192,0.43671,0
2025-01-23,WH-C,CR-2,0.73947,1.35,0.90136,0.43671,0
2025-01-23,WH-C,CR-3,0.73947,1.35,0.8763,0.43671,0
2025-01-23,WH-C,CR-4,0.73947,1.35,0.92535,0.43671,0
2025-01-24,WH-A,CR-1,1.51514,1.06073,0.95508,0.59561,0
2025-01-24,WH-A,CR-2,1.51514,1.06073,0.89664,0.59561,0
2025-01-24,WH-A,CR-3,1.51514,1.06073,0.87644,0.59561,0
2025-01-24,WH-A,CR-4,1.51514,1.06073,0.91526,0.59561,0
2025-01-24,WH-B,CR-1,1.66493,1.11356,0.91068,0.59561,0
2025-01-24,WH-B,CR-2,1.66493,1.11356,0.89735,0.59561,0
2025-01-24,WH-B,CR-3,1.66493,1.11356,0.86439,0.59561,0
2025-01-24,WH-B,CR-4,1.66493,1.11356,0.93334,0.59561,0
2025-01-24,WH-C,CR-1,0.58195,1.10383,0.9185,0.59561,0
2025-01-24,WH-C,CR-2,0.58195,1.10383,0.91659,0.59561,0
2025-01-24,WH-C,CR-3,0.58195,1.10383,0.85885,0.59561,0
2025-01-24,WH-C,CR-4,0.58195,1.10383,0.92603,0.59561,0
2025-01-25,WH-A,CR-1,1.12486,0.96087,0.93066,1.09197,0
2025-01-25,WH-A,CR-2,1.12486,0.96087,0.87522,1.09197,0
2025-01-25,WH-A,CR-3,1.12486,0.96087,0.86505,1.09197,0
2025-01-25,WH-A,CR-4,1.12486,0.96087,0.91172,1.09197,0
2025-01-25,WH-B,CR-1,1.96611,1.10773,0.90914,1.09197,0
2025-01-25,WH-B,CR-2,1.96611,1.10773,0.87864,1.09197,0
2025-01-25,WH-B,CR-3,1.96611,1.10773,0.86892,1.09197,0
2025-01-25,WH-B,CR-4,1.96611,1.10773,0.90279,1.09197,0
2025-01-25,WH-C,CR-1,0.15,1.1219,0.90791,1.09197,0
2025-01-25,WH-C,CR-2,0.15,1.1219,0.89595,1.09197,0
2025-01-25,WH-C,CR-3,0.15,1.1219,0.87706,1.09197,0
2025-01-25,WH-C,CR-4,0.15,1.1219,0.91055,1.09197,0
2025-01-26,WH-A,CR-1,1.91041,0.98503,0.91997,1.10722,0
2025-01-26,WH-A,CR-2,1.91041,0.98503,0.89815,1.10722,0
2025-01-26,WH-A,CR-3,1.91041,0.98503,0.85779,1.10722,0
2025-01-26,WH-A,CR-4,1.91041,0.98503,0.9239,1.10722,0
2025-01-26,WH-B,CR-1,1.88041,1.23555,0.94554,1.10722,0
2025-01-26,WH-B,CR-2,1.88041,1.23555,0.89345,1.10722,0
2025-01-26,WH-B,CR-3,1.88041,1.23555,0.8667,1.10722,0
2025-01-26,WH-B,CR-4,1.88041,1.23555,0.92437,1.10722,0
2025-01-26,WH-C,CR-1,0.15,0.96504,0.93515,1.10722,0
2025-01-26,WH-C,CR-2,0.15,0.96504,0.89336,1.10722,0
2025-01-26,WH-C,CR-3,0.15,0.96504,0.85735,1.10722,0
2025-01-26,WH-C,CR-4,0.15,0.96504,0.9102,1.10722,0
2025-01-27,WH-A,CR-1,2.21542,1.19613,0.93632,0.46818,0
2025-01-27,WH-A,CR-2,2.21542,1.19613,0.8836,0.46818,0
2025-01-27,WH-A,CR-3,2.21542,1.19613,0.87866,0.46818,0
2025-01-27,WH-A,CR-4,2.21542,1.19613,0.92913,0.46818,0
2025-01-27,WH-B,CR-1,2.41348,1.31946,0.91126,0.46818,0
2025-01-27,WH-B,CR-2,2.41348,1.31946,0.89691,0.46818,0
2025-01-27,WH-B,CR-3,2.41348,1.31946,0.86267,0.46818,0
2025-01-27,WH-B,CR-4,2.41348,1.31946,0.92364,0.46818,0
2025-01-27,WH-C,CR-1,0.57402,1.13127,0.9439,0.46818,0
2025-01-27,WH-C,CR-2,0.57402,1.13127,0.88836,0.46818,0
2025-01-27,WH-C,CR-3,0.57402,1.13127,0.85908,0.46818,0
2025-01-27,WH-C,CR-4,0.57402,1.13127,0.90928,0.46818,0
2025-01-28,WH-A,CR-1,2.05014,1.13676,0.92065,0.55042,0
2025-01-28,WH-A,CR-2,2.05014,1.13676,0.91058,0.55042,0
2025-01-28,WH-A,CR-3,2.05014,1.13676,0.86938,0.55042,0
2025-01-28,WH-A,CR-4,2.05014,1.13676,0.93284,0.55042,0
2025-01-28,WH-B,CR-1,2.25761,1.14806,0.92334,0.55042,0
2025-01-28,WH-B,CR-2,2.25761,1.14806,0.90001,0.55042,0
2025-01-28,WH-B,CR-3,2.25761,1.14806,0.87864,0.55042,0
2025-01-28,WH-B,CR-4,2.25761,1.14806,0.91516,0.55042,0
2025-01-28,WH-C,CR-1,1.08167,1.08498,0.9392,0.55042,0
2025-01-28,WH-C,CR-2,1.08167,1.08498,0.89313,0.55042,0
2025-01-28,WH-C,CR-3,1.08167,1.08498,0.88031,0.55042,0
2025-01-28,WH-C,CR-4,1.08167,1.08498,0.92082,0.55042,0
2025-01-29,WH-A,CR-1,1.4768,1.03938,0.94059,0.38178,0
2025-01-29,WH-A,CR-2,1.4768,1.03938,0.90308,0.38178,0
2025-01-29,WH-A,CR-3,1.4768,1.03938,0.86737,0.38178,0
2025-01-29,WH-A,CR-4,1.4768,1.03938,0.91848,0.38178,0
2025-01-29,WH-B,CR-1,2.01724,1.28203,0.9243,0.38178,0
2025-01-29,WH-B,CR-2,2.01724,1.28203,0.88726,0.38178,0
2025-01-29,WH-B,CR-3,2.01724,1.28203,0.88268,0.38178,0
2025-01-29,WH-B,CR-4,2.01724,1.28203,0.92054,0.38178,0
2025-01-29,WH-C,CR-1,1.94548,1.1079,0.94328,0.38178,0
2025-01-29,WH-C,CR-2,1.94548,1.1079,0.91611,0.38178,0
2025-01-29,WH-C,CR-3,1.94548,1.1079,0.86687,0.38178,0
2025-01-29,WH-C,CR-4,1.94548,1.1079,0.91421,0.38178,0
2025-01-30,WH-A,CR-1,1.09672,1.05973,0.8922,0.96469,0
2025-01-30,WH-A,CR-2,1.09672,1.05973,0.89978,0.96469,0
2025-01-30,WH-A,CR-3,1.09672,1.05973,0.85949,0.96469,0
2025-01-30,WH-A,CR-4,1.09672,1.05973,0.91069,0.96469,0
2025-01-30,WH-B,CR-1,1.47971,1.06215,0.9169,0.96469,0
2025-01-30,WH-B,CR-2,1.47971,1.06215,0.88457,0.96469,0
2025-01-30,WH-B,CR-3,1.47971,1.06215,0.86405,0.96469,0
2025-01-30,WH-B,CR-4,1.47971,1.06215,0.91964,0.96469,0
2025-01-30,WH-C,CR-1,2.58944,1.1484,0.93602,0.96469,0
2025-01-30,WH-C,CR-2,2.58944,1.1484,0.88268,0.96469,0
2025-01-30,WH-C,CR-3,2.58944,1.1484,0.84254,0.96469,0
2025-01-30,WH-C,CR-4,2.58944,1.1484,0.90841,0.96469,0
2025-01-31,WH-A,CR-1,1.0719,0.99366,0.9541,0.37377,0
2025-01-31,WH-A,CR-2,1.0719,0.99366,0.89682,0.37377,0
2025-01-31,WH-A,CR-3,1.0719,0.99366,0.85362,0.37377,0
2025-01-31,WH-A,CR-4,1.0719,0.99366,0.93405,0.37377,0
2025-01-31,WH-B,CR-1,1.46899,1.23721,0.92447,0.37377,0
2025-01-31,WH-B,CR-2,1.46899,1.23721,0.89678,0.37377,0
2025-01-31,WH-B,CR-3,1.46899,1.23721,0.87741,0.37377,0
2025-01-31,WH-B,CR-4,1.46899,1.23721,0.93039,0.37377,0
2025-01-31,WH-C,CR-1,2.4843,1.14282,0.93962,0.37377,0
2025-01-31,WH-C,CR-2,2.4843,1.14282,0.91222,0.37377,0
2025-01-31,WH-C,CR-3,2.4843,1.14282,0.87568,0.37377,0
2025-01-31,WH-C,CR-4,2.4843,1.14282,0.92156,0.37377,0
2025-02-01,WH-A,CR-1,1.34534,1.03691,0.94842,0.38407,0
2025-02-01,WH-A,CR-2,1.34534,1.03691,0.88595,0.38407,0
2025-02-01,WH-A,CR-3,1.34534,1.03691,0.89282,0.38407,0
2025-02-01,WH-A,CR-4,1.34534,1.03691,0.92282,0.38407,0
2025-02-01,WH-B,CR-1,1.82982,1.0384,0.91308,0.38407,0
2025-02-01,WH-B,CR-2,1.82982,1.0384,0.90141,0.38407,0
2025-02-01,WH-B,CR-3,1.82982,1.0384,0.8771,0.38407,0
2025-02-01,WH-B,CR-4,1.82982,1.0384,0.9312,0.38407,0
2025-02-01,WH-C,CR-1,2.07933,0.8946,0.91459,0.38407,0
2025-02-01,WH-C,CR-2,2.07933,0.8946,0.92771,0.38407,0
2025-02-01,WH-C,CR-3,2.07933,0.8946,0.85998,0.38407,0
2025-02-01,WH-C,CR-4,2.07933,0.8946,0.94021,0.38407,0
2025-02-02,WH-A,CR-1,1.72879,1.00438,0.9512,0.43942,0
2025-02-02,WH-A,CR-2,1.72879,1.00438,0.903,0.43942,0
2025-02-02,WH-A,CR-3,1.72879,1.00438,0.87762,0.43942,0
2025-02-02,WH-A,CR-4,1.72879,1.00438,0.91888,0.43942,0
2025-02-02,WH-B,CR-1,2.18543,1.1963,0.93051,0.43942,0
2025-02-02,WH-B,CR-2,2.18543,1.1963,0.92285,0.43942,0
2025-02-02,WH-B,CR-3,2.18543,1.1963,0.86475,0.43942,0
2025-02-02,WH-B,CR-4,2.18543,1.1963,0.93126,0.43942,0
2025-02-02,WH-C,CR-1,2.05824,0.98451,0.93466,0.43942,0
2025-02-02,WH-C,CR-2,2.05824,0.98451,0.90218,0.43942,0
2025-02-02,WH-C,CR-3,2.05824,0.98451,0.86185,0.43942,0
2025-02-02,WH-C,CR-4,2.05824,0.98451,0.92639,0.43942,0
2025-02-03,WH-A,CR-1,1.73682,1.1428,0.92292,0.70354,0
2025-02-03,WH-A,CR-2,1.73682,1.1428,0.89901,0.70354,0
2025-02-03,WH-A,CR-3,1.73682,1.1428,0.85961,0.70354,0
2025-02-03,WH-A,CR-4,1.73682,1.1428,0.94922,0.70354,0
2025-02-03,WH-B,CR-1,1.69437,1.10322,0.92127,0.70354,0
2025-02-03,WH-B,CR-2,1.69437,1.10322,0.92182,0.70354,0
2025-02-03,WH-B,CR-3,1.69437,1.10322,0.85149,0.70354,0
2025-02-03,WH-B,CR-4,1.69437,1.10322,0.92245,0.70354,0
2025-02-03,WH-C,CR-1,1.96191,1.17669,0.94217,0.70354,0
2025-02-03,WH-C,CR-2,1.96191,1.17669,0.91193,0.70354,0
2025-02-03,WH-C,CR-3,1.96191,1.17669,0.86192,0.70354,0
2025-02-03,WH-C,CR-4,1.96191,1.17669,0.91966,0.70354,0
2025-02-04,WH-A,CR-1,1.48975,1.13509,0.91327,0.36115,0
2025-02-04,WH-A,CR-2,1.48975,1.13509,0.90836,0.36115,0
2025-02-04,WH-A,CR-3,1.48975,1.13509,0.85314,0.36115,0
2025-02-04,WH-A,CR-4,1.48975,1.13509,0.92528,0.36115,0
2025-02-04,WH-B,CR-1,1.44078,1.08203,0.94736,0.36115,0
2025-02-04,WH-B,CR-2,1.44078,1.08203,0.91055,0.36115,0
2025-02-04,WH-B,CR-3,1.44078,1.08203,0.88729,0.36115,0
2025-02-04,WH-B,CR-4,1.44078,1.08203,0.94222,0.36115,0
2025-02-04,WH-C,CR-1,1.54346,1.26992,0.91591,0.36115,0
2025-02-04,WH-C,CR-2,1.54346,1.26992,0.91245,0.36115,0
2025-02-04,WH-C,CR-3,1.54346,1.26992,0.86758,0.36115,0
2025-02-04,WH-C,CR-4,1.54346,1.26992,0.91234,0.36115,0
2025-02-05,WH-A,CR-1,1.92898,1.16719,0.92537,0.90083,0
2025-02-05,WH-A,CR-2,1.92898,1.16719,0.90011,0.90083,0
2025-02-05,WH-A,CR-3,1.92898,1.16719,0.86743,0.90083,0
2025-02-05,WH-A,CR-4,1.92898,1.16719,0.92028,0.90083,0
2025-02-05,WH-B,CR-1,1.77821,1.21742,0.90426,0.90083,0
2025-02-05,WH-B,CR-2,1.77821,1.21742,0.89221,0.90083,0
2025-02-05,WH-B,CR-3,1.77821,1.21742,0.84718,0.90083,0
2025-02-05,WH-B,CR-4,1.77821,1.21742,0.91711,0.90083,0
2025-02-05,WH-C,CR-1,2.11823,1.11207,0.92531,0.90083,0
2025-02-05,WH-C,CR-2,2.11823,1.11207,0.90286,0.90083,0
2025-02-05,WH-C,CR-3,2.11823,1.11207,0.83897,0.90083,0
2025-02-05,WH-C,CR-4,2.11823,1.11207,0.90752,0.90083,0
2025-02-06,WH-A,CR-1,1.55382,1.23807,0.93785,0.78828,0
2025-02-06,WH-A,CR-2,1.55382,1.23807,0.9003,0.78828,0
2025-02-06,WH-A,CR-3,1.55382,1.23807,0.8764,0.78828,0
2025-02-06,WH-A,CR-4,1.55382,1.23807,0.91839,0.78828,0
2025-02-06,WH-B,CR-1,2.12209,1.12475,0.9272,0.78828,0
2025-02-06,WH-B,CR-2,2.12209,1.12475,0.88822,0.78828,0
2025-02-06,WH-B,CR-3,2.12209,1.12475,0.88097,0.78828,0
2025-02-06,WH-B,CR-4,2.12209,1.12475,0.93407,0.78828,0
2025-02-06,WH-C,CR-1,2.40168,1.11735,0.91437,0.78828,0
2025-02-06,WH-C,CR-2,2.40168,1.11735,0.91113,0.78828,0
2025-02-06,WH-C,CR-3,2.40168,1.11735,0.87234,0.78828,0
2025-02-06,WH-C,CR-4,2.40168,1.11735,0.91975,0.78828,0
2025-02-07,WH-A,CR-1,1.27355,1.20072,0.94772,0.49017,0
2025-02-07,WH-A,CR-2,1.27355,1.20072,0.92075,0.49017,0
2025-02-07,WH-A,CR-3,1.27355,1.20072,0.87968,0.49017,0
2025-02-07,WH-A,CR-4,1.27355,1.20072,0.90459,0.49017,0
2025-02-07,WH-B,CR-1,2.22184,1.32117,0.92075,0.49017,0
2025-02-07,WH-B,CR-2,2.22184,1.32117,0.90047,0.49017,0
2025-02-07,WH-B,CR-3,2.22184,1.32117,0.88814,0.49017,0
2025-02-07,WH-B,CR-4,2.22184,1.32117,0.92858,0.49017,0
2025-02-07,WH-C,CR-1,2.97256,1.09137,0.9193,0.49017,0
2025-02-07,WH-C,CR-2,2.97256,1.09137,0.91587,0.49017,0
2025-02-07,WH-C,CR-3,2.97256,1.09137,0.85683,0.49017,0
2025-02-07,WH-C,CR-4,2.97256,1.09137,0.91882,0.49017,0
2025-02-08,WH-A,CR-1,1.68774,1.10657,0.92379,0.63244,0
2025-02-08,WH-A,CR-2,1.68774,1.10657,0.9132,0.63244,0
2025-02-08,WH-A,CR-3,1.68774,1.10657,0.91693,0.63244,0
2025-02-08,WH-A,CR-4,1.68774,1.10657,0.92691,0.63244,0
2025-02-08,WH-B,CR-1,2.25402,0.96617,0.92097,0.63244,0
2025-02-08,WH-B,CR-2,2.25402,0.96617,0.89605,0.63244,0
2025-02-08,WH-B,CR-3,2.25402,0.96617,0.8622,0.63244,0
2025-02-08,WH-B,CR-4,2.25402,0.96617,0.91842,0.63244,0
2025-02-08,WH-C,CR-1,3.09941,1.16977,0.92671,0.63244,0
2025-02-08,WH-C,CR-2,3.09941,1.16977,0.88412,0.63244,0
2025-02-08,WH-C,CR-3,3.09941,1.16977,0.88466,0.63244,0
2025-02-08,WH-C,CR-4,3.09941,1.16977,0.91803,0.63244,0
2025-02-09,WH-A,CR-1,2.10247,0.87593,0.9235,0.36688,0
2025-02-09,WH-A,CR-2,2.10247,0.87593,0.90207,0.36688,0
2025-02-09,WH-A,CR-3,2.10247,0.87593,0.88221,0.36688,0
2025-02-09,WH-A,CR-4,2.10247,0.87593,0.91721,0.36688,0
2025-02-09,WH-B,CR-1,1.95031,1.12817,0.92778,0.36688,0
2025-02-09,WH-B,CR-2,1.95031,1.12817,0.9099,0.36688,0
2025-02-09,WH-B,CR-3,1.95031,1.12817,0.86006,0.36688,0
2025-02-09,WH-B,CR-4,1.95031,1.12817,0.90717,0.36688,0
2025-02-09,WH-C,CR-1,2.82541,1.0902,0.94447,0.36688,0
2025-02-09,WH-C,CR-2,2.82541,1.0902,0.897,0.36688,0
2025-02-09,WH-C,CR-3,2.82541,1.0902,0.86385,0.36688,0
2025-02-09,WH-C,CR-4,2.82541,1.0902,0.93972,0.36688,0
2025-02-10,WH-A,CR-1,2.47671,1.21881,0.92493,0.37852,0
2025-02-10,WH-A,CR-2,2.47671,1.21881,0.89339,0.37852,0
2025-02-10,WH-A,CR-3,2.47671,1.21881,0.87067,0.37852,0
2025-02-10,WH-A,CR-4,2.47671,1.21881,0.90765,0.37852,0
2025-02-10,WH-B,CR-1,1.70904,1.20158,0.94098,0.37852,0
2025-02-10,WH-B,CR-2,1.70904,1.20158,0.89059,0.37852,0
2025-02-10,WH-B,CR-3,1.70904,1.20158,0.8813,0.37852,0
2025-02-10,WH-B,CR-4,1.70904,1.20158,0.92864,0.37852,0
2025-02-10,WH-C,CR-1,2.9129,1.19553,0.94589,0.37852,0
2025-02-10,WH-C,CR-2,2.9129,1.19553,0.90891,0.37852,0
2025-02-10,WH-C,CR-3,2.9129,1.19553,0.88495,0.37852,0
2025-02-10,WH-C,CR-4,2.9129,1.19553,0.90774,0.37852,0
2025-02-11,WH-A,CR-1,2.17394,1.18551,0.93654,0.61537,0
2025-02-11,WH-A,CR-2,2.17394,1.18551,0.90363,0.61537,0
2025-02-11,WH-A,CR-3,2.17394,1.18551,0.8668,0.61537,0
2025-02-11,WH-A,CR-4,2.17394,1.18551,0.91009,0.61537,0
2025-02-11,WH-B,CR-1,2.27428,1.17798,0.9167,0.61537,0
2025-02-11,WH-B,CR-2,2.27428,1.17798,0.8966,0.61537,0
2025-02-11,WH-B,CR-3,2.27428,1.17798,0.848,0.61537,0
2025-02-11,WH-B,CR-4,2.27428,1.17798,0.91935,0.61537,0
2025-02-11,WH-C,CR-1,2.37335,1.10404,0.94794,0.61537,0
2025-02-11,WH-C,CR-2,2.37335,1.10404,0.88505,0.61537,0
2025-02-11,WH-C,CR-3,2.37335,1.10404,0.8774,0.61537,0
2025-02-11,WH-C,CR-4,2.37335,1.10404,0.94516,0.61537,0
2025-02-12,WH-A,CR-1,1.66697,1.04104,0.91423,1.15714,0
2025-02-12,WH-A,CR-2,1.66697,1.04104,0.88093,1.15714,0
2025-02-12,WH-A,CR-3,1.66697,1.04104,0.85054,1.15714,0
2025-02-12,WH-A,CR-4,1.66697,1.04104,0.90526,1.15714,0
2025-02-12,WH-B,CR-1,2.22333,1.18882,0.90432,1.15714,0
2025-02-12,WH-B,CR-2,2.22333,1.18882,0.88098,1.15714,0
2025-02-12,WH-B,CR-3,2.22333,1.18882,0.85726,1.15714,0
2025-02-12,WH-B,CR-4,2.22333,1.18882,0.90683,1.15714,0
2025-02-12,WH-C,CR-1,2.73626,1.16858,0.89981,1.15714,0
2025-02-12,WH-C,CR-2,2.73626,1.16858,0.89419,1.15714,0
2025-02-12,WH-C,CR-3,2.73626,1.16858,0.86572,1.15714,0
2025-02-12,WH-C,CR-4,2.73626,1.16858,0.90767,1.15714,0
2025-02-13,WH-A,CR-1,1.36132,1.20286,0.93511,0.40487,0
2025-02-13,WH-A,CR-2,1.36132,1.20286,0.90992,0.40487,0
2025-02-13,WH-A,CR-3,1.36132,1.20286,0.89319,0.40487,0
2025-02-13,WH-A,CR-4,1.36132,1.20286,0.92945,0.40487,0
2025-02-13,WH-B,CR-1,2.03188,1.23848,0.92514,0.40487,0
2025-02-13,WH-B,CR-2,2.03188,1.23848,0.90468,0.40487,0
2025-02-13,WH-B,CR-3,2.03188,1.23848,0.8572,0.40487,0
2025-02-13,WH-B,CR-4,2.03188,1.23848,0.91031,0.40487,0
2025-02-13,WH-C,CR-1,2.3488,1.17945,0.91228,0.40487,0
2025-02-13,WH-C,CR-2,2.3488,1.17945,0.90868,0.40487,0
2025-02-13,WH-C,CR-3,2.3488,1.17945,0.86288,0.40487,0
2025-02-13,WH-C,CR-4,2.3488,1.17945,0.93807,0.40487,0
2025-02-14,WH-A,CR-1,1.56504,1.0767,0.94528,0.5525,0
2025-02-14,WH-A,CR-2,1.56504,1.0767,0.90006,0.5525,0
2025-02-14,WH-A,CR-3,1.56504,1.0767,0.86823,0.5525,0
2025-02-14,WH-A,CR-4,1.56504,1.0767,0.92716,0.5525,0
2025-02-14,WH-B,CR-1,1.75264,1.04687,0.93496,0.5525,0
2025-02-14,WH-B,CR-2,1.75264,1.04687,0.88686,0.5525,0
2025-02-14,WH-B,CR-3,1.75264,1.04687,0.85685,0.5525,0
2025-02-14,WH-B,CR-4,1.75264,1.04687,0.9301,0.5525,0
2025-02-14,WH-C,CR-1,2.26414,1.04969,0.92263,0.5525,0
2025-02-14,WH-C,CR-2,2.26414,1.04969,0.88921,0.5525,0
2025-02-14,WH-C,CR-3,2.26414,1.04969,0.89137,0.5525,0
2025-02-14,WH-C,CR-4,2.26414,1.04969,0.93093,0.5525,0
2025-02-15,WH-A,CR-1,1.19763,1.01619,0.93161,0.53583,0
2025-02-15,WH-A,CR-2,1.19763,1.01619,0.90578,0.53583,0
2025-02-15,WH-A,CR-3,1.19763,1.01619,0.86919,0.53583,0
2025-02-15,WH-A,CR-4,1.19763,1.01619,0.92333,0.53583,0
2025-02-15,WH-B,CR-1,1.95165,1.05691,0.9268,0.53583,0
2025-02-15,WH-B,CR-2,1.95165,1.05691,0.89524,0.53583,0
2025-02-15,WH-B,CR-3,1.95165,1.05691,0.87314,0.53583,0
2025-02-15,WH-B,CR-4,1.95165,1.05691,0.92528,0.53583,0
2025-02-15,WH-C,CR-1,2.09614,0.97571,0.91837,0.53583,0
2025-02-15,WH-C,CR-2,2.09614,0.97571,0.90514,0.53583,0
2025-02-15,WH-C,CR-3,2.09614,0.97571,0.88802,0.53583,0
2025-02-15,WH-C,CR-4,2.09614,0.97571,0.92218,0.53583,0
2025-02-16,WH-A,CR-1,1.03694,1.17472,0.93256,0.538,0
2025-02-16,WH-A,CR-2,1.03694,1.17472,0.89228,0.538,0
2025-02-16,WH-A,CR-3,1.03694,1.17472,0.86831,0.538,0
2025-02-16,WH-A,CR-4,1.03694,1.17472,0.91399,0.538,0
2025-02-16,WH-B,CR-1,2.51402,1.05382,0.93218,0.538,0
2025-02-16,WH-B,CR-2,2.51402,1.05382,0.9072,0.538,0
2025-02-16,WH-B,CR-3,2.51402,1.05382,0.86143,0.538,0
2025-02-16,WH-B,CR-4,2.51402,1.05382,0.92264,0.538,0
2025-02-16,WH-C,CR-1,2.01491,0.94567,0.93335,0.538,0
2025-02-16,WH-C,CR-2,2.01491,0.94567,0.89977,0.538,0
2025-02-16,WH-C,CR-3,2.01491,0.94567,0.87188,0.538,0
2025-02-16,WH-C,CR-4,2.01491,0.94567,0.92074,0.538,0
2025-02-17,WH-A,CR-1,0.91887,1.12263,0.93457,0.74586,0
2025-02-17,WH-A,CR-2,0.91887,1.12263,0.90235,0.74586,0
2025-02-17,WH-A,CR-3,0.91887,1.12263,0.87209,0.74586,0
2025-02-17,WH-A,CR-4,0.91887,1.12263,0.94962,0.74586,0
2025-02-17,WH-B,CR-1,2.63675,1.24048,0.92289,0.74586,0
2025-02-17,WH-B,CR-2,2.63675,1.24048,0.88466,0.74586,0
2025-02-17,WH-B,CR-3,2.63675,1.24048,0.8628,0.74586,0
2025-02-17,WH-B,CR-4,2.63675,1.24048,0.92512,0.74586,0
2025-02-17,WH-C,CR-1,2.00977,1.18226,0.924,0.74586,0
2025-02-17,WH-C,CR-2,2.00977,1.18226,0.89209,0.74586,0
2025-02-17,WH-C,CR-3,2.00977,1.18226,0.86442,0.74586,0
2025-02-17,WH-C,CR-4,2.00977,1.18226,0.92527,0.74586,0
2025-02-18,WH-A,CR-1,1.52308,1.09794,0.9273,1.01801,0
2025-02-18,WH-A,CR-2,1.52308,1.09794,0.88937,1.01801,0
2025-02-18,WH-A,CR-3,1.52308,1.09794,0.88047,1.01801,0
2025-02-18,WH-A,CR-4,1.52308,1.09794,0.90666,1.01801,0
2025-02-18,WH-B,CR-1,2.5654,1.19853,0.91119,1.01801,0
2025-02-18,WH-B,CR-2,2.5654,1.19853,0.8908,1.01801,0
2025-02-18,WH-B,CR-3,2.5654,1.19853,0.85848,1.01801,0
2025-02-18,WH-B,CR-4,2.5654,1.19853,0.90551,1.01801,0
2025-02-18,WH-C,CR-1,1.71144,1.23896,0.91449,1.01801,0
2025-02-18,WH-C,CR-2,1.71144,1.23896,0.89847,1.01801,0
2025-02-18,WH-C,CR-3,1.71144,1.23896,0.86545,1.01801,0
2025-02-18,WH-C,CR-4,1.71144,1.23896,0.89491,1.01801,0
2025-02-19,WH-A,CR-1,1.8701,1.10942,0.92469,0.85589,0
2025-02-19,WH-A,CR-2,1.8701,1.10942,0.87906,0.85589,0
2025-02-19,WH-A,CR-3,1.8701,1.10942,0.86606,0.85589,0
2025-02-19,WH-A,CR-4,1.8701,1.10942,0.92572,0.85589,0
2025-02-19,WH-B,CR-1,2.17534,1.10143,0.93005,0.85589,0
2025-02-19,WH-B,CR-2,2.17534,1.10143,0.90035,0.85589,0
2025-02-19,WH-B,CR-3,2.17534,1.10143,0.83538,0.85589,0
2025-02-19,WH-B,CR-4,2.17534,1.10143,0.93878,0.85589,0
2025-02-19,WH-C,CR-1,1.8577,1.20575,0.92287,0.85589,0
2025-02-19,WH-C,CR-2,1.8577,1.20575,0.87233,0.85589,0
2025-02-19,WH-C,CR-3,1.8577,1.20575,0.87269,0.85589,0
2025-02-19,WH-C,CR-4,1.8577,1.20575,0.90781,0.85589,0
2025-02-20,WH-A,CR-1,1.96039,1.088,0.93476,0.86732,0
2025-02-20,WH-A,CR-2,1.96039,1.088,0.88013,0.86732,0
2025-02-20,WH-A,CR-3,1.96039,1.088,0.89134,0.86732,0
2025-02-20,WH-A,CR-4,1.96039,1.088,0.94124,0.86732,0
2025-02-20,WH-B,CR-1,2.77693,1.25204,0.92337,0.86732,0
2025-02-20,WH-B,CR-2,2.77693,1.25204,0.90839,0.86732,0
2025-02-20,WH-B,CR-3,2.77693,1.25204,0.86323,0.86732,0
2025-02-20,WH-B,CR-4,2.77693,1.25204,0.89575,0.86732,0
2025-02-20,WH-C,CR-1,2.29514,1.24031,0.92401,0.86732,0
2025-02-20,WH-C,CR-2,2.29514,1.24031,0.87969,0.86732,0
2025-02-20,WH-C,CR-3,2.29514,1.24031,0.85735,0.86732,0
2025-02-20,WH-C,CR-4,2.29514,1.24031,0.89253,0.86732,0
2025-02-21,WH-A,CR-1,2.03739,1.0825,0.90349,1.07723,0
2025-02-21,WH-A,CR-2,2.03739,1.0825,0.89347,1.07723,0
2025-02-21,WH-A,CR-3,2.03739,1.0825,0.8566,1.07723,0
2025-02-21,WH-A,CR-4,2.03739,1.0825,0.92067,1.07723,0
2025-02-21,WH-B,CR-1,2.15408,1.08941,0.89196,1.07723,0
2025-02-21,WH-B,CR-2,2.15408,1.08941,0.8644,1.07723,0
2025-02-21,WH-B,CR-3,2.15408,1.08941,0.88219,1.07723,0
2025-02-21,WH-B,CR-4,2.15408,1.08941,0.93561,1.07723,0
2025-02-21,WH-C,CR-1,2.08703,1.08409,0.91703,1.07723,0
2025-02-21,WH-C,CR-2,2.08703,1.08409,0.90109,1.07723,0
2025-02-21,WH-C,CR-3,2.08703,1.08409,0.85444,1.07723,0
2025-02-21,WH-C,CR-4,2.08703,1.08409,0.91346,1.07723,0
2025-02-22,WH-A,CR-1,1.80407,1.09347,0.91659,0.6492,0
2025-02-22,WH-A,CR-2,1.80407,1.09347,0.90374,0.6492,0
2025-02-22,WH-A,CR-3,1.80407,1.09347,0.86266,0.6492,0
2025-02-22,WH-A,CR-4,1.80407,1.09347,0.91984,0.6492,0
2025-02-22,WH-B,CR-1,2.67848,1.05654,0.93935,0.6492,0
2025-02-22,WH-B,CR-2,2.67848,1.05654,0.87681,0.6492,0
2025-02-22,WH-B,CR-3,2.67848,1.05654,0.86267,0.6492,0
2025-02-22,WH-B,CR-4,2.67848,1.05654,0.91865,0.6492,0
2025-02-22,WH-C,CR-1,2.59368,0.9132,0.92716,0.6492,0
2025-02-22,WH-C,CR-2,2.59368,0.9132,0.91579,0.6492,0
2025-02-22,WH-C,CR-3,2.59368,0.9132,0.85889,0.6492,0
2025-02-22,WH-C,CR-4,2.59368,0.9132,0.91576,0.6492,0
2025-02-23,WH-A,CR-1,2.38578,1.10588,0.94199,0.77477,0
2025-02-23,WH-A,CR-2,2.38578,1.10588,0.89173,0.77477,0
2025-02-23,WH-A,CR-3,2.38578,1.10588,0.85717,0.77477,0
2025-02-23,WH-A,CR-4,2.38578,1.10588,0.91335,0.77477,0
2025-02-23,WH-B,CR-1,2.13044,1.10868,0.92142,0.77477,0
2025-02-23,WH-B,CR-2,2.13044,1.10868,0.88799,0.77477,0
2025-02-23,WH-B,CR-3,2.13044,1.10868,0.87204,0.77477,0
2025-02-23,WH-B,CR-4,2.13044,1.10868,0.90233,0.77477,0
2025-02-23,WH-C,CR-1,2.52068,1.03173,0.93996,0.77477,0
2025-02-23,WH-C,CR-2,2.52068,1.03173,0.89134,0.77477,0
2025-02-23,WH-C,CR-3,2.52068,1.03173,0.87364,0.77477,0
2025-02-23,WH-C,CR-4,2.52068,1.03173,0.91821,0.77477,0
2025-02-24,WH-A,CR-1,1.63482,1.2307,0.92156,0.96601,0
2025-02-24,WH-A,CR-2,1.63482,1.2307,0.90209,0.96601,0
2025-02-24,WH-A,CR-3,1.63482,1.2307,0.87089,0.96601,0
2025-02-24,WH-A,CR-4,1.63482,1.2307,0.90333,0.96601,0
2025-02-24,WH-B,CR-1,1.86086,1.20243,0.91897,0.96601,0
2025-02-24,WH-B,CR-2,1.86086,1.20243,0.90385,0.96601,0
2025-02-24,WH-B,CR-3,1.86086,1.20243,0.86047,0.96601,0
2025-02-24,WH-B,CR-4,1.86086,1.20243,0.92489,0.96601,0
2025-02-24,WH-C,CR-1,2.35285,1.17304,0.91812,0.96601,0
2025-02-24,WH-C,CR-2,2.35285,1.17304,0.8954,0.96601,0
2025-02-24,WH-C,CR-3,2.35285,1.17304,0.87693,0.96601,0
2025-02-24,WH-C,CR-4,2.35285,1.17304,0.91196,0.96601,0
2025-02-25,WH-A,CR-1,1.77362,1.28787,0.93892,0.86141,0
2025-02-25,WH-A,CR-2,1.77362,1.28787,0.89545,0.86141,0
2025-02-25,WH-A,CR-3,1.77362,1.28787,0.86707,0.86141,0
2025-02-25,WH-A,CR-4,1.77362,1.28787,0.90607,0.86141,0
2025-02-25,WH-B,CR-1,1.94639,1.17475,0.9347,0.86141,0
2025-02-25,WH-B,CR-2,1.94639,1.17475,0.90349,0.86141,0
2025-02-25,WH-B,CR-3,1.94639,1.17475,0.85118,0.86141,0
2025-02-25,WH-B,CR-4,1.94639,1.17475,0.92622,0.86141,0
2025-02-25,WH-C,CR-1,2.06566,1.07104,0.94053,0.86141,0
2025-02-25,WH-C,CR-2,2.06566,1.07104,0.91205,0.86141,0
2025-02-25,WH-C,CR-3,2.06566,1.07104,0.86766,0.86141,0
2025-02-25,WH-C,CR-4,2.06566,1.07104,0.923,0.86141,0
2025-02-26,WH-A,CR-1,2.07614,1.04378,0.94651,0.9784,0
2025-02-26,WH-A,CR-2,2.07614,1.04378,0.90518,0.9784,0
2025-02-26,WH-A,CR-3,2.07614,1.04378,0.85627,0.9784,0
2025-02-26,WH-A,CR-4,2.07614,1.04378,0.90003,0.9784,0
2025-02-26,WH-B,CR-1,2.2403,1.12774,0.92635,0.9784,0
2025-02-26,WH-B,CR-2,2.2403,1.12774,0.90131,0.9784,0
2025-02-26,WH-B,CR-3,2.2403,1.12774,0.85559,0.9784,0
2025-02-26,WH-B,CR-4,2.2403,1.12774,0.899,0.9784,0
2025-02-26,WH-C,CR-1,2.04618,1.10733,0.92414,0.9784,0
2025-02-26,WH-C,CR-2,2.04618,1.10733,0.87627,0.9784,0
2025-02-26,WH-C,CR-3,2.04618,1.10733,0.85936,0.9784,0
2025-02-26,WH-C,CR-4,2.04618,1.10733,0.92097,0.9784,0
2025-02-27,WH-A,CR-1,1.61013,1.15126,0.93059,0.8967,0
2025-02-27,WH-A,CR-2,1.61013,1.15126,0.89872,0.8967,0
2025-02-27,WH-A,CR-3,1.61013,1.15126,0.85771,0.8967,0
2025-02-27,WH-A,CR-4,1.61013,1.15126,0.91743,0.8967,0
2025-02-27,WH-B,CR-1,2.78155,1.16641,0.90426,0.8967,0
2025-02-27,WH-B,CR-2,2.78155,1.16641,0.8963,0.8967,0
2025-02-27,WH-B,CR-3,2.78155,1.16641,0.88839,0.8967,0
2025-02-27,WH-B,CR-4,2.78155,1.16641,0.89841,0.8967,0
2025-02-27,WH-C,CR-1,1.90995,1.13189,0.92501,0.8967,0
2025-02-27,WH-C,CR-2,1.90995,1.13189,0.89619,0.8967,0
2025-02-27,WH-C,CR-3,1.90995,1.13189,0.87754,0.8967,0
2025-02-27,WH-C,CR-4,1.90995,1.13189,0.91488,0.8967,0
2025-02-28,WH-A,CR-1,1.5946,1.09647,0.895,1.28885,0
2025-02-28,WH-A,CR-2,1.5946,1.09647,0.89011,1.28885,0
2025-02-28,WH-A,CR-3,1.5946,1.09647,0.88145,1.28885,0
2025-02-28,WH-A,CR-4,1.5946,1.09647,0.9123,1.28885,0
2025-02-28,WH-B,CR-1,2.84893,1.11696,0.91387,1.28885,0
2025-02-28,WH-B,CR-2,2.84893,1.11696,0.89862,1.28885,0
2025-02-28,WH-B,CR-3,2.84893,1.11696,0.88091,1.28885,0
2025-02-28,WH-B,CR-4,2.84893,1.11696,0.92466,1.28885,0
2025-02-28,WH-C,CR-1,2.09386,1.15281,0.91932,1.28885,0
2025-02-28,WH-C,CR-2,2.09386,1.15281,0.87776,1.28885,0
2025-02-28,WH-C,CR-3,2.09386,1.15281,0.83942,1.28885,0
2025-02-28,WH-C,CR-4,2.09386,1.15281,0.89328,1.28885,0
2025-03-01,WH-A,CR-1,1.19375,1.06701,0.93042,0.31985,0
2025-03-01,WH-A,CR-2,1.19375,1.06701,0.89017,0.31985,0
2025-03-01,WH-A,CR-3,1.19375,1.06701,0.8698,0.31985,0
2025-03-01,WH-A,CR-4,1.19375,1.06701,0.92039,0.31985,0
2025-03-01,WH-B,CR-1,2.43755,1.14413,0.91141,0.31985,0
2025-03-01,WH-B,CR-2,2.43755,1.14413,0.88041,0.31985,0
2025-03-01,WH-B,CR-3,2.43755,1.14413,0.87428,0.31985,0
2025-03-01,WH-B,CR-4,2.43755,1.14413,0.9254,0.31985,0
2025-03-01,WH-C,CR-1,2.07406,1.02688,0.92323,0.31985,0
2025-03-01,WH-C,CR-2,2.07406,1.02688,0.90415,0.31985,0
2025-03-01,WH-C,CR-3,2.07406,1.02688,0.86894,0.31985,0
2025-03-01,WH-C,CR-4,2.07406,1.02688,0.94286,0.31985,0
2025-03-02,WH-A,CR-1,2.31489,1.05442,0.9429,0.20948,0
2025-03-02,WH-A,CR-2,2.31489,1.05442,0.91399,0.20948,0
2025-03-02,WH-A,CR-3,2.31489,1.05442,0.88501,0.20948,0
2025-03-02,WH-A,CR-4,2.31489,1.05442,0.9297,0.20948,0
2025-03-02,WH-B,CR-1,2.4548,1.07803,0.92932,0.20948,0
2025-03-02,WH-B,CR-2,2.4548,1.07803,0.91014,0.20948,0
2025-03-02,WH-B,CR-3,2.4548,1.07803,0.90057,0.20948,0
2025-03-02,WH-B,CR-4,2.4548,1.07803,0.94076,0.20948,0
2025-03-02,WH-C,CR-1,2.02706,1.13847,0.9258,0.20948,0
2025-03-02,WH-C,CR-2,2.02706,1.13847,0.9031,0.20948,0
2025-03-02,WH-C,CR-3,2.02706,1.13847,0.8876,0.20948,0
2025-03-02,WH-C,CR-4,2.02706,1.13847,0.94408,0.20948,0
2025-03-03,WH-A,CR-1,2.94166,1.1577,0.95981,0.11511,0
2025-03-03,WH-A,CR-2,2.94166,1.1577,0.91041,0.11511,0
2025-03-03,WH-A,CR-3,2.94166,1.1577,0.88088,0.11511,0
2025-03-03,WH-A,CR-4,2.94166,1.1577,0.92426,0.11511,0
2025-03-03,WH-B,CR-1,2.72901,1.25862,0.92551,0.11511,0
2025-03-03,WH-B,CR-2,2.72901,1.25862,0.9037,0.11511,0
2025-03-03,WH-B,CR-3,2.72901,1.25862,0.88891,0.11511,0
2025-03-03,WH-B,CR-4,2.72901,1.25862,0.92637,0.11511,0
2025-03-03,WH-C,CR-1,1.7184,1.23076,0.95117,0.11511,0
2025-03-03,WH-C,CR-2,1.7184,1.23076,0.90253,0.11511,0
2025-03-03,WH-C,CR-3,1.7184,1.23076,0.88048,0.11511,0
2025-03-03,WH-C,CR-4,1.7184,1.23076,0.91343,0.11511,0
2025-03-04,WH-A,CR-1,2.59749,1.07265,0.9297,0.09511,0
2025-03-04,WH-A,CR-2,2.59749,1.07265,0.89551,0.09511,0
2025-03-04,WH-A,CR-3,2.59749,1.07265,0.88375,0.09511,0
2025-03-04,WH-A,CR-4,2.59749,1.07265,0.90468,0.09511,0
2025-03-04,WH-B,CR-1,2.22423,1.00096,0.94332,0.09511,0
2025-03-04,WH-B,CR-2,2.22423,1.00096,0.88666,0.09511,0
2025-03-04,WH-B,CR-3,2.22423,1.00096,0.87867,0.09511,0
2025-03-04,WH-B,CR-4,2.22423,1.00096,0.94796,0.09511,0
2025-03-04,WH-C,CR-1,2.27708,1.00553,0.94187,0.09511,0
2025-03-04,WH-C,CR-2,2.27708,1.00553,0.89642,0.09511,0
2025-03-04,WH-C,CR-3,2.27708,1.00553,0.86397,0.09511,0
2025-03-04,WH-C,CR-4,2.27708,1.00553,0.92693,0.09511,0
2025-03-05,WH-A,CR-1,2.11338,1.2064,0.89678,0.90537,0
2025-03-05,WH-A,CR-2,2.11338,1.2064,0.88467,0.90537,0
2025-03-05,WH-A,CR-3,2.11338,1.2064,0.85382,0.90537,0
2025-03-05,WH-A,CR-4,2.11338,1.2064,0.91464,0.90537,0
2025-03-05,WH-B,CR-1,2.18007,1.13868,0.92161,0.90537,0
2025-03-05,WH-B,CR-2,2.18007,1.13868,0.89397,0.90537,0
2025-03-05,WH-B,CR-3,2.18007,1.13868,0.87018,0.90537,0
2025-03-05,WH-B,CR-4,2.18007,1.13868,0.9155,0.90537,0
2025-03-05,WH-C,CR-1,1.95589,1.18214,0.93362,0.90537,0
2025-03-05,WH-C,CR-2,1.95589,1.18214,0.88703,0.90537,0
2025-03-05,WH-C,CR-3,1.95589,1.18214,0.86299,0.90537,0
2025-03-05,WH-C,CR-4,1.95589,1.18214,0.92765,0.90537,0
2025-03-06,WH-A,CR-1,1.58116,1.12237,0.92739,0.06722,0
2025-03-06,WH-A,CR-2,1.58116,1.12237,0.93505,0.06722,0
2025-03-06,WH-A,CR-3,1.58116,1.12237,0.87275,0.06722,0
2025-03-06,WH-A,CR-4,1.58116,1.12237,0.92278,0.06722,0
2025-03-06,WH-B,CR-1,2.09345,1.15765,0.93485,0.06722,0
2025-03-06,WH-B,CR-2,2.09345,1.15765,0.9072,0.06722,0
2025-03-06,WH-B,CR-3,2.09345,1.15765,0.83644,0.06722,0
2025-03-06,WH-B,CR-4,2.09345,1.15765,0.92948,0.06722,0
2025-03-06,WH-C,CR-1,1.85373,1.23309,0.9545,0.06722,0
2025-03-06,WH-C,CR-2,1.85373,1.23309,0.90654,0.06722,0
2025-03-06,WH-C,CR-3,1.85373,1.23309,0.88858,0.06722,0
2025-03-06,WH-C,CR-4,1.85373,1.23309,0.91557,0.06722,0
2025-03-07,WH-A,CR-1,1.29011,1.13515,0.9455,0.62834,0
2025-03-07,WH-A,CR-2,1.29011,1.13515,0.90086,0.62834,0
2025-03-07,WH-A,CR-3,1.29011,1.13515,0.88665,0.62834,0
2025-03-07,WH-A,CR-4,1.29011,1.13515,0.90971,0.62834,0
2025-03-07,WH-B,CR-1,2.53449,1.09783,0.93139,0.62834,0
2025-03-07,WH-B,CR-2,2.53449,1.09783,0.90129,0.62834,0
2025-03-07,WH-B,CR-3,2.53449,1.09783,0.87663,0.62834,0
2025-03-07,WH-B,CR-4,2.53449,1.09783,0.9217,0.62834,0
2025-03-07,WH-C,CR-1,1.52321,1.22042,0.94947,0.62834,0
2025-03-07,WH-C,CR-2,1.52321,1.22042,0.89168,0.62834,0
2025-03-07,WH-C,CR-3,1.52321,1.22042,0.84667,0.62834,0
2025-03-07,WH-C,CR-4,1.52321,1.22042,0.92468,0.62834,0
2025-03-08,WH-A,CR-1,1.71104,1.03349,0.93303,0.20771,0
2025-03-08,WH-A,CR-2,1.71104,1.03349,0.90506,0.20771,0
2025-03-08,WH-A,CR-3,1.71104,1.03349,0.8939,0.20771,0
2025-03-08,WH-A,CR-4,1.71104,1.03349,0.92662,0.20771,0
2025-03-08,WH-B,CR-1,2.02274,0.97433,0.93793,0.20771,0
2025-03-08,WH-B,CR-2,2.02274,0.97433,0.89271,0.20771,0
2025-03-08,WH-B,CR-3,2.02274,0.97433,0.85751,0.20771,0
2025-03-08,WH-B,CR-4,2.02274,0.97433,0.93389,0.20771,0
2025-03-08,WH-C,CR-1,1.80747,1.04055,0.93979,0.20771,0
2025-03-08,WH-C,CR-2,1.80747,1.04055,0.90852,0.20771,0
2025-03-08,WH-C,CR-3,1.80747,1.04055,0.88349,0.20771,0
2025-03-08,WH-C,CR-4,1.80747,1.04055,0.93352,0.20771,0
2025-03-09,WH-A,CR-1,1.80342,1.13006,0.93188,0.50531,0
2025-03-09,WH-A,CR-2,1.80342,1.13006,0.919,0.50531,0
2025-03-09,WH-A,CR-3,1.80342,1.13006,0.88443,0.50531,0
2025-03-09,WH-A,CR-4,1.80342,1.13006,0.91948,0.50531,0
2025-03-09,WH-B,CR-1,2.05404,0.84197,0.92699,0.50531,0
2025-03-09,WH-B,CR-2,2.05404,0.84197,0.88467,0.50531,0
2025-03-09,WH-B,CR-3,2.05404,0.84197,0.87356,0.50531,0
2025-03-09,WH-B,CR-4,2.05404,0.84197,0.92274,0.50531,0
2025-03-09,WH-C,CR-1,1.99698,1.18173,0.93059,0.50531,0
2025-03-09,WH-C,CR-2,1.99698,1.18173,0.92827,0.50531,0
2025-03-09,WH-C,CR-3,1.99698,1.18173,0.87369,0.50531,0
2025-03-09,WH-C,CR-4,1.99698,1.18173,0.90518,0.50531,0
2025-03-10,WH-A,CR-1,2.05878,1.07422,0.93364,0.15458,0
2025-03-10,WH-A,CR-2,2.05878,1.07422,0.90529,0.15458,0
2025-03-10,WH-A,CR-3,2.05878,1.07422,0.87184,0.15458,0
2025-03-10,WH-A,CR-4,2.05878,1.07422,0.93695,0.15458,0
2025-03-10,WH-B,CR-1,2.3689,1.24333,0.93325,0.15458,0
2025-03-10,WH-B,CR-2,2.3689,1.24333,0.92165,0.15458,0
2025-03-10,WH-B,CR-3,2.3689,1.24333,0.86085,0.15458,0
2025-03-10,WH-B,CR-4,2.3689,1.24333,0.91056,0.15458,0
2025-03-10,WH-C,CR-1,1.45252,1.15074,0.95165,0.15458,0
2025-03-10,WH-C,CR-2,1.45252,1.15074,0.89999,0.15458,0
2025-03-10,WH-C,CR-3,1.45252,1.15074,0.8715,0.15458,0
2025-03-10,WH-C,CR-4,1.45252,1.15074,0.92463,0.15458,0
2025-03-11,WH-A,CR-1,1.83154,1.04237,0.92358,0.53088,0
2025-03-11,WH-A,CR-2,1.83154,1.04237,0.91457,0.53088,0
2025-03-11,WH-A,CR-3,1.83154,1.04237,0.87154,0.53088,0
2025-03-11,WH-A,CR-4,1.83154,1.04237,0.91157,0.53088,0
2025-03-11,WH-B,CR-1,2.78246,1.10318,0.94748,0.53088,0
2025-03-11,WH-B,CR-2,2.78246,1.10318,0.91729,0.53088,0
2025-03-11,WH-B,CR-3,2.78246,1.10318,0.87112,0.53088,0
2025-03-11,WH-B,CR-4,2.78246,1.10318,0.90246,0.53088,0
2025-03-11,WH-C,CR-1,2.32549,1.18098,0.92656,0.53088,0
2025-03-11,WH-C,CR-2,2.32549,1.18098,0.91192,0.53088,0
2025-03-11,WH-C,CR-3,2.32549,1.18098,0.87887,0.53088,0
2025-03-11,WH-C,CR-4,2.32549,1.18098,0.93618,0.53088,0
2025-03-12,WH-A,CR-1,1.45615,1.20331,0.9373,0.13466,0
2025-03-12,WH-A,CR-2,1.45615,1.20331,0.91095,0.13466,0
2025-03-12,WH-A,CR-3,1.45615,1.20331,0.87582,0.13466,0
2025-03-12,WH-A,CR-4,1.45615,1.20331,0.92456,0.13466,0
2025-03-12,WH-B,CR-1,2.31542,1.21323,0.95545,0.13466,0
2025-03-12,WH-B,CR-2,2.31542,1.21323,0.9009,0.13466,0
2025-03-12,WH-B,CR-3,2.31542,1.21323,0.88422,0.13466,0
2025-03-12,WH-B,CR-4,2.31542,1.21323,0.93276,0.13466,0
2025-03-12,WH-C,CR-1,2.0951,1.02787,0.92196,0.13466,0
2025-03-12,WH-C,CR-2,2.0951,1.02787,0.8982,0.13466,0
2025-03-12,WH-C,CR-3,2.0951,1.02787,0.85191,0.13466,0
2025-03-12,WH-C,CR-4,2.0951,1.02787,0.94447,0.13466,0
2025-03-13,WH-A,CR-1,0.86126,1.00409,0.93206,0.43961,0
2025-03-13,WH-A,CR-2,0.86126,1.00409,0.92573,0.43961,0
2025-03-13,WH-A,CR-3,0.86126,1.00409,0.8637,0.43961,0
2025-03-13,WH-A,CR-4,0.86126,1.00409,0.93245,0.43961,0
2025-03-13,WH-B,CR-1,2.14841,1.15442,0.94666,0.43961,0
2025-03-13,WH-B,CR-2,2.14841,1.15442,0.89794,0.43961,0
2025-03-13,WH-B,CR-3,2.14841,1.15442,0.86381,0.43961,0
2025-03-13,WH-B,CR-4,2.14841,1.15442,0.9391,0.43961,0
2025-03-13,WH-C,CR-1,1.95911,1.2373,0.92386,0.43961,0
2025-03-13,WH-C,CR-2,1.95911,1.2373,0.91897,0.43961,0
2025-03-13,WH-C,CR-3,1.95911,1.2373,0.87537,0.43961,0
2025-03-13,WH-C,CR-4,1.95911,1.2373,0.9273,0.43961,0
2025-03-14,WH-A,CR-1,1.24119,1.11459,0.94525,0.34828,0
2025-03-14,WH-A,CR-2,1.24119,1.11459,0.90129,0.34828,0
2025-03-14,WH-A,CR-3,1.24119,1.11459,0.85577,0.34828,0
2025-03-14,WH-A,CR-4,1.24119,1.11459,0.90358,0.34828,0
2025-03-14,WH-B,CR-1,1.60408,1.19944,0.91991,0.34828,0
2025-03-14,WH-B,CR-2,1.60408,1.19944,0.90733,0.34828,0
2025-03-14,WH-B,CR-3,1.60408,1.19944,0.87537,0.34828,0
2025-03-14,WH-B,CR-4,1.60408,1.19944,0.92295,0.34828,0
2025-03-14,WH-C,CR-1,2.00883,1.16266,0.90121,0.34828,0
2025-03-14,WH-C,CR-2,2.00883,1.16266,0.89985,0.34828,0
2025-03-14,WH-C,CR-3,2.00883,1.16266,0.87883,0.34828,0
2025-03-14,WH-C,CR-4,2.00883,1.16266,0.94341,0.34828,0
2025-03-15,WH-A,CR-1,2.02128,1.15103,0.94055,0.20306,0
2025-03-15,WH-A,CR-2,2.02128,1.15103,0.90834,0.20306,0
2025-03-15,WH-A,CR-3,2.02128,1.15103,0.89291,0.20306,0
2025-03-15,WH-A,CR-4,2.02128,1.15103,0.94088,0.20306,0
2025-03-15,WH-B,CR-1,2.26051,1.10653,0.93215,0.20306,0
2025-03-15,WH-B,CR-2,2.26051,1.10653,0.91555,0.20306,0
2025-03-15,WH-B,CR-3,2.26051,1.10653,0.88614,0.20306,0
2025-03-15,WH-B,CR-4,2.26051,1.10653,0.92406,0.20306,0
2025-03-15,WH-C,CR-1,1.76535,1.16067,0.95631,0.20306,0
2025-03-15,WH-C,CR-2,1.76535,1.16067,0.89735,0.20306,0
2025-03-15,WH-C,CR-3,1.76535,1.16067,0.87318,0.20306,0
2025-03-15,WH-C,CR-4,1.76535,1.16067,0.93056,0.20306,0
2025-03-16,WH-A,CR-1,2.65617,1.10377,0.93754,0.49111,0
2025-03-16,WH-A,CR-2,2.65617,1.10377,0.92227,0.49111,0
2025-03-16,WH-A,CR-3,2.65617,1.10377,0.86577,0.49111,0
2025-03-16,WH-A,CR-4,2.65617,1.10377,0.9201,0.49111,0
2025-03-16,WH-B,CR-1,1.84377,1.05621,0.91329,0.49111,0
2025-03-16,WH-B,CR-2,1.84377,1.05621,0.91013,0.49111,0
2025-03-16,WH-B,CR-3,1.84377,1.05621,0.8762,0.49111,0
2025-03-16,WH-B,CR-4,1.84377,1.05621,0.91784,0.49111,0
2025-03-16,WH-C,CR-1,1.69543,1.13092,0.91753,0.49111,0
2025-03-16,WH-C,CR-2,1.69543,1.13092,0.90361,0.49111,0
2025-03-16,WH-C,CR-3,1.69543,1.13092,0.87955,0.49111,0
2025-03-16,WH-C,CR-4,1.69543,1.13092,0.89977,0.49111,0
2025-03-17,WH-A,CR-1,2.36897,1.05693,0.94663,0.58572,0
2025-03-17,WH-A,CR-2,2.36897,1.05693,0.88557,0.58572,0
2025-03-17,WH-A,CR-3,2.36897,1.05693,0.84965,0.58572,0
2025-03-17,WH-A,CR-4,2.36897,1.05693,0.92106,0.58572,0
2025-03-17,WH-B,CR-1,1.86727,1.02963,0.93577,0.58572,0
2025-03-17,WH-B,CR-2,1.86727,1.02963,0.87556,0.58572,0
2025-03-17,WH-B,CR-3,1.86727,1.02963,0.85702,0.58572,0
2025-03-17,WH-B,CR-4,1.86727,1.02963,0.91255,0.58572,0
2025-03-17,WH-C,CR-1,1.96643,1.25364,0.94269,0.58572,0
2025-03-17,WH-C,CR-2,1.96643,1.25364,0.89762,0.58572,0
2025-03-17,WH-C,CR-3,1.96643,1.25364,0.84033,0.58572,0
2025-03-17,WH-C,CR-4,1.96643,1.25364,0.92415,0.58572,0
2025-03-18,WH-A,CR-1,2.38597,1.05484,0.91427,1.07908,0
2025-03-18,WH-A,CR-2,2.38597,1.05484,0.91378,1.07908,0
2025-03-18,WH-A,CR-3,2.38597,1.05484,0.84358,1.07908,0
2025-03-18,WH-A,CR-4,2.38597,1.05484,0.8968,1.07908,0
2025-03-18,WH-B,CR-1,2.35773,1.11551,0.9064,1.07908,0
2025-03-18,WH-B,CR-2,2.35773,1.11551,0.90891,1.07908,0
2025-03-18,WH-B,CR-3,2.35773,1.11551,0.86611,1.07908,0
2025-03-18,WH-B,CR-4,2.35773,1.11551,0.90599,1.07908,0
2025-03-18,WH-C,CR-1,1.46126,1.31379,0.92028,1.07908,0
2025-03-18,WH-C,CR-2,1.46126,1.31379,0.90734,1.07908,0
2025-03-18,WH-C,CR-3,1.46126,1.31379,0.8713,1.07908,0
2025-03-18,WH-C,CR-4,1.46126,1.31379,0.90433,1.07908,0
2025-03-19,WH-A,CR-1,2.74732,0.99985,0.94363,0.16502,0
2025-03-19,WH-A,CR-2,2.74732,0.99985,0.90558,0.16502,0
2025-03-19,WH-A,CR-3,2.74732,0.99985,0.86463,0.16502,0
2025-03-19,WH-A,CR-4,2.74732,0.99985,0.93017,0.16502,0
2025-03-19,WH-B,CR-1,1.87473,1.11268,0.92745,0.16502,0
2025-03-19,WH-B,CR-2,1.87473,1.11268,0.90103,0.16502,0
2025-03-19,WH-B,CR-3,1.87473,1.11268,0.87617,0.16502,0
2025-03-19,WH-B,CR-4,1.87473,1.11268,0.91484,0.16502,0
2025-03-19,WH-C,CR-1,2.085,1.18946,0.95856,0.16502,0
2025-03-19,WH-C,CR-2,2.085,1.18946,0.90511,0.16502,0
2025-03-19,WH-C,CR-3,2.085,1.18946,0.87044,0.16502,0
2025-03-19,WH-C,CR-4,2.085,1.18946,0.94813,0.16502,0
2025-03-20,WH-A,CR-1,2.72276,1.05098,0.94581,0.15128,0
2025-03-20,WH-A,CR-2,2.72276,1.05098,0.91428,0.15128,0
2025-03-20,WH-A,CR-3,2.72276,1.05098,0.89251,0.15128,0
2025-03-20,WH-A,CR-4,2.72276,1.05098,0.93796,0.15128,0
2025-03-20,WH-B,CR-1,2.48855,1.14117,0.92692,0.15128,0
2025-03-20,WH-B,CR-2,2.48855,1.14117,0.9326,0.15128,0
2025-03-20,WH-B,CR-3,2.48855,1.14117,0.85896,0.15128,0
2025-03-20,WH-B,CR-4,2.48855,1.14117,0.91016,0.15128,0
2025-03-20,WH-C,CR-1,2.13803,1.28,0.93955,0.15128,0
2025-03-20,WH-C,CR-2,2.13803,1.28,0.91927,0.15128,0
2025-03-20,WH-C,CR-3,2.13803,1.28,0.85333,0.15128,0
2025-03-20,WH-C,CR-4,2.13803,1.28,0.92128,0.15128,0
2025-03-21,WH-A,CR-1,2.63508,1.23495,0.93761,0.02691,0
2025-03-21,WH-A,CR-2,2.63508,1.23495,0.91636,0.02691,0
2025-03-21,WH-A,CR-3,2.63508,1.23495,0.88597,0.02691,0
2025-03-21,WH-A,CR-4,2.63508,1.23495,0.92693,0.02691,0
2025-03-21,WH-B,CR-1,2.04979,1.19519,0.94687,0.02691,0
2025-03-21,WH-B,CR-2,2.04979,1.19519,0.92024,0.02691,0
2025-03-21,WH-B,CR-3,2.04979,1.19519,0.88326,0.02691,0
2025-03-21,WH-B,CR-4,2.04979,1.19519,0.91549,0.02691,0
2025-03-21,WH-C,CR-1,2.21671,1.14989,0.93372,0.02691,0
2025-03-21,WH-C,CR-2,2.21671,1.14989,0.90598,0.02691,0
2025-03-21,WH-C,CR-3,2.21671,1.14989,0.87123,0.02691,0
2025-03-21,WH-C,CR-4,2.21671,1.14989,0.94018,0.02691,0
2025-03-22,WH-A,CR-1,2.28347,1.1991,0.952,0.03618,0
2025-03-22,WH-A,CR-2,2.28347,1.1991,0.88966,0.03618,0
2025-03-22,WH-A,CR-3,2.28347,1.1991,0.89556,0.03618,0
2025-03-22,WH-A,CR-4,2.28347,1.1991,0.94554,0.03618,0
2025-03-22,WH-B,CR-1,1.73719,0.86828,0.93848,0.03618,0
2025-03-22,WH-B,CR-2,1.73719,0.86828,0.92282,0.03618,0
2025-03-22,WH-B,CR-3,1.73719,0.86828,0.89844,0.03618,0
2025-03-22,WH-B,CR-4,1.73719,0.86828,0.9189,0.03618,0
2025-03-22,WH-C,CR-1,2.63979,0.89177,0.93493,0.03618,0
2025-03-22,WH-C,CR-2,2.63979,0.89177,0.90434,0.03618,0
2025-03-22,WH-C,CR-3,2.63979,0.89177,0.89318,0.03618,0
2025-03-22,WH-C,CR-4,2.63979,0.89177,0.94493,0.03618,0
2025-03-23,WH-A,CR-1,2.47223,1.11072,0.90676,0.73258,0
2025-03-23,WH-A,CR-2,2.47223,1.11072,0.87201,0.73258,0
2025-03-23,WH-A,CR-3,2.47223,1.11072,0.87927,0.73258,0
2025-03-23,WH-A,CR-4,2.47223,1.11072,0.91465,0.73258,0
2025-03-23,WH-B,CR-1,1.49542,1.05335,0.93118,0.73258,0
2025-03-23,WH-B,CR-2,1.49542,1.05335,0.89582,0.73258,0
2025-03-23,WH-B,CR-3,1.49542,1.05335,0.84819,0.73258,0
2025-03-23,WH-B,CR-4,1.49542,1.05335,0.93944,0.73258,0
2025-03-23,WH-C,CR-1,2.6534,1.04317,0.92327,0.73258,0
2025-03-23,WH-C,CR-2,2.6534,1.04317,0.90113,0.73258,0
2025-03-23,WH-C,CR-3,2.6534,1.04317,0.85326,0.73258,0
2025-03-23,WH-C,CR-4,2.6534,1.04317,0.92069,0.73258,0
2025-03-24,WH-A,CR-1,1.8843,1.06055,0.95897,0.04352,0
2025-03-24,WH-A,CR-2,1.8843,1.06055,0.90993,0.04352,0
2025-03-24,WH-A,CR-3,1.8843,1.06055,0.88171,0.04352,0
2025-03-24,WH-A,CR-4,1.8843,1.06055,0.90508,0.04352,0
2025-03-24,WH-B,CR-1,1.57943,1.1869,0.94155,0.04352,0
2025-03-24,WH-B,CR-2,1.57943,1.1869,0.88337,0.04352,0
2025-03-24,WH-B,CR-3,1.57943,1.1869,0.8817,0.04352,0
2025-03-24,WH-B,CR-4,1.57943,1.1869,0.93362,0.04352,0
2025-03-24,WH-C,CR-1,2.76038,1.09758,0.91231,0.04352,0
2025-03-24,WH-C,CR-2,2.76038,1.09758,0.89726,0.04352,0
2025-03-24,WH-C,CR-3,2.76038,1.09758,0.86605,0.04352,0
2025-03-24,WH-C,CR-4,2.76038,1.09758,0.93806,0.04352,0
2025-03-25,WH-A,CR-1,2.22512,1.01866,0.90196,1.04543,0
2025-03-25,WH-A,CR-2,2.22512,1.01866,0.90843,1.04543,0
2025-03-25,WH-A,CR-3,2.22512,1.01866,0.8624,1.04543,0
2025-03-25,WH-A,CR-4,2.22512,1.01866,0.91242,1.04543,0
2025-03-25,WH-B,CR-1,1.45188,1.15806,0.90743,1.04543,0
2025-03-25,WH-B,CR-2,1.45188,1.15806,0.90542,1.04543,0
2025-03-25,WH-B,CR-3,1.45188,1.15806,0.89392,1.04543,0
2025-03-25,WH-B,CR-4,1.45188,1.15806,0.91699,1.04543,0
2025-03-25,WH-C,CR-1,2.15863,0.94731,0.90097,1.04543,0
2025-03-25,WH-C,CR-2,2.15863,0.94731,0.90984,1.04543,0
2025-03-25,WH-C,CR-3,2.15863,0.94731,0.84883,1.04543,0
2025-03-25,WH-C,CR-4,2.15863,0.94731,0.90673,1.04543,0
2025-03-26,WH-A,CR-1,2.06331,1.11763,0.93058,0.57088,0
2025-03-26,WH-A,CR-2,2.06331,1.11763,0.89219,0.57088,0
2025-03-26,WH-A,CR-3,2.06331,1.11763,0.86284,0.57088,0
2025-03-26,WH-A,CR-4,2.06331,1.11763,0.92467,0.57088,0
2025-03-26,WH-B,CR-1,1.82541,1.32053,0.93499,0.57088,0
2025-03-26,WH-B,CR-2,1.82541,1.32053,0.91354,0.57088,0
2025-03-26,WH-B,CR-3,1.82541,1.32053,0.85687,0.57088,0
2025-03-26,WH-B,CR-4,1.82541,1.32053,0.92603,0.57088,0
2025-03-26,WH-C,CR-1,1.7369,1.18164,0.93799,0.57088,0
2025-03-26,WH-C,CR-2,1.7369,1.18164,0.90032,0.57088,0
2025-03-26,WH-C,CR-3,1.7369,1.18164,0.89861,0.57088,0
2025-03-26,WH-C,CR-4,1.7369,1.18164,0.93686,0.57088,0
2025-03-27,WH-A,CR-1,2.64536,1.03504,0.94076,0.87133,0
2025-03-27,WH-A,CR-2,2.64536,1.03504,0.88242,0.87133,0
2025-03-27,WH-A,CR-3,2.64536,1.03504,0.85754,0.87133,0
2025-03-27,WH-A,CR-4,2.64536,1.03504,0.92105,0.87133,0
2025-03-27,WH-B,CR-1,2.43518,1.05771,0.91817,0.87133,0
2025-03-27,WH-B,CR-2,2.43518,1.05771,0.89549,0.87133,0
2025-03-27,WH-B,CR-3,2.43518,1.05771,0.86208,0.87133,0
2025-03-27,WH-B,CR-4,2.43518,1.05771,0.92456,0.87133,0
2025-03-27,WH-C,CR-1,2.91859,1.18355,0.91549,0.87133,0
2025-03-27,WH-C,CR-2,2.91859,1.18355,0.87876,0.87133,0
2025-03-27,WH-C,CR-3,2.91859,1.18355,0.86041,0.87133,0
2025-03-27,WH-C,CR-4,2.91859,1.18355,0.90303,0.87133,0
2025-03-28,WH-A,CR-1,2.24456,1.3088,0.92249,0.4826,0
2025-03-28,WH-A,CR-2,2.24456,1.3088,0.89988,0.4826,0
2025-03-28,WH-A,CR-3,2.24456,1.3088,0.87898,0.4826,0
2025-03-28,WH-A,CR-4,2.24456,1.3088,0.93202,0.4826,0
2025-03-28,WH-B,CR-1,2.84721,1.18428,0.94392,0.4826,0
2025-03-28,WH-B,CR-2,2.84721,1.18428,0.89333,0.4826,0
2025-03-28,WH-B,CR-3,2.84721,1.18428,0.88233,0.4826,0
2025-03-28,WH-B,CR-4,2.84721,1.18428,0.93217,0.4826,0
2025-03-28,WH-C,CR-1,3.01378,1.01653,0.92043,0.4826,0
2025-03-28,WH-C,CR-2,3.01378,1.01653,0.91119,0.4826,0
2025-03-28,WH-C,CR-3,3.01378,1.01653,0.8395,0.4826,0
2025-03-28,WH-C,CR-4,3.01378,1.01653,0.92722,0.4826,0
2025-03-29,WH-A,CR-1,1.99572,0.98407,0.91941,0.79627,0
2025-03-29,WH-A,CR-2,1.99572,0.98407,0.88976,0.79627,0
2025-03-29,WH-A,CR-3,1.99572,0.98407,0.85747,0.79627,0
2025-03-29,WH-A,CR-4,1.99572,0.98407,0.90682,0.79627,0
2025-03-29,WH-B,CR-1,2.57315,1.04735,0.94816,0.79627,0
2025-03-29,WH-B,CR-2,2.57315,1.04735,0.89094,0.79627,0
2025-03-29,WH-B,CR-3,2.57315,1.04735,0.8698,0.79627,0
2025-03-29,WH-B,CR-4,2.57315,1.04735,0.90874,0.79627,0
2025-03-29,WH-C,CR-1,2.33992,0.93365,0.90681,0.79627,0
2025-03-29,WH-C,CR-2,2.33992,0.93365,0.88118,0.79627,0
2025-03-29,WH-C,CR-3,2.33992,0.93365,0.86787,0.79627,0
2025-03-29,WH-C,CR-4,2.33992,0.93365,0.92858,0.79627,0
2025-03-30,WH-A,CR-1,2.36115,1.03425,0.9387,0.04037,0
2025-03-30,WH-A,CR-2,2.36115,1.03425,0.92674,0.04037,0
2025-03-30,WH-A,CR-3,2.36115,1.03425,0.88477,0.04037,0
2025-03-30,WH-A,CR-4,2.36115,1.03425,0.92015,0.04037,0
2025-03-30,WH-B,CR-1,2.54558,1.0038,0.94432,0.04037,0
2025-03-30,WH-B,CR-2,2.54558,1.0038,0.91546,0.04037,0
2025-03-30,WH-B,CR-3,2.54558,1.0038,0.86287,0.04037,0
2025-03-30,WH-B,CR-4,2.54558,1.0038,0.93138,0.04037,0
2025-03-30,WH-C,CR-1,2.06721,1.11357,0.94925,0.04037,0
2025-03-30,WH-C,CR-2,2.06721,1.11357,0.915,0.04037,0
2025-03-30,WH-C,CR-3,2.06721,1.11357,0.87563,0.04037,0
2025-03-30,WH-C,CR-4,2.06721,1.11357,0.94047,0.04037,0
2025-03-31,WH-A,CR-1,1.10387,1.14439,0.92837,0.09852,0
2025-03-31,WH-A,CR-2,1.10387,1.14439,0.913,0.09852,0
2025-03-31,WH-A,CR-3,1.10387,1.14439,0.85457,0.09852,0
2025-03-31,WH-A,CR-4,1.10387,1.14439,0.92046,0.09852,0
2025-03-31,WH-B,CR-1,2.63669,1.06761,0.94314,0.09852,0
2025-03-31,WH-B,CR-2,2.63669,1.06761,0.90154,0.09852,0
2025-03-31,WH-B,CR-3,2.63669,1.06761,0.87783,0.09852,0
2025-03-31,WH-B,CR-4,2.63669,1.06761,0.93537,0.09852,0
2025-03-31,WH-C,CR-1,2.26464,1.1574,0.92846,0.09852,0
2025-03-31,WH-C,CR-2,2.26464,1.1574,0.90273,0.09852,0
2025-03-31,WH-C,CR-3,2.26464,1.1574,0.88587,0.09852,0
2025-03-31,WH-C,CR-4,2.26464,1.1574,0.91597,0.09852,0
2025-04-01,WH-A,CR-1,1.36883,1.06926,0.9133,0.24893,0
2025-04-01,WH-A,CR-2,1.36883,1.06926,0.91177,0.24893,0
2025-04-01,WH-A,CR-3,1.36883,1.06926,0.88709,0.24893,0
2025-04-01,WH-A,CR-4,1.36883,1.06926,0.90401,0.24893,0
2025-04-01,WH-B,CR-1,2.66047,1.23665,0.94267,0.24893,0
2025-04-01,WH-B,CR-2,2.66047,1.23665,0.90052,0.24893,0
2025-04-01,WH-B,CR-3,2.66047,1.23665,0.8642,0.24893,0
2025-04-01,WH-B,CR-4,2.66047,1.23665,0.92649,0.24893,0
2025-04-01,WH-C,CR-1,2.14624,1.15766,0.93336,0.24893,0
2025-04-01,WH-C,CR-2,2.14624,1.15766,0.89253,0.24893,0
2025-04-01,WH-C,CR-3,2.14624,1.15766,0.88059,0.24893,0
2025-04-01,WH-C,CR-4,2.14624,1.15766,0.93117,0.24893,0
2025-04-02,WH-A,CR-1,2.16497,1.10005,0.94865,0.37359,0
2025-04-02,WH-A,CR-2,2.16497,1.10005,0.89447,0.37359,0
2025-04-02,WH-A,CR-3,2.16497,1.10005,0.88658,0.37359,0
2025-04-02,WH-A,CR-4,2.16497,1.10005,0.93808,0.37359,0
2025-04-02,WH-B,CR-1,2.44423,1.28288,0.9389,0.37359,0
2025-04-02,WH-B,CR-2,2.44423,1.28288,0.89275,0.37359,0
2025-04-02,WH-B,CR-3,2.44423,1.28288,0.86879,0.37359,0
2025-04-02,WH-B,CR-4,2.44423,1.28288,0.93687,0.37359,0
2025-04-02,WH-C,CR-1,2.30562,1.06536,0.9316,0.37359,0
2025-04-02,WH-C,CR-2,2.30562,1.06536,0.90572,0.37359,0
2025-04-02,WH-C,CR-3,2.30562,1.06536,0.86718,0.37359,0
2025-04-02,WH-C,CR-4,2.30562,1.06536,0.95157,0.37359,0
2025-04-03,WH-A,CR-1,2.51148,1.12078,0.94514,0.38602,0
2025-04-03,WH-A,CR-2,2.51148,1.12078,0.88304,0.38602,0
2025-04-03,WH-A,CR-3,2.51148,1.12078,0.86761,0.38602,0
2025-04-03,WH-A,CR-4,2.51148,1.12078,0.93564,0.38602,0
2025-04-03,WH-B,CR-1,2.95577,1.08814,0.92237,0.38602,0
2025-04-03,WH-B,CR-2,2.95577,1.08814,0.90986,0.38602,0
2025-04-03,WH-B,CR-3,2.95577,1.08814,0.86558,0.38602,0
2025-04-03,WH-B,CR-4,2.95577,1.08814,0.91983,0.38602,0
2025-04-03,WH-C,CR-1,2.39285,1.10647,0.90947,0.38602,0
2025-04-03,WH-C,CR-2,2.39285,1.10647,0.88744,0.38602,0
2025-04-03,WH-C,CR-3,2.39285,1.10647,0.87317,0.38602,0
2025-04-03,WH-C,CR-4,2.39285,1.10647,0.90069,0.38602,0
2025-04-04,WH-A,CR-1,2.89382,1.32321,0.92341,0.21645,0
2025-04-04,WH-A,CR-2,2.89382,1.32321,0.90919,0.21645,0
2025-04-04,WH-A,CR-3,2.89382,1.32321,0.86458,0.21645,0
2025-04-04,WH-A,CR-4,2.89382,1.32321,0.92239,0.21645,0
2025-04-04,WH-B,CR-1,3.36985,1.11266,0.93267,0.21645,0
2025-04-04,WH-B,CR-2,3.36985,1.11266,0.89479,0.21645,0
2025-04-04,WH-B,CR-3,3.36985,1.11266,0.88986,0.21645,0
2025-04-04,WH-B,CR-4,3.36985,1.11266,0.88694,0.21645,0
2025-04-04,WH-C,CR-1,1.98775,1.14633,0.92817,0.21645,0
2025-04-04,WH-C,CR-2,1.98775,1.14633,0.91647,0.21645,0
2025-04-04,WH-C,CR-3,1.98775,1.14633,0.89053,0.21645,0
2025-04-04,WH-C,CR-4,1.98775,1.14633,0.90916,0.21645,0
2025-04-05,WH-A,CR-1,3.01928,1.08199,0.90471,1.62453,0
2025-04-05,WH-A,CR-2,3.01928,1.08199,0.87585,1.62453,0
2025-04-05,WH-A,CR-3,3.01928,1.08199,0.85036,1.62453,0
2025-04-05,WH-A,CR-4,3.01928,1.08199,0.90326,1.62453,0
2025-04-05,WH-B,CR-1,2.68562,1.05128,0.90151,1.62453,0
2025-04-05,WH-B,CR-2,2.68562,1.05128,0.86618,1.62453,0
2025-04-05,WH-B,CR-3,2.68562,1.05128,0.84095,1.62453,0
2025-04-05,WH-B,CR-4,2.68562,1.05128,0.88696,1.62453,0
2025-04-05,WH-C,CR-1,1.73226,1.1046,0.91221,1.62453,0
2025-04-05,WH-C,CR-2,1.73226,1.1046,0.90445,1.62453,0
2025-04-05,WH-C,CR-3,1.73226,1.1046,0.82423,1.62453,0
2025-04-05,WH-C,CR-4,1.73226,1.1046,0.90639,1.62453,0
2025-04-06,WH-A,CR-1,2.90043,1.0568,0.93657,0.30543,0
2025-04-06,WH-A,CR-2,2.90043,1.0568,0.89557,0.30543,0
2025-04-06,WH-A,CR-3,2.90043,1.0568,0.88187,0.30543,0
2025-04-06,WH-A,CR-4,2.90043,1.0568,0.90196,0.30543,0
2025-04-06,WH-B,CR-1,2.83468,1.06815,0.92866,0.30543,0
2025-04-06,WH-B,CR-2,2.83468,1.06815,0.90171,0.30543,0
2025-04-06,WH-B,CR-3,2.83468,1.06815,0.87259,0.30543,0
2025-04-06,WH-B,CR-4,2.83468,1.06815,0.94007,0.30543,0
2025-04-06,WH-C,CR-1,2.84482,1.16759,0.92772,0.30543,0
2025-04-06,WH-C,CR-2,2.84482,1.16759,0.91206,0.30543,0
2025-04-06,WH-C,CR-3,2.84482,1.16759,0.88258,0.30543,0
2025-04-06,WH-C,CR-4,2.84482,1.16759,0.9134,0.30543,0
2025-04-07,WH-A,CR-1,2.85494,1.02106,0.93045,0.05007,0
2025-04-07,WH-A,CR-2,2.85494,1.02106,0.91597,0.05007,0
2025-04-07,WH-A,CR-3,2.85494,1.02106,0.8796,0.05007,0
2025-04-07,WH-A,CR-4,2.85494,1.02106,0.94609,0.05007,0
2025-04-07,WH-B,CR-1,2.16552,1.33817,0.92064,0.05007,0
2025-04-07,WH-B,CR-2,2.16552,1.33817,0.88475,0.05007,0
2025-04-07,WH-B,CR-3,2.16552,1.33817,0.87839,0.05007,0
2025-04-07,WH-B,CR-4,2.16552,1.33817,0.91549,0.05007,0
2025-04-07,WH-C,CR-1,2.42253,1.1441,0.93675,0.05007,0
2025-04-07,WH-C,CR-2,2.42253,1.1441,0.89899,0.05007,0
2025-04-07,WH-C,CR-3,2.42253,1.1441,0.88429,0.05007,0
2025-04-07,WH-C,CR-4,2.42253,1.1441,0.92529,0.05007,0
2025-04-08,WH-A,CR-1,2.20484,1.01498,0.92311,0.82377,0
2025-04-08,WH-A,CR-2,2.20484,1.01498,0.87994,0.82377,0
2025-04-08,WH-A,CR-3,2.20484,1.01498,0.84897,0.82377,0
2025-04-08,WH-A,CR-4,2.20484,1.01498,0.9215,0.82377,0
2025-04-08,WH-B,CR-1,1.60216,1.26298,0.92709,0.82377,0
2025-04-08,WH-B,CR-2,1.60216,1.26298,0.89465,0.82377,0
2025-04-08,WH-B,CR-3,1.60216,1.26298,0.85275,0.82377,0
2025-04-08,WH-B,CR-4,1.60216,1.26298,0.92434,0.82377,0
2025-04-08,WH-C,CR-1,2.16039,1.09511,0.92757,0.82377,0
2025-04-08,WH-C,CR-2,2.16039,1.09511,0.87498,0.82377,0
2025-04-08,WH-C,CR-3,2.16039,1.09511,0.84555,0.82377,0
2025-04-08,WH-C,CR-4,2.16039,1.09511,0.90173,0.82377,0
2025-04-09,WH-A,CR-1,2.48681,1.0764,0.93912,0.43207,0
2025-04-09,WH-A,CR-2,2.48681,1.0764,0.90086,0.43207,0
2025-04-09,WH-A,CR-3,2.48681,1.0764,0.86091,0.43207,0
2025-04-09,WH-A,CR-4,2.48681,1.0764,0.92685,0.43207,0
2025-04-09,WH-B,CR-1,1.83482,1.09967,0.93273,0.43207,0
2025-04-09,WH-B,CR-2,1.83482,1.09967,0.90067,0.43207,0
2025-04-09,WH-B,CR-3,1.83482,1.09967,0.87038,0.43207,0
2025-04-09,WH-B,CR-4,1.83482,1.09967,0.91727,0.43207,0
2025-04-09,WH-C,CR-1,1.53404,1.15598,0.92259,0.43207,0
2025-04-09,WH-C,CR-2,1.53404,1.15598,0.88998,0.43207,0
2025-04-09,WH-C,CR-3,1.53404,1.15598,0.86933,0.43207,0
2025-04-09,WH-C,CR-4,1.53404,1.15598,0.93103,0.43207,0
2025-04-10,WH-A,CR-1,2.1027,1.20087,0.90462,0.36792,0
2025-04-10,WH-A,CR-2,2.1027,1.20087,0.91295,0.36792,0
2025-04-10,WH-A,CR-3,2.1027,1.20087,0.85089,0.36792,0
2025-04-10,WH-A,CR-4,2.1027,1.20087,0.90639,0.36792,0
2025-04-10,WH-B,CR-1,1.82889,1.32361,0.95351,0.36792,0
2025-04-10,WH-B,CR-2,1.82889,1.32361,0.91186,0.36792,0
2025-04-10,WH-B,CR-3,1.82889,1.32361,0.87766,0.36792,0
2025-04-10,WH-B,CR-4,1.82889,1.32361,0.90103,0.36792,0
2025-04-10,WH-C,CR-1,1.63824,1.10606,0.92358,0.36792,0
2025-04-10,WH-C,CR-2,1.63824,1.10606,0.90524,0.36792,0
2025-04-10,WH-C,CR-3,1.63824,1.10606,0.86772,0.36792,0
2025-04-10,WH-C,CR-4,1.63824,1.10606,0.93381,0.36792,0
2025-04-11,WH-A,CR-1,1.74501,1.11723,0.9435,0.00876,0
2025-04-11,WH-A,CR-2,1.74501,1.11723,0.89643,0.00876,0
2025-04-11,WH-A,CR-3,1.74501,1.11723,0.88181,0.00876,0
2025-04-11,WH-A,CR-4,1.74501,1.11723,0.92729,0.00876,0
2025-04-11,WH-B,CR-1,1.77351,1.11235,0.93799,0.00876,0
2025-04-11,WH-B,CR-2,1.77351,1.11235,0.90063,0.00876,0
2025-04-11,WH-B,CR-3,1.77351,1.11235,0.87993,0.00876,0
2025-04-11,WH-B,CR-4,1.77351,1.11235,0.9265,0.00876,0
2025-04-11,WH-C,CR-1,1.43685,1.27719,0.94483,0.00876,0
2025-04-11,WH-C,CR-2,1.43685,1.27719,0.90525,0.00876,0
2025-04-11,WH-C,CR-3,1.43685,1.27719,0.88159,0.00876,0
2025-04-11,WH-C,CR-4,1.43685,1.27719,0.91752,0.00876,0
2025-04-12,WH-A,CR-1,1.38348,1.10099,0.93065,0.18212,0
2025-04-12,WH-A,CR-2,1.38348,1.10099,0.90246,0.18212,0
2025-04-12,WH-A,CR-3,1.38348,1.10099,0.8699,0.18212,0
2025-04-12,WH-A,CR-4,1.38348,1.10099,0.96223,0.18212,0
2025-04-12,WH-B,CR-1,1.73647,0.90451,0.91752,0.18212,0
2025-04-12,WH-B,CR-2,1.73647,0.90451,0.91583,0.18212,0
2025-04-12,WH-B,CR-3,1.73647,0.90451,0.89276,0.18212,0
2025-04-12,WH-B,CR-4,1.73647,0.90451,0.91854,0.18212,0
2025-04-12,WH-C,CR-1,1.96719,1.12933,0.93445,0.18212,0
2025-04-12,WH-C,CR-2,1.96719,1.12933,0.9036,0.18212,0
2025-04-12,WH-C,CR-3,1.96719,1.12933,0.87889,0.18212,0
2025-04-12,WH-C,CR-4,1.96719,1.12933,0.93725,0.18212,0
2025-04-13,WH-A,CR-1,1.52353,1.2285,0.93488,0.45207,0
2025-04-13,WH-A,CR-2,1.52353,1.2285,0.91229,0.45207,0
2025-04-13,WH-A,CR-3,1.52353,1.2285,0.87834,0.45207,0
2025-04-13,WH-A,CR-4,1.52353,1.2285,0.92514,0.45207,0
2025-04-13,WH-B,CR-1,1.98198,1.14179,0.94049,0.45207,0
2025-04-13,WH-B,CR-2,1.98198,1.14179,0.90503,0.45207,0
2025-04-13,WH-B,CR-3,1.98198,1.14179,0.86354,0.45207,0
2025-04-13,WH-B,CR-4,1.98198,1.14179,0.92649,0.45207,0
2025-04-13,WH-C,CR-1,1.84045,1.04534,0.96401,0.45207,0
2025-04-13,WH-C,CR-2,1.84045,1.04534,0.88339,0.45207,0
2025-04-13,WH-C,CR-3,1.84045,1.04534,0.88336,0.45207,0
2025-04-13,WH-C,CR-4,1.84045,1.04534,0.91151,0.45207,0
2025-04-14,WH-A,CR-1,1.33829,1.09209,0.93352,0.34812,0
2025-04-14,WH-A,CR-2,1.33829,1.09209,0.89357,0.34812,0
2025-04-14,WH-A,CR-3,1.33829,1.09209,0.88434,0.34812,0
2025-04-14,WH-A,CR-4,1.33829,1.09209,0.91732,0.34812,0
2025-04-14,WH-B,CR-1,2.33202,1.04366,0.91205,0.34812,0
2025-04-14,WH-B,CR-2,2.33202,1.04366,0.90099,0.34812,0
2025-04-14,WH-B,CR-3,2.33202,1.04366,0.85491,0.34812,0
2025-04-14,WH-B,CR-4,2.33202,1.04366,0.94195,0.34812,0
2025-04-14,WH-C,CR-1,1.24569,1.06699,0.9387,0.34812,0
2025-04-14,WH-C,CR-2,1.24569,1.06699,0.8967,0.34812,0
2025-04-14,WH-C,CR-3,1.24569,1.06699,0.85551,0.34812,0
2025-04-14,WH-C,CR-4,1.24569,1.06699,0.94821,0.34812,0
2025-04-15,WH-A,CR-1,1.48107,1.20682,0.94411,0.08002,0
2025-04-15,WH-A,CR-2,1.48107,1.20682,0.89864,0.08002,0
2025-04-15,WH-A,CR-3,1.48107,1.20682,0.87465,0.08002,0
2025-04-15,WH-A,CR-4,1.48107,1.20682,0.92584,0.08002,0
2025-04-15,WH-B,CR-1,2.59235,1.05653,0.96278,0.08002,0
2025-04-15,WH-B,CR-2,2.59235,1.05653,0.89945,0.08002,0
2025-04-15,WH-B,CR-3,2.59235,1.05653,0.87845,0.08002,0
2025-04-15,WH-B,CR-4,2.59235,1.05653,0.91464,0.08002,0
2025-04-15,WH-C,CR-1,0.93974,1.08005,0.92691,0.08002,0
2025-04-15,WH-C,CR-2,0.93974,1.08005,0.90359,0.08002,0
2025-04-15,WH-C,CR-3,0.93974,1.08005,0.86681,0.08002,0
2025-04-15,WH-C,CR-4,0.93974,1.08005,0.93691,0.08002,0
2025-04-16,WH-A,CR-1,1.50908,1.22943,0.94054,0.11305,0
2025-04-16,WH-A,CR-2,1.50908,1.22943,0.90677,0.11305,0
2025-04-16,WH-A,CR-3,1.50908,1.22943,0.86077,0.11305,0
2025-04-16,WH-A,CR-4,1.50908,1.22943,0.91425,0.11305,0
2025-04-16,WH-B,CR-1,2.05151,1.25455,0.94433,0.11305,0
2025-04-16,WH-B,CR-2,2.05151,1.25455,0.89763,0.11305,0
2025-04-16,WH-B,CR-3,2.05151,1.25455,0.87119,0.11305,0
2025-04-16,WH-B,CR-4,2.05151,1.25455,0.91806,0.11305,0
2025-04-16,WH-C,CR-1,0.88471,1.18682,0.93451,0.11305,0
2025-04-16,WH-C,CR-2,0.88471,1.18682,0.93294,0.11305,0
2025-04-16,WH-C,CR-3,0.88471,1.18682,0.89297,0.11305,0
2025-04-16,WH-C,CR-4,0.88471,1.18682,0.94368,0.11305,0
2025-04-17,WH-A,CR-1,1.87356,1.12209,0.94914,0.57888,0
2025-04-17,WH-A,CR-2,1.87356,1.12209,0.90443,0.57888,0
2025-04-17,WH-A,CR-3,1.87356,1.12209,0.87273,0.57888,0
2025-04-17,WH-A,CR-4,1.87356,1.12209,0.92111,0.57888,0
2025-04-17,WH-B,CR-1,2.756,1.0353,0.95164,0.57888,0
2025-04-17,WH-B,CR-2,2.756,1.0353,0.89735,0.57888,0
2025-04-17,WH-B,CR-3,2.756,1.0353,0.85271,0.57888,0
2025-04-17,WH-B,CR-4,2.756,1.0353,0.91055,0.57888,0
2025-04-17,WH-C,CR-1,0.58071,1.20229,0.91712,0.57888,0
2025-04-17,WH-C,CR-2,0.58071,1.20229,0.9016,0.57888,0
2025-04-17,WH-C,CR-3,0.58071,1.20229,0.88319,0.57888,0
2025-04-17,WH-C,CR-4,0.58071,1.20229,0.91152,0.57888,0
2025-04-18,WH-A,CR-1,1.76479,1.35,0.9453,0.22409,0
2025-04-18,WH-A,CR-2,1.76479,1.35,0.90279,0.22409,0
2025-04-18,WH-A,CR-3,1.76479,1.35,0.86863,0.22409,0
2025-04-18,WH-A,CR-4,1.76479,1.35,0.92545,0.22409,0
2025-04-18,WH-B,CR-1,2.64982,1.11647,0.94233,0.22409,0
2025-04-18,WH-B,CR-2,2.64982,1.11647,0.89452,0.22409,0
2025-04-18,WH-B,CR-3,2.64982,1.11647,0.86447,0.22409,0
2025-04-18,WH-B,CR-4,2.64982,1.11647,0.93041,0.22409,0
2025-04-18,WH-C,CR-1,0.55133,1.20832,0.93579,0.22409,0
2025-04-18,WH-C,CR-2,0.55133,1.20832,0.88403,0.22409,0
2025-04-18,WH-C,CR-3,0.55133,1.20832,0.87728,0.22409,0
2025-04-18,WH-C,CR-4,0.55133,1.20832,0.90574,0.22409,0
2025-04-19,WH-A,CR-1,2.47732,1.15571,0.91665,0.58998,0
2025-04-19,WH-A,CR-2,2.47732,1.15571,0.87513,0.58998,0
2025-04-19,WH-A,CR-3,2.47732,1.15571,0.86032,0.58998,0
2025-04-19,WH-A,CR-4,2.47732,1.15571,0.90473,0.58998,0
2025-04-19,WH-B,CR-1,3.17372,1.06917,0.94058,0.58998,0
2025-04-19,WH-B,CR-2,3.17372,1.06917,0.89596,0.58998,0
2025-04-19,WH-B,CR-3,3.17372,1.06917,0.86722,0.58998,0
2025-04-19,WH-B,CR-4,3.17372,1.06917,0.91899,0.58998,0
2025-04-19,WH-C,CR-1,1.32799,1.09493,0.91669,0.58998,0
2025-04-19,WH-C,CR-2,1.32799,1.09493,0.91885,0.58998,0
2025-04-19,WH-C,CR-3,1.32799,1.09493,0.86587,0.58998,0
2025-04-19,WH-C,CR-4,1.32799,1.09493,0.91391,0.58998,0
2025-04-20,WH-A,CR-1,2.32697,1.03777,0.92301,0.56055,0
2025-04-20,WH-A,CR-2,2.32697,1.03777,0.89548,0.56055,0
2025-04-20,WH-A,CR-3,2.32697,1.03777,0.87547,0.56055,0
2025-04-20,WH-A,CR-4,2.32697,1.03777,0.92758,0.56055,0
2025-04-20,WH-B,CR-1,2.79379,1.14591,0.92896,0.56055,0
2025-04-20,WH-B,CR-2,2.79379,1.14591,0.89386,0.56055,0
2025-04-20,WH-B,CR-3,2.79379,1.14591,0.87229,0.56055,0
2025-04-20,WH-B,CR-4,2.79379,1.14591,0.9036,0.56055,0
2025-04-20,WH-C,CR-1,1.52638,0.94663,0.91758,0.56055,0
2025-04-20,WH-C,CR-2,1.52638,0.94663,0.87569,0.56055,0
2025-04-20,WH-C,CR-3,1.52638,0.94663,0.86781,0.56055,0
2025-04-20,WH-C,CR-4,1.52638,0.94663,0.93923,0.56055,0
2025-04-21,WH-A,CR-1,3.01695,1.18232,0.92602,0.26676,0
2025-04-21,WH-A,CR-2,3.01695,1.18232,0.89767,0.26676,0
2025-04-21,WH-A,CR-3,3.01695,1.18232,0.87521,0.26676,0
2025-04-21,WH-A,CR-4,3.01695,1.18232,0.9176,0.26676,0
2025-04-21,WH-B,CR-1,2.43175,1.22882,0.94751,0.26676,0
2025-04-21,WH-B,CR-2,2.43175,1.22882,0.88544,0.26676,0
2025-04-21,WH-B,CR-3,2.43175,1.22882,0.86538,0.26676,0
2025-04-21,WH-B,CR-4,2.43175,1.22882,0.91963,0.26676,0
2025-04-21,WH-C,CR-1,1.78294,1.24145,0.96762,0.26676,0
2025-04-21,WH-C,CR-2,1.78294,1.24145,0.89961,0.26676,0
2025-04-21,WH-C,CR-3,1.78294,1.24145,0.87021,0.26676,0
2025-04-21,WH-C,CR-4,1.78294,1.24145,0.93226,0.26676,0
2025-04-22,WH-A,CR-1,2.49621,0.94027,0.93912,0.13092,0
2025-04-22,WH-A,CR-2,2.49621,0.94027,0.90546,0.13092,0
2025-04-22,WH-A,CR-3,2.49621,0.94027,0.8929,0.13092,0
2025-04-22,WH-A,CR-4,2.49621,0.94027,0.92771,0.13092,0
2025-04-22,WH-B,CR-1,1.95192,1.12935,0.91255,0.13092,0
2025-04-22,WH-B,CR-2,1.95192,1.12935,0.89311,0.13092,0
2025-04-22,WH-B,CR-3,1.95192,1.12935,0.88527,0.13092,0
2025-04-22,WH-B,CR-4,1.95192,1.12935,0.92468,0.13092,0
2025-04-22,WH-C,CR-1,2.06224,0.99265,0.93473,0.13092,0
2025-04-22,WH-C,CR-2,2.06224,0.99265,0.90194,0.13092,0
2025-04-22,WH-C,CR-3,2.06224,0.99265,0.88911,0.13092,0
2025-04-22,WH-C,CR-4,2.06224,0.99265,0.93572,0.13092,0
2025-04-23,WH-A,CR-1,2.17346,1.25681,0.91731,0.56441,0
2025-04-23,WH-A,CR-2,2.17346,1.25681,0.88687,0.56441,0
2025-04-23,WH-A,CR-3,2.17346,1.25681,0.87887,0.56441,0
2025-04-23,WH-A,CR-4,2.17346,1.25681,0.90178,0.56441,0
2025-04-23,WH-B,CR-1,2.27898,1.15811,0.9427,0.56441,0
2025-04-23,WH-B,CR-2,2.27898,1.15811,0.89913,0.56441,0
2025-04-23,WH-B,CR-3,2.27898,1.15811,0.87051,0.56441,0
2025-04-23,WH-B,CR-4,2.27898,1.15811,0.92595,0.56441,0
2025-04-23,WH-C,CR-1,1.68829,1.0935,0.93553,0.56441,0
2025-04-23,WH-C,CR-2,1.68829,1.0935,0.89949,0.56441,0
2025-04-23,WH-C,CR-3,1.68829,1.0935,0.86495,0.56441,0
2025-04-23,WH-C,CR-4,1.68829,1.0935,0.91885,0.56441,0
2025-04-24,WH-A,CR-1,1.92659,1.0134,0.91832,1.17599,0
2025-04-24,WH-A,CR-2,1.92659,1.0134,0.89671,1.17599,0
2025-04-24,WH-A,CR-3,1.92659,1.0134,0.86887,1.17599,0
2025-04-24,WH-A,CR-4,1.92659,1.0134,0.91013,1.17599,0
2025-04-24,WH-B,CR-1,2.62492,1.2085,0.93219,1.17599,0
2025-04-24,WH-B,CR-2,2.62492,1.2085,0.90064,1.17599,0
2025-04-24,WH-B,CR-3,2.62492,1.2085,0.87767,1.17599,0
2025-04-24,WH-B,CR-4,2.62492,1.2085,0.9068,1.17599,0
2025-04-24,WH-C,CR-1,1.21196,1.2031,0.9282,1.17599,0
2025-04-24,WH-C,CR-2,1.21196,1.2031,0.90767,1.17599,0
2025-04-24,WH-C,CR-3,1.21196,1.2031,0.87421,1.17599,0
2025-04-24,WH-C,CR-4,1.21196,1.2031,0.93218,1.17599,0
2025-04-25,WH-A,CR-1,1.44582,1.17465,0.92341,0.55344,0
2025-04-25,WH-A,CR-2,1.44582,1.17465,0.90258,0.55344,0
2025-04-25,WH-A,CR-3,1.44582,1.17465,0.87069,0.55344,0
2025-04-25,WH-A,CR-4,1.44582,1.17465,0.9257,0.55344,0
2025-04-25,WH-B,CR-1,2.48042,1.2248,0.89736,0.55344,0
2025-04-25,WH-B,CR-2,2.48042,1.2248,0.90232,0.55344,0
2025-04-25,WH-B,CR-3,2.48042,1.2248,0.88447,0.55344,0
2025-04-25,WH-B,CR-4,2.48042,1.2248,0.94248,0.55344,0
2025-04-25,WH-C,CR-1,1.62225,1.28479,0.93207,0.55344,0
2025-04-25,WH-C,CR-2,1.62225,1.28479,0.90007,0.55344,0
2025-04-25,WH-C,CR-3,1.62225,1.28479,0.87639,0.55344,0
2025-04-25,WH-C,CR-4,1.62225,1.28479,0.92,0.55344,0
2025-04-26,WH-A,CR-1,1.22804,1.11227,0.9381,0.11316,0
2025-04-26,WH-A,CR-2,1.22804,1.11227,0.90364,0.11316,0
2025-04-26,WH-A,CR-3,1.22804,1.11227,0.87116,0.11316,0
2025-04-26,WH-A,CR-4,1.22804,1.11227,0.93402,0.11316,0
2025-04-26,WH-B,CR-1,2.69294,0.97956,0.92251,0.11316,0
2025-04-26,WH-B,CR-2,2.69294,0.97956,0.91942,0.11316,0
2025-04-26,WH-B,CR-3,2.69294,0.97956,0.86146,0.11316,0
2025-04-26,WH-B,CR-4,2.69294,0.97956,0.93453,0.11316,0
2025-04-26,WH-C,CR-1,2.19789,1.19954,0.94682,0.11316,0
2025-04-26,WH-C,CR-2,2.19789,1.19954,0.91647,0.11316,0
2025-04-26,WH-C,CR-3,2.19789,1.19954,0.90499,0.11316,0
2025-04-26,WH-C,CR-4,2.19789,1.19954,0.89995,0.11316,0
2025-04-27,WH-A,CR-1,1.35687,1.16918,0.93636,0.1758,0
2025-04-27,WH-A,CR-2,1.35687,1.16918,0.90842,0.1758,0
2025-04-27,WH-A,CR-3,1.35687,1.16918,0.87354,0.1758,0
2025-04-27,WH-A,CR-4,1.35687,1.16918,0.92057,0.1758,0
2025-04-27,WH-B,CR-1,2.36561,1.09169,0.92754,0.1758,0
2025-04-27,WH-B,CR-2,2.36561,1.09169,0.91827,0.1758,0
2025-04-27,WH-B,CR-3,2.36561,1.09169,0.88467,0.1758,0
2025-04-27,WH-B,CR-4,2.36561,1.09169,0.94003,0.1758,0
2025-04-27,WH-C,CR-1,1.6102,0.93404,0.93679,0.1758,0
2025-04-27,WH-C,CR-2,1.6102,0.93404,0.94162,0.1758,0
2025-04-27,WH-C,CR-3,1.6102,0.93404,0.89203,0.1758,0
2025-04-27,WH-C,CR-4,1.6102,0.93404,0.92018,0.1758,0
2025-04-28,WH-A,CR-1,1.07888,1.25957,0.92964,0.46374,0
2025-04-28,WH-A,CR-2,1.07888,1.25957,0.90056,0.46374,0
2025-04-28,WH-A,CR-3,1.07888,1.25957,0.87194,0.46374,0
2025-04-28,WH-A,CR-4,1.07888,1.25957,0.93539,0.46374,0
2025-04-28,WH-B,CR-1,2.07919,1.01344,0.93553,0.46374,0
2025-04-28,WH-B,CR-2,2.07919,1.01344,0.87713,0.46374,0
2025-04-28,WH-B,CR-3,2.07919,1.01344,0.86804,0.46374,0
2025-04-28,WH-B,CR-4,2.07919,1.01344,0.9359,0.46374,0
2025-04-28,WH-C,CR-1,1.82516,1.23339,0.9391,0.46374,0
2025-04-28,WH-C,CR-2,1.82516,1.23339,0.93058,0.46374,0
2025-04-28,WH-C,CR-3,1.82516,1.23339,0.86459,0.46374,0
2025-04-28,WH-C,CR-4,1.82516,1.23339,0.92643,0.46374,0
2025-04-29,WH-A,CR-1,1.3547,1.28751,0.93036,0.1818,0
2025-04-29,WH-A,CR-2,1.3547,1.28751,0.92361,0.1818,0
2025-04-29,WH-A,CR-3,1.3547,1.28751,0.88385,0.1818,0
2025-04-29,WH-A,CR-4,1.3547,1.28751,0.92634,0.1818,0
2025-04-29,WH-B,CR-1,2.34631,1.1709,0.941,0.1818,0
2025-04-29,WH-B,CR-2,2.34631,1.1709,0.90425,0.1818,0
2025-04-29,WH-B,CR-3,2.34631,1.1709,0.86831,0.1818,0
2025-04-29,WH-B,CR-4,2.34631,1.1709,0.92271,0.1818,0
2025-04-29,WH-C,CR-1,1.17223,1.21736,0.92191,0.1818,0
2025-04-29,WH-C,CR-2,1.17223,1.21736,0.90412,0.1818,0
2025-04-29,WH-C,CR-3,1.17223,1.21736,0.8845,0.1818,0
2025-04-29,WH-C,CR-4,1.17223,1.21736,0.9368,0.1818,0
2025-04-30,WH-A,CR-1,1.71554,1.15416,0.95586,0.0147,0
2025-04-30,WH-A,CR-2,1.71554,1.15416,0.89987,0.0147,0
2025-04-30,WH-A,CR-3,1.71554,1.15416,0.85515,0.0147,0
2025-04-30,WH-A,CR-4,1.71554,1.15416,0.93946,0.0147,0
2025-04-30,WH-B,CR-1,2.14119,1.00932,0.93783,0.0147,0
2025-04-30,WH-B,CR-2,2.14119,1.00932,0.9245,0.0147,0
2025-04-30,WH-B,CR-3,2.14119,1.00932,0.86458,0.0147,0
2025-04-30,WH-B,CR-4,2.14119,1.00932,0.95777,0.0147,0
2025-04-30,WH-C,CR-1,1.04277,1.15696,0.92511,0.0147,0
2025-04-30,WH-C,CR-2,1.04277,1.15696,0.91023,0.0147,0
2025-04-30,WH-C,CR-3,1.04277,1.15696,0.87813,0.0147,0
2025-04-30,WH-C,CR-4,1.04277,1.15696,0.91186,0.0147,0
2025-05-01,WH-A,CR-1,1.61519,1.22752,0.91731,2.4699,0
2025-05-01,WH-A,CR-2,1.61519,1.22752,0.87906,2.4699,0
2025-05-01,WH-A,CR-3,1.61519,1.22752,0.82113,2.4699,0
2025-05-01,WH-A,CR-4,1.61519,1.22752,0.88811,2.4699,0
2025-05-01,WH-B,CR-1,1.53644,1.22214,0.87592,2.4699,0
2025-05-01,WH-B,CR-2,1.53644,1.22214,0.8559,2.4699,0
2025-05-01,WH-B,CR-3,1.53644,1.22214,0.8355,2.4699,0
2025-05-01,WH-B,CR-4,1.53644,1.22214,0.89088,2.4699,0
2025-05-01,WH-C,CR-1,1.15962,1.27153,0.90422,2.4699,0
2025-05-01,WH-C,CR-2,1.15962,1.27153,0.87328,2.4699,0
2025-05-01,WH-C,CR-3,1.15962,1.27153,0.82079,2.4699,0
2025-05-01,WH-C,CR-4,1.15962,1.27153,0.90593,2.4699,0
2025-05-02,WH-A,CR-1,2.42982,1.19101,0.95041,0.1097,0
2025-05-02,WH-A,CR-2,2.42982,1.19101,0.87103,0.1097,0
2025-05-02,WH-A,CR-3,2.42982,1.19101,0.87569,0.1097,0
2025-05-02,WH-A,CR-4,2.42982,1.19101,0.94125,0.1097,0
2025-05-02,WH-B,CR-1,2.12445,1.05242,0.9345,0.1097,0
2025-05-02,WH-B,CR-2,2.12445,1.05242,0.87759,0.1097,0
2025-05-02,WH-B,CR-3,2.12445,1.05242,0.88298,0.1097,0
2025-05-02,WH-B,CR-4,2.12445,1.05242,0.90543,0.1097,0
2025-05-02,WH-C,CR-1,1.7216,1.24462,0.93233,0.1097,0
2025-05-02,WH-C,CR-2,1.7216,1.24462,0.91428,0.1097,0
2025-05-02,WH-C,CR-3,1.7216,1.24462,0.87542,0.1097,0
2025-05-02,WH-C,CR-4,1.7216,1.24462,0.93093,0.1097,0
2025-05-03,WH-A,CR-1,1.67617,0.92361,0.93742,0.06205,0
2025-05-03,WH-A,CR-2,1.67617,0.92361,0.90635,0.06205,0
2025-05-03,WH-A,CR-3,1.67617,0.92361,0.88215,0.06205,0
2025-05-03,WH-A,CR-4,1.67617,0.92361,0.92109,0.06205,0
2025-05-03,WH-B,CR-1,2.84208,1.08285,0.94168,0.06205,0
2025-05-03,WH-B,CR-2,2.84208,1.08285,0.91125,0.06205,0
2025-05-03,WH-B,CR-3,2.84208,1.08285,0.89092,0.06205,0
2025-05-03,WH-B,CR-4,2.84208,1.08285,0.9358,0.06205,0
2025-05-03,WH-C,CR-1,1.84495,1.12888,0.91699,0.06205,0
2025-05-03,WH-C,CR-2,1.84495,1.12888,0.88744,0.06205,0
2025-05-03,WH-C,CR-3,1.84495,1.12888,0.87797,0.06205,0
2025-05-03,WH-C,CR-4,1.84495,1.12888,0.92651,0.06205,0
2025-05-04,WH-A,CR-1,1.96334,0.97035,0.93026,0.53419,0
2025-05-04,WH-A,CR-2,1.96334,0.97035,0.88429,0.53419,0
2025-05-04,WH-A,CR-3,1.96334,0.97035,0.87503,0.53419,0
2025-05-04,WH-A,CR-4,1.96334,0.97035,0.89785,0.53419,0
2025-05-04,WH-B,CR-1,2.76944,0.95248,0.92578,0.53419,0
2025-05-04,WH-B,CR-2,2.76944,0.95248,0.91112,0.53419,0
2025-05-04,WH-B,CR-3,2.76944,0.95248,0.87311,0.53419,0
2025-05-04,WH-B,CR-4,2.76944,0.95248,0.90064,0.53419,0
2025-05-04,WH-C,CR-1,1.53405,0.94989,0.91005,0.53419,0
2025-05-04,WH-C,CR-2,1.53405,0.94989,0.9018,0.53419,0
2025-05-04,WH-C,CR-3,1.53405,0.94989,0.87711,0.53419,0
2025-05-04,WH-C,CR-4,1.53405,0.94989,0.92567,0.53419,0
2025-05-05,WH-A,CR-1,1.84962,1.06415,0.92491,0.5451,0
2025-05-05,WH-A,CR-2,1.84962,1.06415,0.88433,0.5451,0
2025-05-05,WH-A,CR-3,1.84962,1.06415,0.86005,0.5451,0
2025-05-05,WH-A,CR-4,1.84962,1.06415,0.92126,0.5451,0
2025-05-05,WH-B,CR-1,2.55804,1.35,0.91404,0.5451,0
2025-05-05,WH-B,CR-2,2.55804,1.35,0.89869,0.5451,0
2025-05-05,WH-B,CR-3,2.55804,1.35,0.8531,0.5451,0
2025-05-05,WH-B,CR-4,2.55804,1.35,0.91553,0.5451,0
2025-05-05,WH-C,CR-1,1.44479,1.21759,0.92479,0.5451,0
2025-05-05,WH-C,CR-2,1.44479,1.21759,0.89789,0.5451,0
2025-05-05,WH-C,CR-3,1.44479,1.21759,0.86502,0.5451,0
2025-05-05,WH-C,CR-4,1.44479,1.21759,0.90338,0.5451,0
2025-05-06,WH-A,CR-1,1.89615,1.19472,0.93473,0.13661,0
2025-05-06,WH-A,CR-2,1.89615,1.19472,0.90451,0.13661,0
2025-05-06,WH-A,CR-3,1.89615,1.19472,0.85689,0.13661,0
2025-05-06,WH-A,CR-4,1.89615,1.19472,0.93402,0.13661,0
2025-05-06,WH-B,CR-1,2.21722,1.20977,0.95334,0.13661,0
2025-05-06,WH-B,CR-2,2.21722,1.20977,0.90529,0.13661,0
2025-05-06,WH-B,CR-3,2.21722,1.20977,0.86526,0.13661,0
2025-05-06,WH-B,CR-4,2.21722,1.20977,0.92734,0.13661,0
2025-05-06,WH-C,CR-1,1.62922,1.12476,0.93077,0.13661,0
2025-05-06,WH-C,CR-2,1.62922,1.12476,0.9143,0.13661,0
2025-05-06,WH-C,CR-3,1.62922,1.12476,0.88351,0.13661,0
2025-05-06,WH-C,CR-4,1.62922,1.12476,0.92339,0.13661,0
2025-05-07,WH-A,CR-1,1.63089,1.16715,0.94144,0.02056,0
2025-05-07,WH-A,CR-2,1.63089,1.16715,0.88696,0.02056,0
2025-05-07,WH-A,CR-3,1.63089,1.16715,0.8806,0.02056,0
2025-05-07,WH-A,CR-4,1.63089,1.16715,0.9358,0.02056,0
2025-05-07,WH-B,CR-1,2.46115,1.15939,0.9159,0.02056,0
2025-05-07,WH-B,CR-2,2.46115,1.15939,0.92495,0.02056,0
2025-05-07,WH-B,CR-3,2.46115,1.15939,0.88456,0.02056,0
2025-05-07,WH-B,CR-4,2.46115,1.15939,0.91519,0.02056,0
2025-05-07,WH-C,CR-1,1.35023,1.1685,0.94779,0.02056,0
2025-05-07,WH-C,CR-2,1.35023,1.1685,0.90377,0.02056,0
2025-05-07,WH-C,CR-3,1.35023,1.1685,0.88954,0.02056,0
2025-05-07,WH-C,CR-4,1.35023,1.1685,0.90812,0.02056,0
2025-05-08,WH-A,CR-1,1.41182,1.27065,0.96335,0.07468,0
2025-05-08,WH-A,CR-2,1.41182,1.27065,0.91147,0.07468,0
2025-05-08,WH-A,CR-3,1.41182,1.27065,0.87099,0.07468,0
2025-05-08,WH-A,CR-4,1.41182,1.27065,0.926,0.07468,0
2025-05-08,WH-B,CR-1,2.56125,1.02496,0.93179,0.07468,0
2025-05-08,WH-B,CR-2,2.56125,1.02496,0.92587,0.07468,0
2025-05-08,WH-B,CR-3,2.56125,1.02496,0.86611,0.07468,0
2025-05-08,WH-B,CR-4,2.56125,1.02496,0.91967,0.07468,0
2025-05-08,WH-C,CR-1,1.4481,1.17265,0.93116,0.07468,0
2025-05-08,WH-C,CR-2,1.4481,1.17265,0.90958,0.07468,0
2025-05-08,WH-C,CR-3,1.4481,1.17265,0.88595,0.07468,0
2025-05-08,WH-C,CR-4,1.4481,1.17265,0.95219,0.07468,0
2025-05-09,WH-A,CR-1,2.11696,1.10607,0.91936,0.26403,0
2025-05-09,WH-A,CR-2,2.11696,1.10607,0.90825,0.26403,0
2025-05-09,WH-A,CR-3,2.11696,1.10607,0.88816,0.26403,0
2025-05-09,WH-A,CR-4,2.11696,1.10607,0.92958,0.26403,0
2025-05-09,WH-B,CR-1,2.42553,1.03413,0.93455,0.26403,0
2025-05-09,WH-B,CR-2,2.42553,1.03413,0.92005,0.26403,0
2025-05-09,WH-B,CR-3,2.42553,1.03413,0.86044,0.26403,0
2025-05-09,WH-B,CR-4,2.42553,1.03413,0.92231,0.26403,0
2025-05-09,WH-C,CR-1,1.37032,1.09418,0.93822,0.26403,0
2025-05-09,WH-C,CR-2,1.37032,1.09418,0.91057,0.26403,0
2025-05-09,WH-C,CR-3,1.37032,1.09418,0.88044,0.26403,0
2025-05-09,WH-C,CR-4,1.37032,1.09418,0.91353,0.26403,0
2025-05-10,WH-A,CR-1,2.6991,1.22926,0.92572,0.16655,0
2025-05-10,WH-A,CR-2,2.6991,1.22926,0.91383,0.16655,0
2025-05-10,WH-A,CR-3,2.6991,1.22926,0.88745,0.16655,0
2025-05-10,WH-A,CR-4,2.6991,1.22926,0.9361,0.16655,0
2025-05-10,WH-B,CR-1,2.24605,1.17233,0.93701,0.16655,0
2025-05-10,WH-B,CR-2,2.24605,1.17233,0.90854,0.16655,0
2025-05-10,WH-B,CR-3,2.24605,1.17233,0.85855,0.16655,0
2025-05-10,WH-B,CR-4,2.24605,1.17233,0.93474,0.16655,0
2025-05-10,WH-C,CR-1,1.36305,1.10718,0.93982,0.16655,0
2025-05-10,WH-C,CR-2,1.36305,1.10718,0.90917,0.16655,0
2025-05-10,WH-C,CR-3,1.36305,1.10718,0.87645,0.16655,0
2025-05-10,WH-C,CR-4,1.36305,1.10718,0.93644,0.16655,0
2025-05-11,WH-A,CR-1,2.61583,1.00528,0.91973,0.24303,0
2025-05-11,WH-A,CR-2,2.61583,1.00528,0.89336,0.24303,0
2025-05-11,WH-A,CR-3,2.61583,1.00528,0.87903,0.24303,0
2025-05-11,WH-A,CR-4,2.61583,1.00528,0.92447,0.24303,0
2025-05-11,WH-B,CR-1,1.50578,1.03931,0.94966,0.24303,0
2025-05-11,WH-B,CR-2,1.50578,1.03931,0.90021,0.24303,0
2025-05-11,WH-B,CR-3,1.50578,1.03931,0.87364,0.24303,0
2025-05-11,WH-B,CR-4,1.50578,1.03931,0.93814,0.24303,0
2025-05-11,WH-C,CR-1,1.72669,1.15174,0.90235,0.24303,0
2025-05-11,WH-C,CR-2,1.72669,1.15174,0.92643,0.24303,0
2025-05-11,WH-C,CR-3,1.72669,1.15174,0.88326,0.24303,0
2025-05-11,WH-C,CR-4,1.72669,1.15174,0.95516,0.24303,0
2025-05-12,WH-A,CR-1,2.36387,1.12797,0.94581,0.11316,0
2025-05-12,WH-A,CR-2,2.36387,1.12797,0.92086,0.11316,0
2025-05-12,WH-A,CR-3,2.36387,1.12797,0.87692,0.11316,0
2025-05-12,WH-A,CR-4,2.36387,1.12797,0.92507,0.11316,0
2025-05-12,WH-B,CR-1,1.95276,1.12949,0.93388,0.11316,0
2025-05-12,WH-B,CR-2,1.95276,1.12949,0.92041,0.11316,0
2025-05-12,WH-B,CR-3,1.95276,1.12949,0.89308,0.11316,0
2025-05-12,WH-B,CR-4,1.95276,1.12949,0.94097,0.11316,0
2025-05-12,WH-C,CR-1,1.62452,0.97882,0.93618,0.11316,0
2025-05-12,WH-C,CR-2,1.62452,0.97882,0.89887,0.11316,0
2025-05-12,WH-C,CR-3,1.62452,0.97882,0.87641,0.11316,0
2025-05-12,WH-C,CR-4,1.62452,0.97882,0.91991,0.11316,0
2025-05-13,WH-A,CR-1,1.74805,1.24782,0.92302,0.29663,0
2025-05-13,WH-A,CR-2,1.74805,1.24782,0.90466,0.29663,0
2025-05-13,WH-A,CR-3,1.74805,1.24782,0.88611,0.29663,0
2025-05-13,WH-A,CR-4,1.74805,1.24782,0.93563,0.29663,0
2025-05-13,WH-B,CR-1,2.33728,1.17423,0.94335,0.29663,0
2025-05-13,WH-B,CR-2,2.33728,1.17423,0.92114,0.29663,0
2025-05-13,WH-B,CR-3,2.33728,1.17423,0.87976,0.29663,0
2025-05-13,WH-B,CR-4,2.33728,1.17423,0.90261,0.29663,0
2025-05-13,WH-C,CR-1,1.43074,1.20571,0.92714,0.29663,0
2025-05-13,WH-C,CR-2,1.43074,1.20571,0.9241,0.29663,0
2025-05-13,WH-C,CR-3,1.43074,1.20571,0.8739,0.29663,0
2025-05-13,WH-C,CR-4,1.43074,1.20571,0.92568,0.29663,0
2025-05-14,WH-A,CR-1,1.85644,1.22193,0.90726,0.83721,0
2025-05-14,WH-A,CR-2,1.85644,1.22193,0.89151,0.83721,0
2025-05-14,WH-A,CR-3,1.85644,1.22193,0.87488,0.83721,0
2025-05-14,WH-A,CR-4,1.85644,1.22193,0.91572,0.83721,0
2025-05-14,WH-B,CR-1,2.82131,1.02393,0.90465,0.83721,0
2025-05-14,WH-B,CR-2,2.82131,1.02393,0.90417,0.83721,0
2025-05-14,WH-B,CR-3,2.82131,1.02393,0.87532,0.83721,0
2025-05-14,WH-B,CR-4,2.82131,1.02393,0.91261,0.83721,0
2025-05-14,WH-C,CR-1,1.62863,1.20962,0.91516,0.83721,0
2025-05-14,WH-C,CR-2,1.62863,1.20962,0.88645,0.83721,0
2025-05-14,WH-C,CR-3,1.62863,1.20962,0.86721,0.83721,0
2025-05-14,WH-C,CR-4,1.62863,1.20962,0.92578,0.83721,0
2025-05-15,WH-A,CR-1,1.7784,1.18344,0.93882,0.05996,0
2025-05-15,WH-A,CR-2,1.7784,1.18344,0.90237,0.05996,0
2025-05-15,WH-A,CR-3,1.7784,1.18344,0.8939,0.05996,0
2025-05-15,WH-A,CR-4,1.7784,1.18344,0.92245,0.05996,0
2025-05-15,WH-B,CR-1,2.51881,1.02268,0.93036,0.05996,0
2025-05-15,WH-B,CR-2,2.51881,1.02268,0.91511,0.05996,0
2025-05-15,WH-B,CR-3,2.51881,1.02268,0.88277,0.05996,0
2025-05-15,WH-B,CR-4,2.51881,1.02268,0.93611,0.05996,0
2025-05-15,WH-C,CR-1,1.80865,1.31702,0.92995,0.05996,0
2025-05-15,WH-C,CR-2,1.80865,1.31702,0.88949,0.05996,0
2025-05-15,WH-C,CR-3,1.80865,1.31702,0.86631,0.05996,0
2025-05-15,WH-C,CR-4,1.80865,1.31702,0.92048,0.05996,0
2025-05-16,WH-A,CR-1,2.25025,1.27317,0.94454,0.08374,0
2025-05-16,WH-A,CR-2,2.25025,1.27317,0.93419,0.08374,0
2025-05-16,WH-A,CR-3,2.25025,1.27317,0.87422,0.08374,0
2025-05-16,WH-A,CR-4,2.25025,1.27317,0.9089,0.08374,0
2025-05-16,WH-B,CR-1,2.7917,1.00291,0.92943,0.08374,0
2025-05-16,WH-B,CR-2,2.7917,1.00291,0.91473,0.08374,0
2025-05-16,WH-B,CR-3,2.7917,1.00291,0.87726,0.08374,0
2025-05-16,WH-B,CR-4,2.7917,1.00291,0.9262,0.08374,0
2025-05-16,WH-C,CR-1,1.31821,1.14914,0.95054,0.08374,0
2025-05-16,WH-C,CR-2,1.31821,1.14914,0.90873,0.08374,0
2025-05-16,WH-C,CR-3,1.31821,1.14914,0.86853,0.08374,0
2025-05-16,WH-C,CR-4,1.31821,1.14914,0.91352,0.08374,0
2025-05-17,WH-A,CR-1,2.23743,1.00596,0.91152,0.10862,0
2025-05-17,WH-A,CR-2,2.23743,1.00596,0.91308,0.10862,0
2025-05-17,WH-A,CR-3,2.23743,1.00596,0.86727,0.10862,0
2025-05-17,WH-A,CR-4,2.23743,1.00596,0.93631,0.10862,0
2025-05-17,WH-B,CR-1,2.33448,0.99097,0.93988,0.10862,0
2025-05-17,WH-B,CR-2,2.33448,0.99097,0.93634,0.10862,0
2025-05-17,WH-B,CR-3,2.33448,0.99097,0.88703,0.10862,0
2025-05-17,WH-B,CR-4,2.33448,0.99097,0.92968,0.10862,0
2025-05-17,WH-C,CR-1,1.53694,0.92991,0.92458,0.10862,0
2025-05-17,WH-C,CR-2,1.53694,0.92991,0.87791,0.10862,0
2025-05-17,WH-C,CR-3,1.53694,0.92991,0.8988,0.10862,0
2025-05-17,WH-C,CR-4,1.53694,0.92991,0.94637,0.10862,0
2025-05-18,WH-A,CR-1,1.5644,1.05246,0.95341,0.45017,0
2025-05-18,WH-A,CR-2,1.5644,1.05246,0.90347,0.45017,0
2025-05-18,WH-A,CR-3,1.5644,1.05246,0.86512,0.45017,0
2025-05-18,WH-A,CR-4,1.5644,1.05246,0.9008,0.45017,0
2025-05-18,WH-B,CR-1,2.78364,1.06439,0.91082,0.45017,0
2025-05-18,WH-B,CR-2,2.78364,1.06439,0.89081,0.45017,0
2025-05-18,WH-B,CR-3,2.78364,1.06439,0.85657,0.45017,0
2025-05-18,WH-B,CR-4,2.78364,1.06439,0.92032,0.45017,0
2025-05-18,WH-C,CR-1,1.62471,1.02974,0.94122,0.45017,0
2025-05-18,WH-C,CR-2,1.62471,1.02974,0.90284,0.45017,0
2025-05-18,WH-C,CR-3,1.62471,1.02974,0.88464,0.45017,0
2025-05-18,WH-C,CR-4,1.62471,1.02974,0.91761,0.45017,0
2025-05-19,WH-A,CR-1,1.59475,1.01244,0.94184,0.09394,0
2025-05-19,WH-A,CR-2,1.59475,1.01244,0.88545,0.09394,0
2025-05-19,WH-A,CR-3,1.59475,1.01244,0.88025,0.09394,0
2025-05-19,WH-A,CR-4,1.59475,1.01244,0.91209,0.09394,0
2025-05-19,WH-B,CR-1,2.45764,1.19836,0.96596,0.09394,0
2025-05-19,WH-B,CR-2,2.45764,1.19836,0.89537,0.09394,0
2025-05-19,WH-B,CR-3,2.45764,1.19836,0.87651,0.09394,0
2025-05-19,WH-B,CR-4,2.45764,1.19836,0.91962,0.09394,0
2025-05-19,WH-C,CR-1,1.30333,1.0928,0.9482,0.09394,0
2025-05-19,WH-C,CR-2,1.30333,1.0928,0.90245,0.09394,0
2025-05-19,WH-C,CR-3,1.30333,1.0928,0.9053,0.09394,0
2025-05-19,WH-C,CR-4,1.30333,1.0928,0.9333,0.09394,0
2025-05-20,WH-A,CR-1,2.04687,1.12066,0.92896,0.07891,0
2025-05-20,WH-A,CR-2,2.04687,1.12066,0.91818,0.07891,0
2025-05-20,WH-A,CR-3,2.04687,1.12066,0.85891,0.07891,0
2025-05-20,WH-A,CR-4,2.04687,1.12066,0.91249,0.07891,0
2025-05-20,WH-B,CR-1,2.17072,1.20464,0.95338,0.07891,0
2025-05-20,WH-B,CR-2,2.17072,1.20464,0.92515,0.07891,0
2025-05-20,WH-B,CR-3,2.17072,1.20464,0.88494,0.07891,0
2025-05-20,WH-B,CR-4,2.17072,1.20464,0.92759,0.07891,0
2025-05-20,WH-C,CR-1,1.67558,1.05844,0.91644,0.07891,0
2025-05-20,WH-C,CR-2,1.67558,1.05844,0.91382,0.07891,0
2025-05-20,WH-C,CR-3,1.67558,1.05844,0.86651,0.07891,0
2025-05-20,WH-C,CR-4,1.67558,1.05844,0.9278,0.07891,0
2025-05-21,WH-A,CR-1,2.30754,1.21657,0.93615,0.34401,0
2025-05-21,WH-A,CR-2,2.30754,1.21657,0.8985,0.34401,0
2025-05-21,WH-A,CR-3,2.30754,1.21657,0.8751,0.34401,0
2025-05-21,WH-A,CR-4,2.30754,1.21657,0.91665,0.34401,0
2025-05-21,WH-B,CR-1,2.12106,1.35,0.93599,0.34401,0
2025-05-21,WH-B,CR-2,2.12106,1.35,0.90921,0.34401,0
2025-05-21,WH-B,CR-3,2.12106,1.35,0.86534,0.34401,0
2025-05-21,WH-B,CR-4,2.12106,1.35,0.93605,0.34401,0
2025-05-21,WH-C,CR-1,1.90407,1.21139,0.93639,0.34401,0
2025-05-21,WH-C,CR-2,1.90407,1.21139,0.91622,0.34401,0
2025-05-21,WH-C,CR-3,1.90407,1.21139,0.88907,0.34401,0
2025-05-21,WH-C,CR-4,1.90407,1.21139,0.92721,0.34401,0
2025-05-22,WH-A,CR-1,1.83083,1.09256,0.93455,0.2675,0
2025-05-22,WH-A,CR-2,1.83083,1.09256,0.88429,0.2675,0
2025-05-22,WH-A,CR-3,1.83083,1.09256,0.88512,0.2675,0
2025-05-22,WH-A,CR-4,1.83083,1.09256,0.91363,0.2675,0
2025-05-22,WH-B,CR-1,1.99104,1.13294,0.93566,0.2675,0
2025-05-22,WH-B,CR-2,1.99104,1.13294,0.90106,0.2675,0
2025-05-22,WH-B,CR-3,1.99104,1.13294,0.87438,0.2675,0
2025-05-22,WH-B,CR-4,1.99104,1.13294,0.92447,0.2675,0
2025-05-22,WH-C,CR-1,1.62856,1.08814,0.94816,0.2675,0
2025-05-22,WH-C,CR-2,1.62856,1.08814,0.87993,0.2675,0
2025-05-22,WH-C,CR-3,1.62856,1.08814,0.87272,0.2675,0
2025-05-22,WH-C,CR-4,1.62856,1.08814,0.91956,0.2675,0
2025-05-23,WH-A,CR-1,1.661,1.14181,0.94454,0.46127,0
2025-05-23,WH-A,CR-2,1.661,1.14181,0.90568,0.46127,0
2025-05-23,WH-A,CR-3,1.661,1.14181,0.8575,0.46127,0
2025-05-23,WH-A,CR-4,1.661,1.14181,0.91585,0.46127,0
2025-05-23,WH-B,CR-1,2.38018,1.05394,0.93075,0.46127,0
2025-05-23,WH-B,CR-2,2.38018,1.05394,0.90159,0.46127,0
2025-05-23,WH-B,CR-3,2.38018,1.05394,0.86707,0.46127,0
2025-05-23,WH-B,CR-4,2.38018,1.05394,0.95405,0.46127,0
2025-05-23,WH-C,CR-1,1.45999,1.18598,0.9225,0.46127,0
2025-05-23,WH-C,CR-2,1.45999,1.18598,0.90803,0.46127,0
2025-05-23,WH-C,CR-3,1.45999,1.18598,0.88215,0.46127,0
2025-05-23,WH-C,CR-4,1.45999,1.18598,0.91464,0.46127,0
2025-05-24,WH-A,CR-1,1.32348,1.15294,0.92821,0.28586,0
2025-05-24,WH-A,CR-2,1.32348,1.15294,0.87589,0.28586,0
2025-05-24,WH-A,CR-3,1.32348,1.15294,0.89604,0.28586,0
2025-05-24,WH-A,CR-4,1.32348,1.15294,0.91523,0.28586,0
2025-05-24,WH-B,CR-1,2.23526,1.20127,0.93315,0.28586,0
2025-05-24,WH-B,CR-2,2.23526,1.20127,0.90289,0.28586,0
2025-05-24,WH-B,CR-3,2.23526,1.20127,0.86012,0.28586,0
2025-05-24,WH-B,CR-4,2.23526,1.20127,0.90524,0.28586,0
2025-05-24,WH-C,CR-1,1.43513,1.09902,0.93852,0.28586,0
2025-05-24,WH-C,CR-2,1.43513,1.09902,0.89908,0.28586,0
2025-05-24,WH-C,CR-3,1.43513,1.09902,0.8751,0.28586,0
2025-05-24,WH-C,CR-4,1.43513,1.09902,0.90281,0.28586,0
2025-05-25,WH-A,CR-1,2.19388,1.0706,0.92006,0.47933,0
2025-05-25,WH-A,CR-2,2.19388,1.0706,0.90076,0.47933,0
2025-05-25,WH-A,CR-3,2.19388,1.0706,0.86744,0.47933,0
2025-05-25,WH-A,CR-4,2.19388,1.0706,0.92659,0.47933,0
2025-05-25,WH-B,CR-1,2.23516,0.9692,0.91174,0.47933,0
2025-05-25,WH-B,CR-2,2.23516,0.9692,0.90453,0.47933,0
2025-05-25,WH-B,CR-3,2.23516,0.9692,0.88797,0.47933,0
2025-05-25,WH-B,CR-4,2.23516,0.9692,0.92232,0.47933,0
2025-05-25,WH-C,CR-1,1.76032,1.15102,0.93457,0.47933,0
2025-05-25,WH-C,CR-2,1.76032,1.15102,0.8916,0.47933,0
2025-05-25,WH-C,CR-3,1.76032,1.15102,0.87372,0.47933,0
2025-05-25,WH-C,CR-4,1.76032,1.15102,0.93586,0.47933,0
2025-05-26,WH-A,CR-1,1.90541,1.13381,0.92938,0.51082,0
2025-05-26,WH-A,CR-2,1.90541,1.13381,0.90019,0.51082,0
2025-05-26,WH-A,CR-3,1.90541,1.13381,0.88482,0.51082,0
2025-05-26,WH-A,CR-4,1.90541,1.13381,0.89264,0.51082,0
2025-05-26,WH-B,CR-1,2.23483,1.14364,0.91435,0.51082,0
2025-05-26,WH-B,CR-2,2.23483,1.14364,0.90887,0.51082,0
2025-05-26,WH-B,CR-3,2.23483,1.14364,0.86211,0.51082,0
2025-05-26,WH-B,CR-4,2.23483,1.14364,0.91652,0.51082,0
2025-05-26,WH-C,CR-1,2.33257,1.2308,0.9377,0.51082,0
2025-05-26,WH-C,CR-2,2.33257,1.2308,0.90537,0.51082,0
2025-05-26,WH-C,CR-3,2.33257,1.2308,0.86883,0.51082,0
2025-05-26,WH-C,CR-4,2.33257,1.2308,0.9448,0.51082,0
2025-05-27,WH-A,CR-1,1.38819,1.19535,0.92768,0.64696,0
2025-05-27,WH-A,CR-2,1.38819,1.19535,0.88121,0.64696,0
2025-05-27,WH-A,CR-3,1.38819,1.19535,0.8735,0.64696,0
2025-05-27,WH-A,CR-4,1.38819,1.19535,0.91513,0.64696,0
2025-05-27,WH-B,CR-1,2.40808,1.18534,0.92106,0.64696,0
2025-05-27,WH-B,CR-2,2.40808,1.18534,0.90595,0.64696,0
2025-05-27,WH-B,CR-3,2.40808,1.18534,0.86238,0.64696,0
2025-05-27,WH-B,CR-4,2.40808,1.18534,0.91316,0.64696,0
2025-05-27,WH-C,CR-1,1.86958,1.24048,0.92499,0.64696,0
2025-05-27,WH-C,CR-2,1.86958,1.24048,0.91482,0.64696,0
2025-05-27,WH-C,CR-3,1.86958,1.24048,0.88976,0.64696,0
2025-05-27,WH-C,CR-4,1.86958,1.24048,0.90949,0.64696,0
2025-05-28,WH-A,CR-1,1.23728,1.1029,0.92086,0.78682,0
2025-05-28,WH-A,CR-2,1.23728,1.1029,0.9114,0.78682,0
2025-05-28,WH-A,CR-3,1.23728,1.1029,0.86776,0.78682,0
2025-05-28,WH-A,CR-4,1.23728,1.1029,0.93124,0.78682,0
2025-05-28,WH-B,CR-1,2.50635,1.12526,0.92115,0.78682,0
2025-05-28,WH-B,CR-2,2.50635,1.12526,0.90258,0.78682,0
2025-05-28,WH-B,CR-3,2.50635,1.12526,0.87568,0.78682,0
2025-05-28,WH-B,CR-4,2.50635,1.12526,0.9278,0.78682,0
2025-05-28,WH-C,CR-1,1.66181,1.16402,0.93285,0.78682,0
2025-05-28,WH-C,CR-2,1.66181,1.16402,0.89123,0.78682,0
2025-05-28,WH-C,CR-3,1.66181,1.16402,0.85222,0.78682,0
2025-05-28,WH-C,CR-4,1.66181,1.16402,0.90616,0.78682,0
2025-05-29,WH-A,CR-1,1.88138,1.04152,0.92867,0.23138,0
2025-05-29,WH-A,CR-2,1.88138,1.04152,0.90154,0.23138,0
2025-05-29,WH-A,CR-3,1.88138,1.04152,0.88537,0.23138,0
2025-05-29,WH-A,CR-4,1.88138,1.04152,0.9195,0.23138,0
2025-05-29,WH-B,CR-1,2.24522,1.03704,0.94164,0.23138,0
2025-05-29,WH-B,CR-2,2.24522,1.03704,0.9039,0.23138,0
2025-05-29,WH-B,CR-3,2.24522,1.03704,0.86799,0.23138,0
2025-05-29,WH-B,CR-4,2.24522,1.03704,0.92272,0.23138,0
2025-05-29,WH-C,CR-1,2.01113,1.06961,0.92574,0.23138,0
2025-05-29,WH-C,CR-2,2.01113,1.06961,0.92086,0.23138,0
2025-05-29,WH-C,CR-3,2.01113,1.06961,0.87674,0.23138,0
2025-05-29,WH-C,CR-4,2.01113,1.06961,0.93387,0.23138,0
2025-05-30,WH-A,CR-1,1.73587,1.21652,0.94578,0.45397,0
2025-05-30,WH-A,CR-2,1.73587,1.21652,0.91484,0.45397,0
2025-05-30,WH-A,CR-3,1.73587,1.21652,0.8576,0.45397,0
2025-05-30,WH-A,CR-4,1.73587,1.21652,0.93749,0.45397,0
2025-05-30,WH-B,CR-1,2.09899,1.0896,0.9298,0.45397,0
2025-05-30,WH-B,CR-2,2.09899,1.0896,0.9118,0.45397,0
2025-05-30,WH-B,CR-3,2.09899,1.0896,0.87831,0.45397,0
2025-05-30,WH-B,CR-4,2.09899,1.0896,0.91876,0.45397,0
2025-05-30,WH-C,CR-1,2.13529,1.16119,0.92495,0.45397,0
2025-05-30,WH-C,CR-2,2.13529,1.16119,0.89333,0.45397,0
2025-05-30,WH-C,CR-3,2.13529,1.16119,0.87675,0.45397,0
2025-05-30,WH-C,CR-4,2.13529,1.16119,0.92084,0.45397,0
2025-05-31,WH-A,CR-1,1.59344,1.19737,0.92245,0.03965,0
2025-05-31,WH-A,CR-2,1.59344,1.19737,0.90712,0.03965,0
2025-05-31,WH-A,CR-3,1.59344,1.19737,0.87089,0.03965,0
2025-05-31,WH-A,CR-4,1.59344,1.19737,0.91758,0.03965,0
2025-05-31,WH-B,CR-1,1.9572,1.21165,0.94101,0.03965,0
2025-05-31,WH-B,CR-2,1.9572,1.21165,0.89979,0.03965,0
2025-05-31,WH-B,CR-3,1.9572,1.21165,0.85734,0.03965,0
2025-05-31,WH-B,CR-4,1.9572,1.21165,0.90863,0.03965,0
2025-05-31,WH-C,CR-1,1.73341,1.0193,0.9366,0.03965,0
2025-05-31,WH-C,CR-2,1.73341,1.0193,0.88202,0.03965,0
2025-05-31,WH-C,CR-3,1.73341,1.0193,0.87819,0.03965,0
2025-05-31,WH-C,CR-4,1.73341,1.0193,0.94162,0.03965,0
2025-06-01,WH-A,CR-1,1.38682,1.00166,0.92017,1.19887,0
2025-06-01,WH-A,CR-2,1.38682,1.00166,0.87378,1.19887,0
2025-06-01,WH-A,CR-3,1.38682,1.00166,0.87861,1.19887,0
2025-06-01,WH-A,CR-4,1.38682,1.00166,0.90894,1.19887,0
2025-06-01,WH-B,CR-1,1.99064,1.19742,0.91823,1.19887,0
2025-06-01,WH-B,CR-2,1.99064,1.19742,0.89322,1.19887,0
2025-06-01,WH-B,CR-3,1.99064,1.19742,0.84941,1.19887,0
2025-06-01,WH-B,CR-4,1.99064,1.19742,0.89197,1.19887,0
2025-06-01,WH-C,CR-1,1.44465,1.24496,0.92602,1.19887,0
2025-06-01,WH-C,CR-2,1.44465,1.24496,0.89171,1.19887,0
2025-06-01,WH-C,CR-3,1.44465,1.24496,0.8467,1.19887,0
2025-06-01,WH-C,CR-4,1.44465,1.24496,0.91936,1.19887,0
2025-06-02,WH-A,CR-1,1.3357,1.30636,0.96203,0.04116,0
2025-06-02,WH-A,CR-2,1.3357,1.30636,0.90384,0.04116,0
2025-06-02,WH-A,CR-3,1.3357,1.30636,0.87117,0.04116,0
2025-06-02,WH-A,CR-4,1.3357,1.30636,0.90957,0.04116,0
2025-06-02,WH-B,CR-1,2.08111,1.16296,0.94873,0.04116,0
2025-06-02,WH-B,CR-2,2.08111,1.16296,0.92019,0.04116,0
2025-06-02,WH-B,CR-3,2.08111,1.16296,0.87689,0.04116,0
2025-06-02,WH-B,CR-4,2.08111,1.16296,0.93593,0.04116,0
2025-06-02,WH-C,CR-1,1.22368,1.19296,0.93317,0.04116,0
2025-06-02,WH-C,CR-2,1.22368,1.19296,0.91477,0.04116,0
2025-06-02,WH-C,CR-3,1.22368,1.19296,0.8838,0.04116,0
2025-06-02,WH-C,CR-4,1.22368,1.19296,0.93008,0.04116,0
2025-06-03,WH-A,CR-1,1.12367,1.1284,0.91111,0.64286,0
2025-06-03,WH-A,CR-2,1.12367,1.1284,0.89355,0.64286,0
2025-06-03,WH-A,CR-3,1.12367,1.1284,0.86393,0.64286,0
2025-06-03,WH-A,CR-4,1.12367,1.1284,0.93414,0.64286,0
2025-06-03,WH-B,CR-1,2.16079,1.23235,0.93205,0.64286,0
2025-06-03,WH-B,CR-2,2.16079,1.23235,0.892,0.64286,0
2025-06-03,WH-B,CR-3,2.16079,1.23235,0.87003,0.64286,0
2025-06-03,WH-B,CR-4,2.16079,1.23235,0.92718,0.64286,0
2025-06-03,WH-C,CR-1,1.74127,1.13942,0.90866,0.64286,0
2025-06-03,WH-C,CR-2,1.74127,1.13942,0.87781,0.64286,0
2025-06-03,WH-C,CR-3,1.74127,1.13942,0.86451,0.64286,0
2025-06-03,WH-C,CR-4,1.74127,1.13942,0.89037,0.64286,0
2025-06-04,WH-A,CR-1,1.13438,1.06123,0.92813,1.34473,0
2025-06-04,WH-A,CR-2,1.13438,1.06123,0.87243,1.34473,0
2025-06-04,WH-A,CR-3,1.13438,1.06123,0.84358,1.34473,0
2025-06-04,WH-A,CR-4,1.13438,1.06123,0.8966,1.34473,0
2025-06-04,WH-B,CR-1,2.20092,1.19966,0.93011,1.34473,0
2025-06-04,WH-B,CR-2,2.20092,1.19966,0.89833,1.34473,0
2025-06-04,WH-B,CR-3,2.20092,1.19966,0.8558,1.34473,0
2025-06-04,WH-B,CR-4,2.20092,1.19966,0.91804,1.34473,0
2025-06-04,WH-C,CR-1,1.42345,1.00433,0.90774,1.34473,0
2025-06-04,WH-C,CR-2,1.42345,1.00433,0.87612,1.34473,0
2025-06-04,WH-C,CR-3,1.42345,1.00433,0.84821,1.34473,0
2025-06-04,WH-C,CR-4,1.42345,1.00433,0.89428,1.34473,0
2025-06-05,WH-A,CR-1,1.96243,1.01197,0.92137,0.17653,0
2025-06-05,WH-A,CR-2,1.96243,1.01197,0.89733,0.17653,0
2025-06-05,WH-A,CR-3,1.96243,1.01197,0.88601,0.17653,0
2025-06-05,WH-A,CR-4,1.96243,1.01197,0.92436,0.17653,0
2025-06-05,WH-B,CR-1,1.9319,1.20734,0.9483,0.17653,0
2025-06-05,WH-B,CR-2,1.9319,1.20734,0.9066,0.17653,0
2025-06-05,WH-B,CR-3,1.9319,1.20734,0.86703,0.17653,0
2025-06-05,WH-B,CR-4,1.9319,1.20734,0.93007,0.17653,0
2025-06-05,WH-C,CR-1,1.36834,1.13072,0.93067,0.17653,0
2025-06-05,WH-C,CR-2,1.36834,1.13072,0.91792,0.17653,0
2025-06-05,WH-C,CR-3,1.36834,1.13072,0.87982,0.17653,0
2025-06-05,WH-C,CR-4,1.36834,1.13072,0.93925,0.17653,0
2025-06-06,WH-A,CR-1,1.72131,1.23323,0.92794,0.98032,0
2025-06-06,WH-A,CR-2,1.72131,1.23323,0.92359,0.98032,0
2025-06-06,WH-A,CR-3,1.72131,1.23323,0.86608,0.98032,0
2025-06-06,WH-A,CR-4,1.72131,1.23323,0.92073,0.98032,0
2025-06-06,WH-B,CR-1,2.11039,1.14207,0.91925,0.98032,0
2025-06-06,WH-B,CR-2,2.11039,1.14207,0.89589,0.98032,0
2025-06-06,WH-B,CR-3,2.11039,1.14207,0.86861,0.98032,0
2025-06-06,WH-B,CR-4,2.11039,1.14207,0.92621,0.98032,0
2025-06-06,WH-C,CR-1,1.52052,1.11297,0.91843,0.98032,0
2025-06-06,WH-C,CR-2,1.52052,1.11297,0.87648,0.98032,0
2025-06-06,WH-C,CR-3,1.52052,1.11297,0.88229,0.98032,0
2025-06-06,WH-C,CR-4,1.52052,1.11297,0.90586,0.98032,0
2025-06-07,WH-A,CR-1,1.8464,1.0606,0.91722,0.74036,0
2025-06-07,WH-A,CR-2,1.8464,1.0606,0.88505,0.74036,0
2025-06-07,WH-A,CR-3,1.8464,1.0606,0.88742,0.74036,0
2025-06-07,WH-A,CR-4,1.8464,1.0606,0.91804,0.74036,0
2025-06-07,WH-B,CR-1,2.51684,1.18079,0.92174,0.74036,0
2025-06-07,WH-B,CR-2,2.51684,1.18079,0.90176,0.74036,0
2025-06-07,WH-B,CR-3,2.51684,1.18079,0.86721,0.74036,0
2025-06-07,WH-B,CR-4,2.51684,1.18079,0.90279,0.74036,0
2025-06-07,WH-C,CR-1,1.44466,1.117,0.92069,0.74036,0
2025-06-07,WH-C,CR-2,1.44466,1.117,0.89278,0.74036,0
2025-06-07,WH-C,CR-3,1.44466,1.117,0.86459,0.74036,0
2025-06-07,WH-C,CR-4,1.44466,1.117,0.94201,0.74036,0
2025-06-08,WH-A,CR-1,1.73097,1.01875,0.93644,0.01227,0
2025-06-08,WH-A,CR-2,1.73097,1.01875,0.91779,0.01227,0
2025-06-08,WH-A,CR-3,1.73097,1.01875,0.88847,0.01227,0
2025-06-08,WH-A,CR-4,1.73097,1.01875,0.93201,0.01227,0
2025-06-08,WH-B,CR-1,2.76788,1.17151,0.94958,0.01227,0
2025-06-08,WH-B,CR-2,2.76788,1.17151,0.90322,0.01227,0
2025-06-08,WH-B,CR-3,2.76788,1.17151,0.88571,0.01227,0
2025-06-08,WH-B,CR-4,2.76788,1.17151,0.93577,0.01227,0
2025-06-08,WH-C,CR-1,1.17303,0.94444,0.91551,0.01227,0
2025-06-08,WH-C,CR-2,1.17303,0.94444,0.91062,0.01227,0
2025-06-08,WH-C,CR-3,1.17303,0.94444,0.88336,0.01227,0
2025-06-08,WH-C,CR-4,1.17303,0.94444,0.9156,0.01227,0
2025-06-09,WH-A,CR-1,2.21512,1.17964,0.91302,0.78776,0
2025-06-09,WH-A,CR-2,2.21512,1.17964,0.90132,0.78776,0
2025-06-09,WH-A,CR-3,2.21512,1.17964,0.87386,0.78776,0
2025-06-09,WH-A,CR-4,2.21512,1.17964,0.90925,0.78776,0
2025-06-09,WH-B,CR-1,2.04208,1.15802,0.91381,0.78776,0
2025-06-09,WH-B,CR-2,2.04208,1.15802,0.90927,0.78776,0
2025-06-09,WH-B,CR-3,2.04208,1.15802,0.86093,0.78776,0
2025-06-09,WH-B,CR-4,2.04208,1.15802,0.93652,0.78776,0
2025-06-09,WH-C,CR-1,0.5367,1.16078,0.94297,0.78776,0
2025-06-09,WH-C,CR-2,0.5367,1.16078,0.88514,0.78776,0
2025-06-09,WH-C,CR-3,0.5367,1.16078,0.86391,0.78776,0
2025-06-09,WH-C,CR-4,0.5367,1.16078,0.91098,0.78776,0
2025-06-10,WH-A,CR-1,1.60232,1.14112,0.94384,0.13063,0
2025-06-10,WH-A,CR-2,1.60232,1.14112,0.90507,0.13063,0
2025-06-10,WH-A,CR-3,1.60232,1.14112,0.86565,0.13063,0
2025-06-10,WH-A,CR-4,1.60232,1.14112,0.94001,0.13063,0
2025-06-10,WH-B,CR-1,2.32883,1.06671,0.92212,0.13063,0
2025-06-10,WH-B,CR-2,2.32883,1.06671,0.89623,0.13063,0
2025-06-10,WH-B,CR-3,2.32883,1.06671,0.88419,0.13063,0
2025-06-10,WH-B,CR-4,2.32883,1.06671,0.93096,0.13063,0
2025-06-10,WH-C,CR-1,1.14128,1.12391,0.92655,0.13063,0
2025-06-10,WH-C,CR-2,1.14128,1.12391,0.91867,0.13063,0
2025-06-10,WH-C,CR-3,1.14128,1.12391,0.87101,0.13063,0
2025-06-10,WH-C,CR-4,1.14128,1.12391,0.92989,0.13063,0
2025-06-11,WH-A,CR-1,2.00888,1.0927,0.94929,0.02674,0
2025-06-11,WH-A,CR-2,2.00888,1.0927,0.88155,0.02674,0
2025-06-11,WH-A,CR-3,2.00888,1.0927,0.87281,0.02674,0
2025-06-11,WH-A,CR-4,2.00888,1.0927,0.92746,0.02674,0
2025-06-11,WH-B,CR-1,2.86771,1.05647,0.94757,0.02674,0
2025-06-11,WH-B,CR-2,2.86771,1.05647,0.9222,0.02674,0
2025-06-11,WH-B,CR-3,2.86771,1.05647,0.87086,0.02674,0
2025-06-11,WH-B,CR-4,2.86771,1.05647,0.92504,0.02674,0
2025-06-11,WH-C,CR-1,1.30548,1.03148,0.93406,0.02674,0
2025-06-11,WH-C,CR-2,1.30548,1.03148,0.92483,0.02674,0
2025-06-11,WH-C,CR-3,1.30548,1.03148,0.88579,0.02674,0
2025-06-11,WH-C,CR-4,1.30548,1.03148,0.92764,0.02674,0
2025-06-12,WH-A,CR-1,2.18838,1.10549,0.95227,0.34169,0
2025-06-12,WH-A,CR-2,2.18838,1.10549,0.91965,0.34169,0
2025-06-12,WH-A,CR-3,2.18838,1.10549,0.88198,0.34169,0
2025-06-12,WH-A,CR-4,2.18838,1.10549,0.91373,0.34169,0
2025-06-12,WH-B,CR-1,2.2492,1.12387,0.93458,0.34169,0
2025-06-12,WH-B,CR-2,2.2492,1.12387,0.88263,0.34169,0
2025-06-12,WH-B,CR-3,2.2492,1.12387,0.87979,0.34169,0
2025-06-12,WH-B,CR-4,2.2492,1.12387,0.9393,0.34169,0
2025-06-12,WH-C,CR-1,1.56259,1.09592,0.92432,0.34169,0
2025-06-12,WH-C,CR-2,1.56259,1.09592,0.90745,0.34169,0
2025-06-12,WH-C,CR-3,1.56259,1.09592,0.87201,0.34169,0
2025-06-12,WH-C,CR-4,1.56259,1.09592,0.92917,0.34169,0
2025-06-13,WH-A,CR-1,1.63663,1.16773,0.92583,0.54467,0
2025-06-13,WH-A,CR-2,1.63663,1.16773,0.89901,0.54467,0
2025-06-13,WH-A,CR-3,1.63663,1.16773,0.88057,0.54467,0
2025-06-13,WH-A,CR-4,1.63663,1.16773,0.93187,0.54467,0
2025-06-13,WH-B,CR-1,2.69186,1.18405,0.92888,0.54467,0
2025-06-13,WH-B,CR-2,2.69186,1.18405,0.89716,0.54467,0
2025-06-13,WH-B,CR-3,2.69186,1.18405,0.84938,0.54467,0
2025-06-13,WH-B,CR-4,2.69186,1.18405,0.93627,0.54467,0
2025-06-13,WH-C,CR-1,1.41345,1.19047,0.93834,0.54467,0
2025-06-13,WH-C,CR-2,1.41345,1.19047,0.88525,0.54467,0
2025-06-13,WH-C,CR-3,1.41345,1.19047,0.85912,0.54467,0
2025-06-13,WH-C,CR-4,1.41345,1.19047,0.93876,0.54467,0
2025-06-14,WH-A,CR-1,1.62818,1.1569,0.94387,0.40815,0
2025-06-14,WH-A,CR-2,1.62818,1.1569,0.88506,0.40815,0
2025-06-14,WH-A,CR-3,1.62818,1.1569,0.89226,0.40815,0
2025-06-14,WH-A,CR-4,1.62818,1.1569,0.93425,0.40815,0
2025-06-14,WH-B,CR-1,2.43493,0.97466,0.9453,0.40815,0
2025-06-14,WH-B,CR-2,2.43493,0.97466,0.90837,0.40815,0
2025-06-14,WH-B,CR-3,2.43493,0.97466,0.85516,0.40815,0
2025-06-14,WH-B,CR-4,2.43493,0.97466,0.91987,0.40815,0
2025-06-14,WH-C,CR-1,2.52149,1.07132,0.92375,0.40815,0
2025-06-14,WH-C,CR-2,2.52149,1.07132,0.89055,0.40815,0
2025-06-14,WH-C,CR-3,2.52149,1.07132,0.89392,0.40815,0
2025-06-14,WH-C,CR-4,2.52149,1.07132,0.93283,0.40815,0
2025-06-15,WH-A,CR-1,2.10396,1.00213,0.92338,1.03185,0
2025-06-15,WH-A,CR-2,2.10396,1.00213,0.89487,1.03185,0
2025-06-15,WH-A,CR-3,2.10396,1.00213,0.87802,1.03185,0
2025-06-15,WH-A,CR-4,2.10396,1.00213,0.91525,1.03185,0
2025-06-15,WH-B,CR-1,2.10052,1.07513,0.90131,1.03185,0
2025-06-15,WH-B,CR-2,2.10052,1.07513,0.86358,1.03185,0
2025-06-15,WH-B,CR-3,2.10052,1.07513,0.8714,1.03185,0
2025-06-15,WH-B,CR-4,2.10052,1.07513,0.90693,1.03185,0
2025-06-15,WH-C,CR-1,2.05421,1.13648,0.93819,1.03185,0
2025-06-15,WH-C,CR-2,2.05421,1.13648,0.89784,1.03185,0
2025-06-15,WH-C,CR-3,2.05421,1.13648,0.88456,1.03185,0
2025-06-15,WH-C,CR-4,2.05421,1.13648,0.91746,1.03185,0
2025-06-16,WH-A,CR-1,1.52253,1.22648,0.90322,0.41284,0
2025-06-16,WH-A,CR-2,1.52253,1.22648,0.89553,0.41284,0
2025-06-16,WH-A,CR-3,1.52253,1.22648,0.87284,0.41284,0
2025-06-16,WH-A,CR-4,1.52253,1.22648,0.91309,0.41284,0
2025-06-16,WH-B,CR-1,1.9421,1.29715,0.94582,0.41284,0
2025-06-16,WH-B,CR-2,1.9421,1.29715,0.89434,0.41284,0
2025-06-16,WH-B,CR-3,1.9421,1.29715,0.86693,0.41284,0
2025-06-16,WH-B,CR-4,1.9421,1.29715,0.90724,0.41284,0
2025-06-16,WH-C,CR-1,2.08686,1.13002,0.90897,0.41284,0
2025-06-16,WH-C,CR-2,2.08686,1.13002,0.90378,0.41284,0
2025-06-16,WH-C,CR-3,2.08686,1.13002,0.87784,0.41284,0
2025-06-16,WH-C,CR-4,2.08686,1.13002,0.93413,0.41284,0
2025-06-17,WH-A,CR-1,2.28784,1.15053,0.94359,0.28005,0
2025-06-17,WH-A,CR-2,2.28784,1.15053,0.89848,0.28005,0
2025-06-17,WH-A,CR-3,2.28784,1.15053,0.88324,0.28005,0
2025-06-17,WH-A,CR-4,2.28784,1.15053,0.90749,0.28005,0
2025-06-17,WH-B,CR-1,1.83364,1.05334,0.9277,0.28005,0
2025-06-17,WH-B,CR-2,1.83364,1.05334,0.91996,0.28005,0
2025-06-17,WH-B,CR-3,1.83364,1.05334,0.86761,0.28005,0
2025-06-17,WH-B,CR-4,1.83364,1.05334,0.93358,0.28005,0
2025-06-17,WH-C,CR-1,2.39051,1.14779,0.94688,0.28005,0
2025-06-17,WH-C,CR-2,2.39051,1.14779,0.91133,0.28005,0
2025-06-17,WH-C,CR-3,2.39051,1.14779,0.87636,0.28005,0
2025-06-17,WH-C,CR-4,2.39051,1.14779,0.93396,0.28005,0
2025-06-18,WH-A,CR-1,2.43627,1.24035,0.93201,0.08585,0
2025-06-18,WH-A,CR-2,2.43627,1.24035,0.88282,0.08585,0
2025-06-18,WH-A,CR-3,2.43627,1.24035,0.87036,0.08585,0
2025-06-18,WH-A,CR-4,2.43627,1.24035,0.93503,0.08585,0
2025-06-18,WH-B,CR-1,1.89964,1.16443,0.93217,0.08585,0
2025-06-18,WH-B,CR-2,1.89964,1.16443,0.92062,0.08585,0
2025-06-18,WH-B,CR-3,1.89964,1.16443,0.88257,0.08585,0
2025-06-18,WH-B,CR-4,1.89964,1.16443,0.93549,0.08585,0
2025-06-18,WH-C,CR-1,2.11063,1.19195,0.94396,0.08585,0
2025-06-18,WH-C,CR-2,2.11063,1.19195,0.89732,0.08585,0
2025-06-18,WH-C,CR-3,2.11063,1.19195,0.88293,0.08585,0
2025-06-18,WH-C,CR-4,2.11063,1.19195,0.93795,0.08585,0
2025-06-19,WH-A,CR-1,1.84498,1.08509,0.91935,0.85685,0
2025-06-19,WH-A,CR-2,1.84498,1.08509,0.89685,0.85685,0
2025-06-19,WH-A,CR-3,1.84498,1.08509,0.86311,0.85685,0
2025-06-19,WH-A,CR-4,1.84498,1.08509,0.90109,0.85685,0
2025-06-19,WH-B,CR-1,1.56861,0.98212,0.88714,0.85685,0
2025-06-19,WH-B,CR-2,1.56861,0.98212,0.893,0.85685,0
2025-06-19,WH-B,CR-3,1.56861,0.98212,0.89242,0.85685,0
2025-06-19,WH-B,CR-4,1.56861,0.98212,0.93614,0.85685,0
2025-06-19,WH-C,CR-1,1.52877,1.16199,0.907,0.85685,0
2025-06-19,WH-C,CR-2,1.52877,1.16199,0.87883,0.85685,0
2025-06-19,WH-C,CR-3,1.52877,1.16199,0.85021,0.85685,0
2025-06-19,WH-C,CR-4,1.52877,1.16199,0.91187,0.85685,0
2025-06-20,WH-A,CR-1,2.02871,1.12305,0.93598,0.24768,0
2025-06-20,WH-A,CR-2,2.02871,1.12305,0.89242,0.24768,0
2025-06-20,WH-A,CR-3,2.02871,1.12305,0.85941,0.24768,0
2025-06-20,WH-A,CR-4,2.02871,1.12305,0.90755,0.24768,0
2025-06-20,WH-B,CR-1,1.97418,1.12297,0.91309,0.24768,0
2025-06-20,WH-B,CR-2,1.97418,1.12297,0.90478,0.24768,0
2025-06-20,WH-B,CR-3,1.97418,1.12297,0.86056,0.24768,0
2025-06-20,WH-B,CR-4,1.97418,1.12297,0.94547,0.24768,0
2025-06-20,WH-C,CR-1,1.28846,1.20452,0.94861,0.24768,0
2025-06-20,WH-C,CR-2,1.28846,1.20452,0.89408,0.24768,0
2025-06-20,WH-C,CR-3,1.28846,1.20452,0.87645,0.24768,0
2025-06-20,WH-C,CR-4,1.28846,1.20452,0.93218,0.24768,0
2025-06-21,WH-A,CR-1,1.44874,1.11432,0.928,0.34256,0
2025-06-21,WH-A,CR-2,1.44874,1.11432,0.90803,0.34256,0
2025-06-21,WH-A,CR-3,1.44874,1.11432,0.88487,0.34256,0
2025-06-21,WH-A,CR-4,1.44874,1.11432,0.93186,0.34256,0
2025-06-21,WH-B,CR-1,2.13072,1.12137,0.94209,0.34256,0
2025-06-21,WH-B,CR-2,2.13072,1.12137,0.92178,0.34256,0
2025-06-21,WH-B,CR-3,2.13072,1.12137,0.87343,0.34256,0
2025-06-21,WH-B,CR-4,2.13072,1.12137,0.9258,0.34256,0
2025-06-21,WH-C,CR-1,1.65917,1.03077,0.91781,0.34256,0
2025-06-21,WH-C,CR-2,1.65917,1.03077,0.90975,0.34256,0
2025-06-21,WH-C,CR-3,1.65917,1.03077,0.87136,0.34256,0
2025-06-21,WH-C,CR-4,1.65917,1.03077,0.90934,0.34256,0
2025-06-22,WH-A,CR-1,0.96481,1.15179,0.9006,0.4974,0
2025-06-22,WH-A,CR-2,0.96481,1.15179,0.89624,0.4974,0
2025-06-22,WH-A,CR-3,0.96481,1.15179,0.89313,0.4974,0
2025-06-22,WH-A,CR-4,0.96481,1.15179,0.91711,0.4974,0
2025-06-22,WH-B,CR-1,2.13999,1.13103,0.91045,0.4974,0
2025-06-22,WH-B,CR-2,2.13999,1.13103,0.90191,0.4974,0
2025-06-22,WH-B,CR-3,2.13999,1.13103,0.87182,0.4974,0
2025-06-22,WH-B,CR-4,2.13999,1.13103,0.94339,0.4974,0
2025-06-22,WH-C,CR-1,1.13949,1.03948,0.91991,0.4974,0
2025-06-22,WH-C,CR-2,1.13949,1.03948,0.88863,0.4974,0
2025-06-22,WH-C,CR-3,1.13949,1.03948,0.88458,0.4974,0
2025-06-22,WH-C,CR-4,1.13949,1.03948,0.92137,0.4974,0
2025-06-23,WH-A,CR-1,1.02163,1.1121,0.92202,0.15593,0
2025-06-23,WH-A,CR-2,1.02163,1.1121,0.90409,0.15593,0
2025-06-23,WH-A,CR-3,1.02163,1.1121,0.87288,0.15593,0
2025-06-23,WH-A,CR-4,1.02163,1.1121,0.9181,0.15593,0
2025-06-23,WH-B,CR-1,2.16689,1.16919,0.93051,0.15593,0
2025-06-23,WH-B,CR-2,2.16689,1.16919,0.90546,0.15593,0
2025-06-23,WH-B,CR-3,2.16689,1.16919,0.9031,0.15593,0
2025-06-23,WH-B,CR-4,2.16689,1.16919,0.95264,0.15593,0
2025-06-23,WH-C,CR-1,0.86337,1.07684,0.92448,0.15593,0
2025-06-23,WH-C,CR-2,0.86337,1.07684,0.91988,0.15593,0
2025-06-23,WH-C,CR-3,0.86337,1.07684,0.87241,0.15593,0
2025-06-23,WH-C,CR-4,0.86337,1.07684,0.93007,0.15593,0
2025-06-24,WH-A,CR-1,1.50096,1.19163,0.9054,1.53015,0
2025-06-24,WH-A,CR-2,1.50096,1.19163,0.89517,1.53015,0
2025-06-24,WH-A,CR-3,1.50096,1.19163,0.84226,1.53015,0
2025-06-24,WH-A,CR-4,1.50096,1.19163,0.91854,1.53015,0
2025-06-24,WH-B,CR-1,1.92258,1.11176,0.8994,1.53015,0
2025-06-24,WH-B,CR-2,1.92258,1.11176,0.87137,1.53015,0
2025-06-24,WH-B,CR-3,1.92258,1.11176,0.84734,1.53015,0
2025-06-24,WH-B,CR-4,1.92258,1.11176,0.87328,1.53015,0
2025-06-24,WH-C,CR-1,0.96924,1.10936,0.92194,1.53015,0
2025-06-24,WH-C,CR-2,0.96924,1.10936,0.88753,1.53015,0
2025-06-24,WH-C,CR-3,0.96924,1.10936,0.84397,1.53015,0
2025-06-24,WH-C,CR-4,0.96924,1.10936,0.89695,1.53015,0
2025-06-25,WH-A,CR-1,1.27561,1.09242,0.92226,0.23313,0
2025-06-25,WH-A,CR-2,1.27561,1.09242,0.88802,0.23313,0
2025-06-25,WH-A,CR-3,1.27561,1.09242,0.87949,0.23313,0
2025-06-25,WH-A,CR-4,1.27561,1.09242,0.92824,0.23313,0
2025-06-25,WH-B,CR-1,2.41644,1.23331,0.96457,0.23313,0
2025-06-25,WH-B,CR-2,2.41644,1.23331,0.90492,0.23313,0
2025-06-25,WH-B,CR-3,2.41644,1.23331,0.87268,0.23313,0
2025-06-25,WH-B,CR-4,2.41644,1.23331,0.9102,0.23313,0
2025-06-25,WH-C,CR-1,1.3616,1.15948,0.94362,0.23313,0
2025-06-25,WH-C,CR-2,1.3616,1.15948,0.89213,0.23313,0
2025-06-25,WH-C,CR-3,1.3616,1.15948,0.88002,0.23313,0
2025-06-25,WH-C,CR-4,1.3616,1.15948,0.92827,0.23313,0
2025-06-26,WH-A,CR-1,1.83128,1.31402,0.92036,0.35093,0
2025-06-26,WH-A,CR-2,1.83128,1.31402,0.91233,0.35093,0
2025-06-26,WH-A,CR-3,1.83128,1.31402,0.83915,0.35093,0
2025-06-26,WH-A,CR-4,1.83128,1.31402,0.93171,0.35093,0
2025-06-26,WH-B,CR-1,1.632,1.108,0.91793,0.35093,0
2025-06-26,WH-B,CR-2,1.632,1.108,0.9011,0.35093,0
2025-06-26,WH-B,CR-3,1.632,1.108,0.88375,0.35093,0
2025-06-26,WH-B,CR-4,1.632,1.108,0.9014,0.35093,0
2025-06-26,WH-C,CR-1,1.24509,1.10893,0.95266,0.35093,0
2025-06-26,WH-C,CR-2,1.24509,1.10893,0.90886,0.35093,0
2025-06-26,WH-C,CR-3,1.24509,1.10893,0.85956,0.35093,0
2025-06-26,WH-C,CR-4,1.24509,1.10893,0.91803,0.35093,0
2025-06-27,WH-A,CR-1,1.45289,1.12863,0.91656,1.14533,0
2025-06-27,WH-A,CR-2,1.45289,1.12863,0.88293,1.14533,0
2025-06-27,WH-A,CR-3,1.45289,1.12863,0.83886,1.14533,0
2025-06-27,WH-A,CR-4,1.45289,1.12863,0.90125,1.14533,0
2025-06-27,WH-B,CR-1,2.26096,1.11951,0.91814,1.14533,0
2025-06-27,WH-B,CR-2,2.26096,1.11951,0.89107,1.14533,0
2025-06-27,WH-B,CR-3,2.26096,1.11951,0.886,1.14533,0
2025-06-27,WH-B,CR-4,2.26096,1.11951,0.90949,1.14533,0
2025-06-27,WH-C,CR-1,1.67613,1.10215,0.91627,1.14533,0
2025-06-27,WH-C,CR-2,1.67613,1.10215,0.88953,1.14533,0
2025-06-27,WH-C,CR-3,1.67613,1.10215,0.85009,1.14533,0
2025-06-27,WH-C,CR-4,1.67613,1.10215,0.90694,1.14533,0
2025-06-28,WH-A,CR-1,1.52642,1.1267,0.91761,0.69445,0
2025-06-28,WH-A,CR-2,1.52642,1.1267,0.91064,0.69445,0
2025-06-28,WH-A,CR-3,1.52642,1.1267,0.86837,0.69445,0
2025-06-28,WH-A,CR-4,1.52642,1.1267,0.91552,0.69445,0
2025-06-28,WH-B,CR-1,1.47878,1.04011,0.93196,0.69445,0
2025-06-28,WH-B,CR-2,1.47878,1.04011,0.91844,0.69445,0
2025-06-28,WH-B,CR-3,1.47878,1.04011,0.87431,0.69445,0
2025-06-28,WH-B,CR-4,1.47878,1.04011,0.93101,0.69445,0
2025-06-28,WH-C,CR-1,1.14831,1.05985,0.94215,0.69445,0
2025-06-28,WH-C,CR-2,1.14831,1.05985,0.88685,0.69445,0
2025-06-28,WH-C,CR-3,1.14831,1.05985,0.87908,0.69445,0
2025-06-28,WH-C,CR-4,1.14831,1.05985,0.9263,0.69445,0
2025-06-29,WH-A,CR-1,1.22705,1.21203,0.94035,0.40194,0
2025-06-29,WH-A,CR-2,1.22705,1.21203,0.90685,0.40194,0
2025-06-29,WH-A,CR-3,1.22705,1.21203,0.86781,0.40194,0
2025-06-29,WH-A,CR-4,1.22705,1.21203,0.92322,0.40194,0
2025-06-29,WH-B,CR-1,1.72894,1.10199,0.94158,0.40194,0
2025-06-29,WH-B,CR-2,1.72894,1.10199,0.89338,0.40194,0
2025-06-29,WH-B,CR-3,1.72894,1.10199,0.85517,0.40194,0
2025-06-29,WH-B,CR-4,1.72894,1.10199,0.92378,0.40194,0
2025-06-29,WH-C,CR-1,0.61495,1.04411,0.92665,0.40194,0
2025-06-29,WH-C,CR-2,0.61495,1.04411,0.90867,0.40194,0
2025-06-29,WH-C,CR-3,0.61495,1.04411,0.89656,0.40194,0
2025-06-29,WH-C,CR-4,0.61495,1.04411,0.89943,0.40194,0
2025-06-30,WH-A,CR-1,1.49746,1.03681,0.91936,1.8115,0
2025-06-30,WH-A,CR-2,1.49746,1.03681,0.87789,1.8115,0
2025-06-30,WH-A,CR-3,1.49746,1.03681,0.84666,1.8115,0
2025-06-30,WH-A,CR-4,1.49746,1.03681,0.87414,1.8115,0
2025-06-30,WH-B,CR-1,1.85778,1.21767,0.90456,1.8115,0
2025-06-30,WH-B,CR-2,1.85778,1.21767,0.89148,1.8115,0
2025-06-30,WH-B,CR-3,1.85778,1.21767,0.86099,1.8115,0
2025-06-30,WH-B,CR-4,1.85778,1.21767,0.8897,1.8115,0
2025-06-30,WH-C,CR-1,1.43615,1.15362,0.90799,1.8115,0
2025-06-30,WH-C,CR-2,1.43615,1.15362,0.87858,1.8115,0
2025-06-30,WH-C,CR-3,1.43615,1.15362,0.84822,1.8115,0
2025-06-30,WH-C,CR-4,1.43615,1.15362,0.86583,1.8115,0
2025-07-01,WH-A,CR-1,2.11878,1.27689,0.94578,0.24682,0
2025-07-01,WH-A,CR-2,2.11878,1.27689,0.9027,0.24682,0
2025-07-01,WH-A,CR-3,2.11878,1.27689,0.86346,0.24682,0
2025-07-01,WH-A,CR-4,2.11878,1.27689,0.91767,0.24682,0
2025-07-01,WH-B,CR-1,2.59369,1.09462,0.90729,0.24682,0
2025-07-01,WH-B,CR-2,2.59369,1.09462,0.91792,0.24682,0
2025-07-01,WH-B,CR-3,2.59369,1.09462,0.89356,0.24682,0
2025-07-01,WH-B,CR-4,2.59369,1.09462,0.94547,0.24682,0
2025-07-01,WH-C,CR-1,1.77313,1.24612,0.93619,0.24682,0
2025-07-01,WH-C,CR-2,1.77313,1.24612,0.88064,0.24682,0
2025-07-01,WH-C,CR-3,1.77313,1.24612,0.87589,0.24682,0
2025-07-01,WH-C,CR-4,1.77313,1.24612,0.93302,0.24682,0
2025-07-02,WH-A,CR-1,1.61404,1.06986,0.95735,0.26136,0
2025-07-02,WH-A,CR-2,1.61404,1.06986,0.92779,0.26136,0
2025-07-02,WH-A,CR-3,1.61404,1.06986,0.87526,0.26136,0
2025-07-02,WH-A,CR-4,1.61404,1.06986,0.92867,0.26136,0
2025-07-02,WH-B,CR-1,2.04687,1.20141,0.95641,0.26136,0
2025-07-02,WH-B,CR-2,2.04687,1.20141,0.88694,0.26136,0
2025-07-02,WH-B,CR-3,2.04687,1.20141,0.88086,0.26136,0
2025-07-02,WH-B,CR-4,2.04687,1.20141,0.93176,0.26136,0
2025-07-02,WH-C,CR-1,1.81147,1.28143,0.95973,0.26136,0
2025-07-02,WH-C,CR-2,1.81147,1.28143,0.90249,0.26136,0
2025-07-02,WH-C,CR-3,1.81147,1.28143,0.88337,0.26136,0
2025-07-02,WH-C,CR-4,1.81147,1.28143,0.92631,0.26136,0
2025-07-03,WH-A,CR-1,1.85649,1.16735,0.9269,0.14047,0
2025-07-03,WH-A,CR-2,1.85649,1.16735,0.90191,0.14047,0
2025-07-03,WH-A,CR-3,1.85649,1.16735,0.872,0.14047,0
2025-07-03,WH-A,CR-4,1.85649,1.16735,0.91736,0.14047,0
2025-07-03,WH-B,CR-1,2.14255,1.18345,0.94923,0.14047,0
2025-07-03,WH-B,CR-2,2.14255,1.18345,0.89718,0.14047,0
2025-07-03,WH-B,CR-3,2.14255,1.18345,0.87054,0.14047,0
2025-07-03,WH-B,CR-4,2.14255,1.18345,0.94613,0.14047,0
2025-07-03,WH-C,CR-1,1.59222,1.15241,0.93537,0.14047,0
2025-07-03,WH-C,CR-2,1.59222,1.15241,0.92107,0.14047,0
2025-07-03,WH-C,CR-3,1.59222,1.15241,0.89153,0.14047,0
2025-07-03,WH-C,CR-4,1.59222,1.15241,0.94083,0.14047,0
2025-07-04,WH-A,CR-1,2.45095,1.2185,0.9289,0.31207,0
2025-07-04,WH-A,CR-2,2.45095,1.2185,0.92147,0.31207,0
2025-07-04,WH-A,CR-3,2.45095,1.2185,0.86796,0.31207,0
2025-07-04,WH-A,CR-4,2.45095,1.2185,0.94131,0.31207,0
2025-07-04,WH-B,CR-1,2.61046,1.07628,0.94136,0.31207,0
2025-07-04,WH-B,CR-2,2.61046,1.07628,0.91377,0.31207,0
2025-07-04,WH-B,CR-3,2.61046,1.07628,0.90576,0.31207,0
2025-07-04,WH-B,CR-4,2.61046,1.07628,0.91548,0.31207,0
2025-07-04,WH-C,CR-1,2.00674,1.15139,0.91949,0.31207,0
2025-07-04,WH-C,CR-2,2.00674,1.15139,0.90294,0.31207,0
2025-07-04,WH-C,CR-3,2.00674,1.15139,0.87441,0.31207,0
2025-07-04,WH-C,CR-4,2.00674,1.15139,0.91168,0.31207,0
2025-07-05,WH-A,CR-1,2.24496,1.02665,0.93072,0.41684,0
2025-07-05,WH-A,CR-2,2.24496,1.02665,0.90244,0.41684,0
2025-07-05,WH-A,CR-3,2.24496,1.02665,0.8751,0.41684,0
2025-07-05,WH-A,CR-4,2.24496,1.02665,0.93581,0.41684,0
2025-07-05,WH-B,CR-1,2.49045,0.95778,0.92575,0.41684,0
2025-07-05,WH-B,CR-2,2.49045,0.95778,0.90449,0.41684,0
2025-07-05,WH-B,CR-3,2.49045,0.95778,0.88599,0.41684,0
2025-07-05,WH-B,CR-4,2.49045,0.95778,0.93807,0.41684,0
2025-07-05,WH-C,CR-1,2.39399,1.08045,0.94166,0.41684,0
2025-07-05,WH-C,CR-2,2.39399,1.08045,0.88504,0.41684,0
2025-07-05,WH-C,CR-3,2.39399,1.08045,0.87766,0.41684,0
2025-07-05,WH-C,CR-4,2.39399,1.08045,0.90959,0.41684,0
2025-07-06,WH-A,CR-1,2.13201,1.00089,0.93979,0.28341,0
2025-07-06,WH-A,CR-2,2.13201,1.00089,0.89869,0.28341,0
2025-07-06,WH-A,CR-3,2.13201,1.00089,0.86337,0.28341,0
2025-07-06,WH-A,CR-4,2.13201,1.00089,0.95014,0.28341,0
2025-07-06,WH-B,CR-1,2.68872,1.09764,0.9302,0.28341,0
2025-07-06,WH-B,CR-2,2.68872,1.09764,0.90117,0.28341,0
2025-07-06,WH-B,CR-3,2.68872,1.09764,0.89341,0.28341,0
2025-07-06,WH-B,CR-4,2.68872,1.09764,0.92858,0.28341,0
2025-07-06,WH-C,CR-1,0.94365,1.26368,0.9371,0.28341,0
2025-07-06,WH-C,CR-2,0.94365,1.26368,0.90902,0.28341,0
2025-07-06,WH-C,CR-3,0.94365,1.26368,0.88794,0.28341,0
2025-07-06,WH-C,CR-4,0.94365,1.26368,0.93048,0.28341,0
2025-07-07,WH-A,CR-1,1.51999,1.17242,0.94606,0.61759,0
2025-07-07,WH-A,CR-2,1.51999,1.17242,0.89111,0.61759,0
2025-07-07,WH-A,CR-3,1.51999,1.17242,0.86015,0.61759,0
2025-07-07,WH-A,CR-4,1.51999,1.17242,0.93354,0.61759,0
2025-07-07,WH-B,CR-1,2.28224,1.11716,0.92441,0.61759,0
2025-07-07,WH-B,CR-2,2.28224,1.11716,0.8981,0.61759,0
2025-07-07,WH-B,CR-3,2.28224,1.11716,0.85,0.61759,0
2025-07-07,WH-B,CR-4,2.28224,1.11716,0.91241,0.61759,0
2025-07-07,WH-C,CR-1,1.15862,1.16786,0.94278,0.61759,0
2025-07-07,WH-C,CR-2,1.15862,1.16786,0.92096,0.61759,0
2025-07-07,WH-C,CR-3,1.15862,1.16786,0.88703,0.61759,0
2025-07-07,WH-C,CR-4,1.15862,1.16786,0.92986,0.61759,0
2025-07-08,WH-A,CR-1,1.55694,1.19685,0.94523,0.25741,0
2025-07-08,WH-A,CR-2,1.55694,1.19685,0.91284,0.25741,0
2025-07-08,WH-A,CR-3,1.55694,1.19685,0.87391,0.25741,0
2025-07-08,WH-A,CR-4,1.55694,1.19685,0.93481,0.25741,0
2025-07-08,WH-B,CR-1,2.61745,1.22041,0.93498,0.25741,0
2025-07-08,WH-B,CR-2,2.61745,1.22041,0.89536,0.25741,0
2025-07-08,WH-B,CR-3,2.61745,1.22041,0.86508,0.25741,0
2025-07-08,WH-B,CR-4,2.61745,1.22041,0.91719,0.25741,0
2025-07-08,WH-C,CR-1,1.30576,1.19158,0.91839,0.25741,0
2025-07-08,WH-C,CR-2,1.30576,1.19158,0.89932,0.25741,0
2025-07-08,WH-C,CR-3,1.30576,1.19158,0.87829,0.25741,0
2025-07-08,WH-C,CR-4,1.30576,1.19158,0.91457,0.25741,0
2025-07-09,WH-A,CR-1,1.31958,1.15426,0.93629,0.46782,0
2025-07-09,WH-A,CR-2,1.31958,1.15426,0.8914,0.46782,0
2025-07-09,WH-A,CR-3,1.31958,1.15426,0.86867,0.46782,0
2025-07-09,WH-A,CR-4,1.31958,1.15426,0.92719,0.46782,0
2025-07-09,WH-B,CR-1,2.12538,1.01738,0.91314,0.46782,0
2025-07-09,WH-B,CR-2,2.12538,1.01738,0.89656,0.46782,0
2025-07-09,WH-B,CR-3,2.12538,1.01738,0.85576,0.46782,0
2025-07-09,WH-B,CR-4,2.12538,1.01738,0.91741,0.46782,0
2025-07-09,WH-C,CR-1,1.89224,1.03971,0.92819,0.46782,0
2025-07-09,WH-C,CR-2,1.89224,1.03971,0.92717,0.46782,0
2025-07-09,WH-C,CR-3,1.89224,1.03971,0.87648,0.46782,0
2025-07-09,WH-C,CR-4,1.89224,1.03971,0.91717,0.46782,0
2025-07-10,WH-A,CR-1,2.01009,1.10753,0.92632,0.25503,0
2025-07-10,WH-A,CR-2,2.01009,1.10753,0.88886,0.25503,0
2025-07-10,WH-A,CR-3,2.01009,1.10753,0.87665,0.25503,0
2025-07-10,WH-A,CR-4,2.01009,1.10753,0.90854,0.25503,0
2025-07-10,WH-B,CR-1,1.90802,1.07731,0.9483,0.25503,0
2025-07-10,WH-B,CR-2,1.90802,1.07731,0.89931,0.25503,0
2025-07-10,WH-B,CR-3,1.90802,1.07731,0.88017,0.25503,0
2025-07-10,WH-B,CR-4,1.90802,1.07731,0.90616,0.25503,0
2025-07-10,WH-C,CR-1,1.73483,1.05375,0.9303,0.25503,0
2025-07-10,WH-C,CR-2,1.73483,1.05375,0.93194,0.25503,0
2025-07-10,WH-C,CR-3,1.73483,1.05375,0.8866,0.25503,0
2025-07-10,WH-C,CR-4,1.73483,1.05375,0.92387,0.25503,0
2025-07-11,WH-A,CR-1,2.27132,1.02739,0.88316,2.99535,0
2025-07-11,WH-A,CR-2,2.27132,1.02739,0.83991,2.99535,0
2025-07-11,WH-A,CR-3,2.27132,1.02739,0.82917,2.99535,0
2025-07-11,WH-A,CR-4,2.27132,1.02739,0.87676,2.99535,0
2025-07-11,WH-B,CR-1,1.81947,1.23736,0.87928,2.99535,0
2025-07-11,WH-B,CR-2,1.81947,1.23736,0.86001,2.99535,0
2025-07-11,WH-B,CR-3,1.81947,1.23736,0.83593,2.99535,0
2025-07-11,WH-B,CR-4,1.81947,1.23736,0.85828,2.99535,0
2025-07-11,WH-C,CR-1,1.32263,1.15431,0.89365,2.99535,0
2025-07-11,WH-C,CR-2,1.32263,1.15431,0.87314,2.99535,0
2025-07-11,WH-C,CR-3,1.32263,1.15431,0.82349,2.99535,0
2025-07-11,WH-C,CR-4,1.32263,1.15431,0.87229,2.99535,0
2025-07-12,WH-A,CR-1,1.9274,1.04808,0.9371,0.09859,0
2025-07-12,WH-A,CR-2,1.9274,1.04808,0.91484,0.09859,0
2025-07-12,WH-A,CR-3,1.9274,1.04808,0.87146,0.09859,0
2025-07-12,WH-A,CR-4,1.9274,1.04808,0.91896,0.09859,0
2025-07-12,WH-B,CR-1,2.01878,0.82794,0.93098,0.09859,0
2025-07-12,WH-B,CR-2,2.01878,0.82794,0.89441,0.09859,0
2025-07-12,WH-B,CR-3,2.01878,0.82794,0.89266,0.09859,0
2025-07-12,WH-B,CR-4,2.01878,0.82794,0.92293,0.09859,0
2025-07-12,WH-C,CR-1,1.11849,1.06611,0.93108,0.09859,0
2025-07-12,WH-C,CR-2,1.11849,1.06611,0.90339,0.09859,0
2025-07-12,WH-C,CR-3,1.11849,1.06611,0.87939,0.09859,0
2025-07-12,WH-C,CR-4,1.11849,1.06611,0.92316,0.09859,0
2025-07-13,WH-A,CR-1,1.40211,1.07485,0.94037,0.18387,0
2025-07-13,WH-A,CR-2,1.40211,1.07485,0.88955,0.18387,0
2025-07-13,WH-A,CR-3,1.40211,1.07485,0.88581,0.18387,0
2025-07-13,WH-A,CR-4,1.40211,1.07485,0.93586,0.18387,0
2025-07-13,WH-B,CR-1,2.33648,1.09399,0.94434,0.18387,0
2025-07-13,WH-B,CR-2,2.33648,1.09399,0.93291,0.18387,0
2025-07-13,WH-B,CR-3,2.33648,1.09399,0.87307,0.18387,0
2025-07-13,WH-B,CR-4,2.33648,1.09399,0.91414,0.18387,0
2025-07-13,WH-C,CR-1,0.64322,1.21045,0.95792,0.18387,0
2025-07-13,WH-C,CR-2,0.64322,1.21045,0.8956,0.18387,0
2025-07-13,WH-C,CR-3,0.64322,1.21045,0.86796,0.18387,0
2025-07-13,WH-C,CR-4,0.64322,1.21045,0.9228,0.18387,0
2025-07-14,WH-A,CR-1,0.77429,1.3234,0.9275,0.90265,0
2025-07-14,WH-A,CR-2,0.77429,1.3234,0.89921,0.90265,0
2025-07-14,WH-A,CR-3,0.77429,1.3234,0.86129,0.90265,0
2025-07-14,WH-A,CR-4,0.77429,1.3234,0.91934,0.90265,0
2025-07-14,WH-B,CR-1,1.66997,1.08273,0.92501,0.90265,0
2025-07-14,WH-B,CR-2,1.66997,1.08273,0.8665,0.90265,0
2025-07-14,WH-B,CR-3,1.66997,1.08273,0.86012,0.90265,0
2025-07-14,WH-B,CR-4,1.66997,1.08273,0.90938,0.90265,0
2025-07-14,WH-C,CR-1,0.76338,1.10591,0.9118,0.90265,0
2025-07-14,WH-C,CR-2,0.76338,1.10591,0.87189,0.90265,0
2025-07-14,WH-C,CR-3,0.76338,1.10591,0.86549,0.90265,0
2025-07-14,WH-C,CR-4,0.76338,1.10591,0.91015,0.90265,0
2025-07-15,WH-A,CR-1,0.9494,1.11312,0.9134,0.03967,0
2025-07-15,WH-A,CR-2,0.9494,1.11312,0.91748,0.03967,0
2025-07-15,WH-A,CR-3,0.9494,1.11312,0.86449,0.03967,0
2025-07-15,WH-A,CR-4,0.9494,1.11312,0.93005,0.03967,0
2025-07-15,WH-B,CR-1,1.48193,1.1189,0.95311,0.03967,0
2025-07-15,WH-B,CR-2,1.48193,1.1189,0.91567,0.03967,0
2025-07-15,WH-B,CR-3,1.48193,1.1189,0.89285,0.03967,0
2025-07-15,WH-B,CR-4,1.48193,1.1189,0.93325,0.03967,0
2025-07-15,WH-C,CR-1,1.08419,1.00751,0.93548,0.03967,0
2025-07-15,WH-C,CR-2,1.08419,1.00751,0.90659,0.03967,0
2025-07-15,WH-C,CR-3,1.08419,1.00751,0.89397,0.03967,0
2025-07-15,WH-C,CR-4,1.08419,1.00751,0.92321,0.03967,0
2025-07-16,WH-A,CR-1,1.56976,1.1393,0.94277,0.39808,0
2025-07-16,WH-A,CR-2,1.56976,1.1393,0.88238,0.39808,0
2025-07-16,WH-A,CR-3,1.56976,1.1393,0.85347,0.39808,0
2025-07-16,WH-A,CR-4,1.56976,1.1393,0.89543,0.39808,0
2025-07-16,WH-B,CR-1,1.91581,1.20389,0.9436,0.39808,0
2025-07-16,WH-B,CR-2,1.91581,1.20389,0.89471,0.39808,0
2025-07-16,WH-B,CR-3,1.91581,1.20389,0.86607,0.39808,0
2025-07-16,WH-B,CR-4,1.91581,1.20389,0.92138,0.39808,0
2025-07-16,WH-C,CR-1,1.65748,1.28551,0.94236,0.39808,0
2025-07-16,WH-C,CR-2,1.65748,1.28551,0.90681,0.39808,0
2025-07-16,WH-C,CR-3,1.65748,1.28551,0.88886,0.39808,0
2025-07-16,WH-C,CR-4,1.65748,1.28551,0.91976,0.39808,0
2025-07-17,WH-A,CR-1,1.22338,1.136,0.92312,0.19295,0
2025-07-17,WH-A,CR-2,1.22338,1.136,0.91883,0.19295,0
2025-07-17,WH-A,CR-3,1.22338,1.136,0.88305,0.19295,0
2025-07-17,WH-A,CR-4,1.22338,1.136,0.94368,0.19295,0
2025-07-17,WH-B,CR-1,1.35062,1.30214,0.91766,0.19295,0
2025-07-17,WH-B,CR-2,1.35062,1.30214,0.89215,0.19295,0
2025-07-17,WH-B,CR-3,1.35062,1.30214,0.86908,0.19295,0
2025-07-17,WH-B,CR-4,1.35062,1.30214,0.94222,0.19295,0
2025-07-17,WH-C,CR-1,1.60191,1.13049,0.92702,0.19295,0
2025-07-17,WH-C,CR-2,1.60191,1.13049,0.89002,0.19295,0
2025-07-17,WH-C,CR-3,1.60191,1.13049,0.89012,0.19295,0
2025-07-17,WH-C,CR-4,1.60191,1.13049,0.93611,0.19295,0
2025-07-18,WH-A,CR-1,0.41419,1.05043,0.92773,0.99185,0
2025-07-18,WH-A,CR-2,0.41419,1.05043,0.88771,0.99185,0
2025-07-18,WH-A,CR-3,0.41419,1.05043,0.85544,0.99185,0
2025-07-18,WH-A,CR-4,0.41419,1.05043,0.89891,0.99185,0
2025-07-18,WH-B,CR-1,1.88329,1.1865,0.92816,0.99185,0
2025-07-18,WH-B,CR-2,1.88329,1.1865,0.88454,0.99185,0
2025-07-18,WH-B,CR-3,1.88329,1.1865,0.86426,0.99185,0
2025-07-18,WH-B,CR-4,1.88329,1.1865,0.89609,0.99185,0
2025-07-18,WH-C,CR-1,1.43953,0.94777,0.90333,0.99185,0
2025-07-18,WH-C,CR-2,1.43953,0.94777,0.88828,0.99185,0
2025-07-18,WH-C,CR-3,1.43953,0.94777,0.89065,0.99185,0
2025-07-18,WH-C,CR-4,1.43953,0.94777,0.89054,0.99185,0
2025-07-19,WH-A,CR-1,1.43039,1.08617,0.94749,0.05178,0
2025-07-19,WH-A,CR-2,1.43039,1.08617,0.90502,0.05178,0
2025-07-19,WH-A,CR-3,1.43039,1.08617,0.87294,0.05178,0
2025-07-19,WH-A,CR-4,1.43039,1.08617,0.93005,0.05178,0
2025-07-19,WH-B,CR-1,1.66561,1.12794,0.91979,0.05178,0
2025-07-19,WH-B,CR-2,1.66561,1.12794,0.91975,0.05178,0
2025-07-19,WH-B,CR-3,1.66561,1.12794,0.87954,0.05178,0
2025-07-19,WH-B,CR-4,1.66561,1.12794,0.92649,0.05178,0
2025-07-19,WH-C,CR-1,0.80252,0.99162,0.95345,0.05178,0
2025-07-19,WH-C,CR-2,0.80252,0.99162,0.90656,0.05178,0
2025-07-19,WH-C,CR-3,0.80252,0.99162,0.88241,0.05178,0
2025-07-19,WH-C,CR-4,0.80252,0.99162,0.91851,0.05178,0
2025-07-20,WH-A,CR-1,1.50474,1.09965,0.93856,0.29396,0
2025-07-20,WH-A,CR-2,1.50474,1.09965,0.89387,0.29396,0
2025-07-20,WH-A,CR-3,1.50474,1.09965,0.8706,0.29396,0
2025-07-20,WH-A,CR-4,1.50474,1.09965,0.93115,0.29396,0
2025-07-20,WH-B,CR-1,1.67867,1.04702,0.95755,0.29396,0
2025-07-20,WH-B,CR-2,1.67867,1.04702,0.8933,0.29396,0
2025-07-20,WH-B,CR-3,1.67867,1.04702,0.88767,0.29396,0
2025-07-20,WH-B,CR-4,1.67867,1.04702,0.91085,0.29396,0
2025-07-20,WH-C,CR-1,1.19084,1.12665,0.92858,0.29396,0
2025-07-20,WH-C,CR-2,1.19084,1.12665,0.8901,0.29396,0
2025-07-20,WH-C,CR-3,1.19084,1.12665,0.85106,0.29396,0
2025-07-20,WH-C,CR-4,1.19084,1.12665,0.91733,0.29396,0
2025-07-21,WH-A,CR-1,1.55021,1.03189,0.92803,0.50913,0
2025-07-21,WH-A,CR-2,1.55021,1.03189,0.88707,0.50913,0
2025-07-21,WH-A,CR-3,1.55021,1.03189,0.8699,0.50913,0
2025-07-21,WH-A,CR-4,1.55021,1.03189,0.91482,0.50913,0
2025-07-21,WH-B,CR-1,1.3427,1.09729,0.91963,0.50913,0
2025-07-21,WH-B,CR-2,1.3427,1.09729,0.88507,0.50913,0
2025-07-21,WH-B,CR-3,1.3427,1.09729,0.88383,0.50913,0
2025-07-21,WH-B,CR-4,1.3427,1.09729,0.91651,0.50913,0
2025-07-21,WH-C,CR-1,0.44146,1.10014,0.94181,0.50913,0
2025-07-21,WH-C,CR-2,0.44146,1.10014,0.8917,0.50913,0
2025-07-21,WH-C,CR-3,0.44146,1.10014,0.88881,0.50913,0
2025-07-21,WH-C,CR-4,0.44146,1.10014,0.91056,0.50913,0
2025-07-22,WH-A,CR-1,1.70158,1.04004,0.91971,0.4987,0
2025-07-22,WH-A,CR-2,1.70158,1.04004,0.91506,0.4987,0
2025-07-22,WH-A,CR-3,1.70158,1.04004,0.86137,0.4987,0
2025-07-22,WH-A,CR-4,1.70158,1.04004,0.93273,0.4987,0
2025-07-22,WH-B,CR-1,1.38853,1.16131,0.91439,0.4987,0
2025-07-22,WH-B,CR-2,1.38853,1.16131,0.89372,0.4987,0
2025-07-22,WH-B,CR-3,1.38853,1.16131,0.86052,0.4987,0
2025-07-22,WH-B,CR-4,1.38853,1.16131,0.92373,0.4987,0
2025-07-22,WH-C,CR-1,0.75594,1.18701,0.92514,0.4987,0
2025-07-22,WH-C,CR-2,0.75594,1.18701,0.88986,0.4987,0
2025-07-22,WH-C,CR-3,0.75594,1.18701,0.87322,0.4987,0
2025-07-22,WH-C,CR-4,0.75594,1.18701,0.90867,0.4987,0
2025-07-23,WH-A,CR-1,1.70171,1.12391,0.931,0.80787,0
2025-07-23,WH-A,CR-2,1.70171,1.12391,0.89454,0.80787,0
2025-07-23,WH-A,CR-3,1.70171,1.12391,0.84556,0.80787,0
2025-07-23,WH-A,CR-4,1.70171,1.12391,0.90272,0.80787,0
2025-07-23,WH-B,CR-1,1.9373,1.15671,0.90528,0.80787,0
2025-07-23,WH-B,CR-2,1.9373,1.15671,0.89968,0.80787,0
2025-07-23,WH-B,CR-3,1.9373,1.15671,0.85875,0.80787,0
2025-07-23,WH-B,CR-4,1.9373,1.15671,0.90496,0.80787,0
2025-07-23,WH-C,CR-1,0.52522,1.22999,0.90187,0.80787,0
2025-07-23,WH-C,CR-2,0.52522,1.22999,0.88541,0.80787,0
2025-07-23,WH-C,CR-3,0.52522,1.22999,0.8669,0.80787,0
2025-07-23,WH-C,CR-4,0.52522,1.22999,0.9344,0.80787,0
2025-07-24,WH-A,CR-1,2.17415,1.04159,0.93379,0.52195,0
2025-07-24,WH-A,CR-2,2.17415,1.04159,0.90646,0.52195,0
2025-07-24,WH-A,CR-3,2.17415,1.04159,0.86003,0.52195,0
2025-07-24,WH-A,CR-4,2.17415,1.04159,0.92898,0.52195,0
2025-07-24,WH-B,CR-1,1.74214,1.20561,0.90853,0.52195,0
2025-07-24,WH-B,CR-2,1.74214,1.20561,0.90462,0.52195,0
2025-07-24,WH-B,CR-3,1.74214,1.20561,0.86566,0.52195,0
2025-07-24,WH-B,CR-4,1.74214,1.20561,0.9344,0.52195,0
2025-07-24,WH-C,CR-1,0.75876,1.24994,0.9367,0.52195,0
2025-07-24,WH-C,CR-2,0.75876,1.24994,0.89907,0.52195,0
2025-07-24,WH-C,CR-3,0.75876,1.24994,0.88006,0.52195,0
2025-07-24,WH-C,CR-4,0.75876,1.24994,0.93013,0.52195,0
2025-07-25,WH-A,CR-1,1.60027,1.26073,0.91621,0.48454,0
2025-07-25,WH-A,CR-2,1.60027,1.26073,0.91187,0.48454,0
2025-07-25,WH-A,CR-3,1.60027,1.26073,0.87976,0.48454,0
2025-07-25,WH-A,CR-4,1.60027,1.26073,0.91257,0.48454,0
2025-07-25,WH-B,CR-1,1.09503,1.10449,0.95621,0.48454,0
2025-07-25,WH-B,CR-2,1.09503,1.10449,0.89092,0.48454,0
2025-07-25,WH-B,CR-3,1.09503,1.10449,0.86175,0.48454,0
2025-07-25,WH-B,CR-4,1.09503,1.10449,0.90931,0.48454,0
2025-07-25,WH-C,CR-1,1.34934,1.13057,0.92377,0.48454,0
2025-07-25,WH-C,CR-2,1.34934,1.13057,0.91824,0.48454,0
2025-07-25,WH-C,CR-3,1.34934,1.13057,0.87823,0.48454,0
2025-07-25,WH-C,CR-4,1.34934,1.13057,0.91025,0.48454,0
2025-07-26,WH-A,CR-1,1.57525,0.94607,0.91763,0.05381,0
2025-07-26,WH-A,CR-2,1.57525,0.94607,0.89564,0.05381,0
2025-07-26,WH-A,CR-3,1.57525,0.94607,0.86416,0.05381,0
2025-07-26,WH-A,CR-4,1.57525,0.94607,0.90448,0.05381,0
2025-07-26,WH-B,CR-1,0.98614,0.99647,0.93348,0.05381,0
2025-07-26,WH-B,CR-2,0.98614,0.99647,0.92935,0.05381,0
2025-07-26,WH-B,CR-3,0.98614,0.99647,0.87583,0.05381,0
2025-07-26,WH-B,CR-4,0.98614,0.99647,0.92702,0.05381,0
2025-07-26,WH-C,CR-1,1.48451,1.05101,0.94383,0.05381,0
2025-07-26,WH-C,CR-2,1.48451,1.05101,0.9124,0.05381,0
2025-07-26,WH-C,CR-3,1.48451,1.05101,0.8805,0.05381,0
2025-07-26,WH-C,CR-4,1.48451,1.05101,0.96223,0.05381,0
2025-07-27,WH-A,CR-1,1.68093,1.00666,0.93262,0.70759,0
2025-07-27,WH-A,CR-2,1.68093,1.00666,0.88076,0.70759,0
2025-07-27,WH-A,CR-3,1.68093,1.00666,0.85397,0.70759,0
2025-07-27,WH-A,CR-4,1.68093,1.00666,0.92139,0.70759,0
2025-07-27,WH-B,CR-1,1.64761,1.11021,0.93751,0.70759,0
2025-07-27,WH-B,CR-2,1.64761,1.11021,0.90175,0.70759,0
2025-07-27,WH-B,CR-3,1.64761,1.11021,0.86933,0.70759,0
2025-07-27,WH-B,CR-4,1.64761,1.11021,0.91122,0.70759,0
2025-07-27,WH-C,CR-1,1.67692,1.15199,0.92651,0.70759,0
2025-07-27,WH-C,CR-2,1.67692,1.15199,0.89586,0.70759,0
2025-07-27,WH-C,CR-3,1.67692,1.15199,0.88636,0.70759,0
2025-07-27,WH-C,CR-4,1.67692,1.15199,0.91702,0.70759,0
2025-07-28,WH-A,CR-1,1.58406,1.08437,0.93862,0.32867,0
2025-07-28,WH-A,CR-2,1.58406,1.08437,0.90362,0.32867,0
2025-07-28,WH-A,CR-3,1.58406,1.08437,0.89619,0.32867,0
2025-07-28,WH-A,CR-4,1.58406,1.08437,0.93355,0.32867,0
2025-07-28,WH-B,CR-1,1.51822,1.20832,0.93778,0.32867,0
2025-07-28,WH-B,CR-2,1.51822,1.20832,0.9198,0.32867,0
2025-07-28,WH-B,CR-3,1.51822,1.20832,0.86779,0.32867,0
2025-07-28,WH-B,CR-4,1.51822,1.20832,0.92635,0.32867,0
2025-07-28,WH-C,CR-1,1.481,1.15468,0.92346,0.32867,0
2025-07-28,WH-C,CR-2,1.481,1.15468,0.91099,0.32867,0
2025-07-28,WH-C,CR-3,1.481,1.15468,0.8791,0.32867,0
2025-07-28,WH-C,CR-4,1.481,1.15468,0.93951,0.32867,0
2025-07-29,WH-A,CR-1,1.82985,1.08646,0.94762,0.30008,0
2025-07-29,WH-A,CR-2,1.82985,1.08646,0.91759,0.30008,0
2025-07-29,WH-A,CR-3,1.82985,1.08646,0.88969,0.30008,0
2025-07-29,WH-A,CR-4,1.82985,1.08646,0.92912,0.30008,0
2025-07-29,WH-B,CR-1,1.47053,1.15874,0.93916,0.30008,0
2025-07-29,WH-B,CR-2,1.47053,1.15874,0.89788,0.30008,0
2025-07-29,WH-B,CR-3,1.47053,1.15874,0.8906,0.30008,0
2025-07-29,WH-B,CR-4,1.47053,1.15874,0.93156,0.30008,0
2025-07-29,WH-C,CR-1,1.07433,1.30063,0.93577,0.30008,0
2025-07-29,WH-C,CR-2,1.07433,1.30063,0.89147,0.30008,0
2025-07-29,WH-C,CR-3,1.07433,1.30063,0.86464,0.30008,0
2025-07-29,WH-C,CR-4,1.07433,1.30063,0.94245,0.30008,0
2025-07-30,WH-A,CR-1,1.90657,1.17632,0.92905,0.96825,0
2025-07-30,WH-A,CR-2,1.90657,1.17632,0.9014,0.96825,0
2025-07-30,WH-A,CR-3,1.90657,1.17632,0.85367,0.96825,0
2025-07-30,WH-A,CR-4,1.90657,1.17632,0.92136,0.96825,0
2025-07-30,WH-B,CR-1,2.1186,1.13349,0.91881,0.96825,0
2025-07-30,WH-B,CR-2,2.1186,1.13349,0.89829,0.96825,0
2025-07-30,WH-B,CR-3,2.1186,1.13349,0.85478,0.96825,0
2025-07-30,WH-B,CR-4,2.1186,1.13349,0.89677,0.96825,0
2025-07-30,WH-C,CR-1,1.52226,1.11392,0.92279,0.96825,0
2025-07-30,WH-C,CR-2,1.52226,1.11392,0.88525,0.96825,0
2025-07-30,WH-C,CR-3,1.52226,1.11392,0.87789,0.96825,0
2025-07-30,WH-C,CR-4,1.52226,1.11392,0.92281,0.96825,0
2025-07-31,WH-A,CR-1,1.63838,1.19561,0.9381,0.23146,0
2025-07-31,WH-A,CR-2,1.63838,1.19561,0.90714,0.23146,0
2025-07-31,WH-A,CR-3,1.63838,1.19561,0.87837,0.23146,0
2025-07-31,WH-A,CR-4,1.63838,1.19561,0.93494,0.23146,0
2025-07-31,WH-B,CR-1,2.01298,1.186,0.92399,0.23146,0
2025-07-31,WH-B,CR-2,2.01298,1.186,0.93648,0.23146,0
2025-07-31,WH-B,CR-3,2.01298,1.186,0.87243,0.23146,0
2025-07-31,WH-B,CR-4,2.01298,1.186,0.92828,0.23146,0
2025-07-31,WH-C,CR-1,1.60827,1.11714,0.93593,0.23146,0
2025-07-31,WH-C,CR-2,1.60827,1.11714,0.90578,0.23146,0
2025-07-31,WH-C,CR-3,1.60827,1.11714,0.86487,0.23146,0
2025-07-31,WH-C,CR-4,1.60827,1.11714,0.9311,0.23146,0
2025-08-01,WH-A,CR-1,1.86134,1.20113,0.91879,0.02083,0
2025-08-01,WH-A,CR-2,1.86134,1.20113,0.90011,0.02083,0
2025-08-01,WH-A,CR-3,1.86134,1.20113,0.8963,0.02083,0
2025-08-01,WH-A,CR-4,1.86134,1.20113,0.97944,0.02083,0
2025-08-01,WH-B,CR-1,2.37543,1.23296,0.94592,0.02083,0
2025-08-01,WH-B,CR-2,2.37543,1.23296,0.89946,0.02083,0
2025-08-01,WH-B,CR-3,2.37543,1.23296,0.89157,0.02083,0
2025-08-01,WH-B,CR-4,2.37543,1.23296,0.91641,0.02083,0
2025-08-01,WH-C,CR-1,1.04053,1.04812,0.95133,0.02083,0
2025-08-01,WH-C,CR-2,1.04053,1.04812,0.90894,0.02083,0
2025-08-01,WH-C,CR-3,1.04053,1.04812,0.88084,0.02083,0
2025-08-01,WH-C,CR-4,1.04053,1.04812,0.92944,0.02083,0
2025-08-02,WH-A,CR-1,1.50991,0.95758,0.93279,0.06452,0
2025-08-02,WH-A,CR-2,1.50991,0.95758,0.89586,0.06452,0
2025-08-02,WH-A,CR-3,1.50991,0.95758,0.88577,0.06452,0
2025-08-02,WH-A,CR-4,1.50991,0.95758,0.93677,0.06452,0
2025-08-02,WH-B,CR-1,1.73844,1.04627,0.96111,0.06452,0
2025-08-02,WH-B,CR-2,1.73844,1.04627,0.89707,0.06452,0
2025-08-02,WH-B,CR-3,1.73844,1.04627,0.88396,0.06452,0
2025-08-02,WH-B,CR-4,1.73844,1.04627,0.9301,0.06452,0
2025-08-02,WH-C,CR-1,1.47604,1.09364,0.93366,0.06452,0
2025-08-02,WH-C,CR-2,1.47604,1.09364,0.90964,0.06452,0
2025-08-02,WH-C,CR-3,1.47604,1.09364,0.87982,0.06452,0
2025-08-02,WH-C,CR-4,1.47604,1.09364,0.92774,0.06452,0
2025-08-03,WH-A,CR-1,1.87023,0.98646,0.93559,0.04457,0
2025-08-03,WH-A,CR-2,1.87023,0.98646,0.9065,0.04457,0
2025-08-03,WH-A,CR-3,1.87023,0.98646,0.86532,0.04457,0
2025-08-03,WH-A,CR-4,1.87023,0.98646,0.9068,0.04457,0
2025-08-03,WH-B,CR-1,1.54082,1.04149,0.9219,0.04457,0
2025-08-03,WH-B,CR-2,1.54082,1.04149,0.91132,0.04457,0
2025-08-03,WH-B,CR-3,1.54082,1.04149,0.89315,0.04457,0
2025-08-03,WH-B,CR-4,1.54082,1.04149,0.9393,0.04457,0
2025-08-03,WH-C,CR-1,1.33062,0.92277,0.94779,0.04457,0
2025-08-03,WH-C,CR-2,1.33062,0.92277,0.91095,0.04457,0
2025-08-03,WH-C,CR-3,1.33062,0.92277,0.88429,0.04457,0
2025-08-03,WH-C,CR-4,1.33062,0.92277,0.95243,0.04457,0
2025-08-04,WH-A,CR-1,1.36084,1.18888,0.93841,0.10614,0
2025-08-04,WH-A,CR-2,1.36084,1.18888,0.8935,0.10614,0
2025-08-04,WH-A,CR-3,1.36084,1.18888,0.86105,0.10614,0
2025-08-04,WH-A,CR-4,1.36084,1.18888,0.92383,0.10614,0
2025-08-04,WH-B,CR-1,1.2093,1.19165,0.93315,0.10614,0
2025-08-04,WH-B,CR-2,1.2093,1.19165,0.90056,0.10614,0
2025-08-04,WH-B,CR-3,1.2093,1.19165,0.86899,0.10614,0
2025-08-04,WH-B,CR-4,1.2093,1.19165,0.93125,0.10614,0
2025-08-04,WH-C,CR-1,1.29372,1.16616,0.94025,0.10614,0
2025-08-04,WH-C,CR-2,1.29372,1.16616,0.90722,0.10614,0
2025-08-04,WH-C,CR-3,1.29372,1.16616,0.86569,0.10614,0
2025-08-04,WH-C,CR-4,1.29372,1.16616,0.91932,0.10614,0
2025-08-05,WH-A,CR-1,0.92474,1.11648,0.93772,0.19205,0
2025-08-05,WH-A,CR-2,0.92474,1.11648,0.9029,0.19205,0
2025-08-05,WH-A,CR-3,0.92474,1.11648,0.88943,0.19205,0
2025-08-05,WH-A,CR-4,0.92474,1.11648,0.92284,0.19205,0
2025-08-05,WH-B,CR-1,1.34624,1.21517,0.95827,0.19205,0
2025-08-05,WH-B,CR-2,1.34624,1.21517,0.92343,0.19205,0
2025-08-05,WH-B,CR-3,1.34624,1.21517,0.8749,0.19205,0
2025-08-05,WH-B,CR-4,1.34624,1.21517,0.92595,0.19205,0
2025-08-05,WH-C,CR-1,1.26955,1.16176,0.92637,0.19205,0
2025-08-05,WH-C,CR-2,1.26955,1.16176,0.91778,0.19205,0
2025-08-05,WH-C,CR-3,1.26955,1.16176,0.87902,0.19205,0
2025-08-05,WH-C,CR-4,1.26955,1.16176,0.926,0.19205,0
2025-08-06,WH-A,CR-1,0.44914,1.10347,0.93236,0.04906,0
2025-08-06,WH-A,CR-2,0.44914,1.10347,0.91256,0.04906,0
2025-08-06,WH-A,CR-3,0.44914,1.10347,0.90168,0.04906,0
2025-08-06,WH-A,CR-4,0.44914,1.10347,0.93598,0.04906,0
2025-08-06,WH-B,CR-1,2.02268,1.20162,0.95262,0.04906,0
2025-08-06,WH-B,CR-2,2.02268,1.20162,0.9314,0.04906,0
2025-08-06,WH-B,CR-3,2.02268,1.20162,0.87033,0.04906,0
2025-08-06,WH-B,CR-4,2.02268,1.20162,0.91955,0.04906,0
2025-08-06,WH-C,CR-1,1.46998,1.14971,0.94176,0.04906,0
2025-08-06,WH-C,CR-2,1.46998,1.14971,0.90613,0.04906,0
2025-08-06,WH-C,CR-3,1.46998,1.14971,0.87196,0.04906,0
2025-08-06,WH-C,CR-4,1.46998,1.14971,0.94857,0.04906,0
2025-08-07,WH-A,CR-1,0.98453,1.02368,0.92881,0.06757,0
2025-08-07,WH-A,CR-2,0.98453,1.02368,0.90083,0.06757,0
2025-08-07,WH-A,CR-3,0.98453,1.02368,0.88556,0.06757,0
2025-08-07,WH-A,CR-4,0.98453,1.02368,0.92438,0.06757,0
2025-08-07,WH-B,CR-1,1.9239,1.03339,0.96669,0.06757,0
2025-08-07,WH-B,CR-2,1.9239,1.03339,0.90964,0.06757,0
2025-08-07,WH-B,CR-3,1.9239,1.03339,0.88477,0.06757,0
2025-08-07,WH-B,CR-4,1.9239,1.03339,0.9223,0.06757,0
2025-08-07,WH-C,CR-1,1.13618,1.30301,0.91578,0.06757,0
2025-08-07,WH-C,CR-2,1.13618,1.30301,0.91213,0.06757,0
2025-08-07,WH-C,CR-3,1.13618,1.30301,0.86425,0.06757,0
2025-08-07,WH-C,CR-4,1.13618,1.30301,0.92392,0.06757,0
2025-08-08,WH-A,CR-1,1.1599,0.94456,0.93371,0.13931,0
2025-08-08,WH-A,CR-2,1.1599,0.94456,0.90641,0.13931,0
2025-08-08,WH-A,CR-3,1.1599,0.94456,0.86118,0.13931,0
2025-08-08,WH-A,CR-4,1.1599,0.94456,0.94565,0.13931,0
2025-08-08,WH-B,CR-1,1.68002,1.131,0.93039,0.13931,0
2025-08-08,WH-B,CR-2,1.68002,1.131,0.90651,0.13931,0
2025-08-08,WH-B,CR-3,1.68002,1.131,0.89319,0.13931,0
2025-08-08,WH-B,CR-4,1.68002,1.131,0.95717,0.13931,0
2025-08-08,WH-C,CR-1,1.40704,1.23704,0.95809,0.13931,0
2025-08-08,WH-C,CR-2,1.40704,1.23704,0.91048,0.13931,0
2025-08-08,WH-C,CR-3,1.40704,1.23704,0.89634,0.13931,0
2025-08-08,WH-C,CR-4,1.40704,1.23704,0.937,0.13931,0
2025-08-09,WH-A,CR-1,0.62245,1.09337,0.91513,0.35271,0
2025-08-09,WH-A,CR-2,0.62245,1.09337,0.88415,0.35271,0
2025-08-09,WH-A,CR-3,0.62245,1.09337,0.87597,0.35271,0
2025-08-09,WH-A,CR-4,0.62245,1.09337,0.91028,0.35271,0
2025-08-09,WH-B,CR-1,1.72554,1.08107,0.93585,0.35271,0
2025-08-09,WH-B,CR-2,1.72554,1.08107,0.8928,0.35271,0
2025-08-09,WH-B,CR-3,1.72554,1.08107,0.88444,0.35271,0
2025-08-09,WH-B,CR-4,1.72554,1.08107,0.92258,0.35271,0
2025-08-09,WH-C,CR-1,1.47496,0.97428,0.93151,0.35271,0
2025-08-09,WH-C,CR-2,1.47496,0.97428,0.91682,0.35271,0
2025-08-09,WH-C,CR-3,1.47496,0.97428,0.88529,0.35271,0
2025-08-09,WH-C,CR-4,1.47496,0.97428,0.91408,0.35271,0
2025-08-10,WH-A,CR-1,0.67934,0.95807,0.9355,0.15804,0
2025-08-10,WH-A,CR-2,0.67934,0.95807,0.91475,0.15804,0
2025-08-10,WH-A,CR-3,0.67934,0.95807,0.86773,0.15804,0
2025-08-10,WH-A,CR-4,0.67934,0.95807,0.92607,0.15804,0
2025-08-10,WH-B,CR-1,1.67892,1.15441,0.92982,0.15804,0
2025-08-10,WH-B,CR-2,1.67892,1.15441,0.90025,0.15804,0
2025-08-10,WH-B,CR-3,1.67892,1.15441,0.867,0.15804,0
2025-08-10,WH-B,CR-4,1.67892,1.15441,0.91351,0.15804,0
2025-08-10,WH-C,CR-1,1.54843,1.05919,0.93781,0.15804,0
2025-08-10,WH-C,CR-2,1.54843,1.05919,0.92245,0.15804,0
2025-08-10,WH-C,CR-3,1.54843,1.05919,0.89314,0.15804,0
2025-08-10,WH-C,CR-4,1.54843,1.05919,0.9074,0.15804,0
2025-08-11,WH-A,CR-1,0.78301,1.17621,0.90907,0.56717,0
2025-08-11,WH-A,CR-2,0.78301,1.17621,0.91734,0.56717,0
2025-08-11,WH-A,CR-3,0.78301,1.17621,0.87597,0.56717,0
2025-08-11,WH-A,CR-4,0.78301,1.17621,0.90941,0.56717,0
2025-08-11,WH-B,CR-1,1.5194,1.01375,0.92602,0.56717,0
2025-08-11,WH-B,CR-2,1.5194,1.01375,0.894,0.56717,0
2025-08-11,WH-B,CR-3,1.5194,1.01375,0.85389,0.56717,0
2025-08-11,WH-B,CR-4,1.5194,1.01375,0.92911,0.56717,0
2025-08-11,WH-C,CR-1,1.85636,1.14781,0.92612,0.56717,0
2025-08-11,WH-C,CR-2,1.85636,1.14781,0.90501,0.56717,0
2025-08-11,WH-C,CR-3,1.85636,1.14781,0.86956,0.56717,0
2025-08-11,WH-C,CR-4,1.85636,1.14781,0.9068,0.56717,0
2025-08-12,WH-A,CR-1,1.09734,1.15075,0.94007,0.1365,0
2025-08-12,WH-A,CR-2,1.09734,1.15075,0.88925,0.1365,0
2025-08-12,WH-A,CR-3,1.09734,1.15075,0.88553,0.1365,0
2025-08-12,WH-A,CR-4,1.09734,1.15075,0.92758,0.1365,0
2025-08-12,WH-B,CR-1,2.51258,1.11899,0.94142,0.1365,0
2025-08-12,WH-B,CR-2,2.51258,1.11899,0.94149,0.1365,0
2025-08-12,WH-B,CR-3,2.51258,1.11899,0.87987,0.1365,0
2025-08-12,WH-B,CR-4,2.51258,1.11899,0.92673,0.1365,0
2025-08-12,WH-C,CR-1,1.26273,1.27226,0.92363,0.1365,0
2025-08-12,WH-C,CR-2,1.26273,1.27226,0.91267,0.1365,0
2025-08-12,WH-C,CR-3,1.26273,1.27226,0.87186,0.1365,0
2025-08-12,WH-C,CR-4,1.26273,1.27226,0.92527,0.1365,0
2025-08-13,WH-A,CR-1,1.11611,1.05279,0.95439,0.03572,0
2025-08-13,WH-A,CR-2,1.11611,1.05279,0.90331,0.03572,0
2025-08-13,WH-A,CR-3,1.11611,1.05279,0.88337,0.03572,0
2025-08-13,WH-A,CR-4,1.11611,1.05279,0.93945,0.03572,0
2025-08-13,WH-B,CR-1,2.42915,0.97427,0.9477,0.03572,0
2025-08-13,WH-B,CR-2,2.42915,0.97427,0.90815,0.03572,0
2025-08-13,WH-B,CR-3,2.42915,0.97427,0.87541,0.03572,0
2025-08-13,WH-B,CR-4,2.42915,0.97427,0.92805,0.03572,0
2025-08-13,WH-C,CR-1,0.65733,1.16537,0.92298,0.03572,0
2025-08-13,WH-C,CR-2,0.65733,1.16537,0.90593,0.03572,0
2025-08-13,WH-C,CR-3,0.65733,1.16537,0.88123,0.03572,0
2025-08-13,WH-C,CR-4,0.65733,1.16537,0.94225,0.03572,0
2025-08-14,WH-A,CR-1,1.5555,1.11565,0.92477,0.10698,0
2025-08-14,WH-A,CR-2,1.5555,1.11565,0.89075,0.10698,0
2025-08-14,WH-A,CR-3,1.5555,1.11565,0.88134,0.10698,0
2025-08-14,WH-A,CR-4,1.5555,1.11565,0.91923,0.10698,0
2025-08-14,WH-B,CR-1,2.62736,1.09564,0.92727,0.10698,0
2025-08-14,WH-B,CR-2,2.62736,1.09564,0.91088,0.10698,0
2025-08-14,WH-B,CR-3,2.62736,1.09564,0.86984,0.10698,0
2025-08-14,WH-B,CR-4,2.62736,1.09564,0.92818,0.10698,0
2025-08-14,WH-C,CR-1,1.17099,1.15938,0.93953,0.10698,0
2025-08-14,WH-C,CR-2,1.17099,1.15938,0.91054,0.10698,0
2025-08-14,WH-C,CR-3,1.17099,1.15938,0.85776,0.10698,0
2025-08-14,WH-C,CR-4,1.17099,1.15938,0.93278,0.10698,0
2025-08-15,WH-A,CR-1,1.72033,1.13384,0.94594,0.35849,0
2025-08-15,WH-A,CR-2,1.72033,1.13384,0.90004,0.35849,0
2025-08-15,WH-A,CR-3,1.72033,1.13384,0.87651,0.35849,0
2025-08-15,WH-A,CR-4,1.72033,1.13384,0.91981,0.35849,0
2025-08-15,WH-B,CR-1,2.49662,1.11988,0.95332,0.35849,0
2025-08-15,WH-B,CR-2,2.49662,1.11988,0.92776,0.35849,0
2025-08-15,WH-B,CR-3,2.49662,1.11988,0.88403,0.35849,0
2025-08-15,WH-B,CR-4,2.49662,1.11988,0.94204,0.35849,0
2025-08-15,WH-C,CR-1,0.61964,1.03629,0.92969,0.35849,0
2025-08-15,WH-C,CR-2,0.61964,1.03629,0.90404,0.35849,0
2025-08-15,WH-C,CR-3,0.61964,1.03629,0.87117,0.35849,0
2025-08-15,WH-C,CR-4,0.61964,1.03629,0.90384,0.35849,0
2025-08-16,WH-A,CR-1,2.0624,1.15684,0.92733,0.85454,0
2025-08-16,WH-A,CR-2,2.0624,1.15684,0.8845,0.85454,0
2025-08-16,WH-A,CR-3,2.0624,1.15684,0.86549,0.85454,0
2025-08-16,WH-A,CR-4,2.0624,1.15684,0.93989,0.85454,0
2025-08-16,WH-B,CR-1,2.12544,1.0336,0.93791,0.85454,0
2025-08-16,WH-B,CR-2,2.12544,1.0336,0.9087,0.85454,0
2025-08-16,WH-B,CR-3,2.12544,1.0336,0.85444,0.85454,0
2025-08-16,WH-B,CR-4,2.12544,1.0336,0.91148,0.85454,0
2025-08-16,WH-C,CR-1,0.62294,1.07558,0.93786,0.85454,0
2025-08-16,WH-C,CR-2,0.62294,1.07558,0.88497,0.85454,0
2025-08-16,WH-C,CR-3,0.62294,1.07558,0.87769,0.85454,0
2025-08-16,WH-C,CR-4,0.62294,1.07558,0.91584,0.85454,0
2025-08-17,WH-A,CR-1,1.80111,1.11598,0.90233,1.86786,0
2025-08-17,WH-A,CR-2,1.80111,1.11598,0.85484,1.86786,0
2025-08-17,WH-A,CR-3,1.80111,1.11598,0.84349,1.86786,0
2025-08-17,WH-A,CR-4,1.80111,1.11598,0.8933,1.86786,0
2025-08-17,WH-B,CR-1,1.4487,1.06416,0.88157,1.86786,0
2025-08-17,WH-B,CR-2,1.4487,1.06416,0.87221,1.86786,0
2025-08-17,WH-B,CR-3,1.4487,1.06416,0.8493,1.86786,0
2025-08-17,WH-B,CR-4,1.4487,1.06416,0.89754,1.86786,0
2025-08-17,WH-C,CR-1,0.65551,1.06316,0.89697,1.86786,0
2025-08-17,WH-C,CR-2,0.65551,1.06316,0.87651,1.86786,0
2025-08-17,WH-C,CR-3,0.65551,1.06316,0.84708,1.86786,0
2025-08-17,WH-C,CR-4,0.65551,1.06316,0.88558,1.86786,0
2025-08-18,WH-A,CR-1,1.60568,1.34368,0.93113,0.39919,0
2025-08-18,WH-A,CR-2,1.60568,1.34368,0.89946,0.39919,0
2025-08-18,WH-A,CR-3,1.60568,1.34368,0.86775,0.39919,0
2025-08-18,WH-A,CR-4,1.60568,1.34368,0.91116,0.39919,0
2025-08-18,WH-B,CR-1,1.80485,1.0951,0.926,0.39919,0
2025-08-18,WH-B,CR-2,1.80485,1.0951,0.89636,0.39919,0
2025-08-18,WH-B,CR-3,1.80485,1.0951,0.861,0.39919,0
2025-08-18,WH-B,CR-4,1.80485,1.0951,0.9018,0.39919,0
2025-08-18,WH-C,CR-1,0.65718,1.21987,0.93518,0.39919,0
2025-08-18,WH-C,CR-2,0.65718,1.21987,0.92154,0.39919,0
2025-08-18,WH-C,CR-3,0.65718,1.21987,0.88183,0.39919,0
2025-08-18,WH-C,CR-4,0.65718,1.21987,0.9291,0.39919,0
2025-08-19,WH-A,CR-1,1.55759,1.14908,0.93291,1.42319,0
2025-08-19,WH-A,CR-2,1.55759,1.14908,0.88441,1.42319,0
2025-08-19,WH-A,CR-3,1.55759,1.14908,0.8466,1.42319,0
2025-08-19,WH-A,CR-4,1.55759,1.14908,0.91143,1.42319,0
2025-08-19,WH-B,CR-1,1.50928,1.19268,0.91935,1.42319,0
2025-08-19,WH-B,CR-2,1.50928,1.19268,0.88211,1.42319,0
2025-08-19,WH-B,CR-3,1.50928,1.19268,0.86117,1.42319,0
2025-08-19,WH-B,CR-4,1.50928,1.19268,0.88653,1.42319,0
2025-08-19,WH-C,CR-1,0.87603,1.11298,0.94873,1.42319,0
2025-08-19,WH-C,CR-2,0.87603,1.11298,0.88625,1.42319,0
2025-08-19,WH-C,CR-3,0.87603,1.11298,0.84723,1.42319,0
2025-08-19,WH-C,CR-4,0.87603,1.11298,0.88784,1.42319,0
2025-08-20,WH-A,CR-1,1.22599,1.1769,0.93054,0.95846,0
2025-08-20,WH-A,CR-2,1.22599,1.1769,0.90036,0.95846,0
2025-08-20,WH-A,CR-3,1.22599,1.1769,0.86298,0.95846,0
2025-08-20,WH-A,CR-4,1.22599,1.1769,0.91466,0.95846,0
2025-08-20,WH-B,CR-1,1.68277,1.17691,0.92785,0.95846,0
2025-08-20,WH-B,CR-2,1.68277,1.17691,0.90588,0.95846,0
2025-08-20,WH-B,CR-3,1.68277,1.17691,0.86342,0.95846,0
2025-08-20,WH-B,CR-4,1.68277,1.17691,0.90295,0.95846,0
2025-08-20,WH-C,CR-1,0.90944,1.2103,0.90131,0.95846,0
2025-08-20,WH-C,CR-2,0.90944,1.2103,0.87138,0.95846,0
2025-08-20,WH-C,CR-3,0.90944,1.2103,0.87377,0.95846,0
2025-08-20,WH-C,CR-4,0.90944,1.2103,0.93099,0.95846,0
2025-08-21,WH-A,CR-1,1.14631,1.12913,0.94277,0.04964,0
2025-08-21,WH-A,CR-2,1.14631,1.12913,0.89359,0.04964,0
2025-08-21,WH-A,CR-3,1.14631,1.12913,0.86582,0.04964,0
2025-08-21,WH-A,CR-4,1.14631,1.12913,0.92549,0.04964,0
2025-08-21,WH-B,CR-1,1.66218,1.05992,0.94858,0.04964,0
2025-08-21,WH-B,CR-2,1.66218,1.05992,0.9041,0.04964,0
2025-08-21,WH-B,CR-3,1.66218,1.05992,0.87404,0.04964,0
2025-08-21,WH-B,CR-4,1.66218,1.05992,0.9325,0.04964,0
2025-08-21,WH-C,CR-1,0.93528,1.217,0.92791,0.04964,0
2025-08-21,WH-C,CR-2,0.93528,1.217,0.89234,0.04964,0
2025-08-21,WH-C,CR-3,0.93528,1.217,0.87539,0.04964,0
2025-08-21,WH-C,CR-4,0.93528,1.217,0.92983,0.04964,0
2025-08-22,WH-A,CR-1,1.29693,1.08938,0.92163,0.05206,0
2025-08-22,WH-A,CR-2,1.29693,1.08938,0.92065,0.05206,0
2025-08-22,WH-A,CR-3,1.29693,1.08938,0.87148,0.05206,0
2025-08-22,WH-A,CR-4,1.29693,1.08938,0.94286,0.05206,0
2025-08-22,WH-B,CR-1,1.70841,1.17358,0.93652,0.05206,0
2025-08-22,WH-B,CR-2,1.70841,1.17358,0.8772,0.05206,0
2025-08-22,WH-B,CR-3,1.70841,1.17358,0.86542,0.05206,0
2025-08-22,WH-B,CR-4,1.70841,1.17358,0.92755,0.05206,0
2025-08-22,WH-C,CR-1,1.12361,1.00683,0.93842,0.05206,0
2025-08-22,WH-C,CR-2,1.12361,1.00683,0.8956,0.05206,0
2025-08-22,WH-C,CR-3,1.12361,1.00683,0.88188,0.05206,0
2025-08-22,WH-C,CR-4,1.12361,1.00683,0.92883,0.05206,0
2025-08-23,WH-A,CR-1,1.49046,1.13883,0.92471,0.61581,0
2025-08-23,WH-A,CR-2,1.49046,1.13883,0.93279,0.61581,0
2025-08-23,WH-A,CR-3,1.49046,1.13883,0.85429,0.61581,0
2025-08-23,WH-A,CR-4,1.49046,1.13883,0.91258,0.61581,0
2025-08-23,WH-B,CR-1,2.04275,1.13022,0.93476,0.61581,0
2025-08-23,WH-B,CR-2,2.04275,1.13022,0.90702,0.61581,0
2025-08-23,WH-B,CR-3,2.04275,1.13022,0.84391,0.61581,0
2025-08-23,WH-B,CR-4,2.04275,1.13022,0.93799,0.61581,0
2025-08-23,WH-C,CR-1,1.04579,1.16967,0.90451,0.61581,0
2025-08-23,WH-C,CR-2,1.04579,1.16967,0.90199,0.61581,0
2025-08-23,WH-C,CR-3,1.04579,1.16967,0.86215,0.61581,0
2025-08-23,WH-C,CR-4,1.04579,1.16967,0.92578,0.61581,0
2025-08-24,WH-A,CR-1,1.08379,1.06544,0.9303,0.41882,0
2025-08-24,WH-A,CR-2,1.08379,1.06544,0.9084,0.41882,0
2025-08-24,WH-A,CR-3,1.08379,1.06544,0.88433,0.41882,0
2025-08-24,WH-A,CR-4,1.08379,1.06544,0.92427,0.41882,0
2025-08-24,WH-B,CR-1,1.49674,1.07861,0.96379,0.41882,0
2025-08-24,WH-B,CR-2,1.49674,1.07861,0.92221,0.41882,0
2025-08-24,WH-B,CR-3,1.49674,1.07861,0.83677,0.41882,0
2025-08-24,WH-B,CR-4,1.49674,1.07861,0.92322,0.41882,0
2025-08-24,WH-C,CR-1,1.39163,1.05541,0.92694,0.41882,0
2025-08-24,WH-C,CR-2,1.39163,1.05541,0.89926,0.41882,0
2025-08-24,WH-C,CR-3,1.39163,1.05541,0.87909,0.41882,0
2025-08-24,WH-C,CR-4,1.39163,1.05541,0.90868,0.41882,0
2025-08-25,WH-A,CR-1,0.86166,1.23995,0.90564,0.87888,0
2025-08-25,WH-A,CR-2,0.86166,1.23995,0.88752,0.87888,0
2025-08-25,WH-A,CR-3,0.86166,1.23995,0.85732,0.87888,0
2025-08-25,WH-A,CR-4,0.86166,1.23995,0.93991,0.87888,0
2025-08-25,WH-B,CR-1,1.34758,0.9776,0.9172,0.87888,0
2025-08-25,WH-B,CR-2,1.34758,0.9776,0.89965,0.87888,0
2025-08-25,WH-B,CR-3,1.34758,0.9776,0.87359,0.87888,0
2025-08-25,WH-B,CR-4,1.34758,0.9776,0.9415,0.87888,0
2025-08-25,WH-C,CR-1,1.78143,1.16503,0.91348,0.87888,0
2025-08-25,WH-C,CR-2,1.78143,1.16503,0.91367,0.87888,0
2025-08-25,WH-C,CR-3,1.78143,1.16503,0.85976,0.87888,0
2025-08-25,WH-C,CR-4,1.78143,1.16503,0.90628,0.87888,0
2025-08-26,WH-A,CR-1,0.88064,1.13135,0.94541,0.18672,0
2025-08-26,WH-A,CR-2,0.88064,1.13135,0.90198,0.18672,0
2025-08-26,WH-A,CR-3,0.88064,1.13135,0.86143,0.18672,0
2025-08-26,WH-A,CR-4,0.88064,1.13135,0.90739,0.18672,0
2025-08-26,WH-B,CR-1,1.5626,1.15581,0.92999,0.18672,0
2025-08-26,WH-B,CR-2,1.5626,1.15581,0.90103,0.18672,0
2025-08-26,WH-B,CR-3,1.5626,1.15581,0.8813,0.18672,0
2025-08-26,WH-B,CR-4,1.5626,1.15581,0.94333,0.18672,0
2025-08-26,WH-C,CR-1,1.2682,1.15711,0.94814,0.18672,0
2025-08-26,WH-C,CR-2,1.2682,1.15711,0.89733,0.18672,0
2025-08-26,WH-C,CR-3,1.2682,1.15711,0.87645,0.18672,0
2025-08-26,WH-C,CR-4,1.2682,1.15711,0.92618,0.18672,0
2025-08-27,WH-A,CR-1,1.06567,1.19441,0.92494,0.04528,0
2025-08-27,WH-A,CR-2,1.06567,1.19441,0.9093,0.04528,0
2025-08-27,WH-A,CR-3,1.06567,1.19441,0.89577,0.04528,0
2025-08-27,WH-A,CR-4,1.06567,1.19441,0.95411,0.04528,0
2025-08-27,WH-B,CR-1,2.07595,1.05583,0.9446,0.04528,0
2025-08-27,WH-B,CR-2,2.07595,1.05583,0.90339,0.04528,0
2025-08-27,WH-B,CR-3,2.07595,1.05583,0.88259,0.04528,0
2025-08-27,WH-B,CR-4,2.07595,1.05583,0.91992,0.04528,0
2025-08-27,WH-C,CR-1,0.60683,1.12244,0.94786,0.04528,0
2025-08-27,WH-C,CR-2,0.60683,1.12244,0.91264,0.04528,0
2025-08-27,WH-C,CR-3,0.60683,1.12244,0.88402,0.04528,0
2025-08-27,WH-C,CR-4,0.60683,1.12244,0.93178,0.04528,0
2025-08-28,WH-A,CR-1,1.07768,1.15663,0.95273,0.45515,0
2025-08-28,WH-A,CR-2,1.07768,1.15663,0.90351,0.45515,0
2025-08-28,WH-A,CR-3,1.07768,1.15663,0.87232,0.45515,0
2025-08-28,WH-A,CR-4,1.07768,1.15663,0.92304,0.45515,0
2025-08-28,WH-B,CR-1,1.88423,1.11517,0.93431,0.45515,0
2025-08-28,WH-B,CR-2,1.88423,1.11517,0.89574,0.45515,0
2025-08-28,WH-B,CR-3,1.88423,1.11517,0.87006,0.45515,0
2025-08-28,WH-B,CR-4,1.88423,1.11517,0.91232,0.45515,0
2025-08-28,WH-C,CR-1,0.81338,1.19674,0.92926,0.45515,0
2025-08-28,WH-C,CR-2,0.81338,1.19674,0.87771,0.45515,0
2025-08-28,WH-C,CR-3,0.81338,1.19674,0.87889,0.45515,0
2025-08-28,WH-C,CR-4,0.81338,1.19674,0.92325,0.45515,0
2025-08-29,WH-A,CR-1,0.69113,1.23363,0.93785,0.08116,0
2025-08-29,WH-A,CR-2,0.69113,1.23363,0.88131,0.08116,0
2025-08-29,WH-A,CR-3,0.69113,1.23363,0.88068,0.08116,0
2025-08-29,WH-A,CR-4,0.69113,1.23363,0.92366,0.08116,0
2025-08-29,WH-B,CR-1,1.63993,1.09098,0.93701,0.08116,0
2025-08-29,WH-B,CR-2,1.63993,1.09098,0.90272,0.08116,0
2025-08-29,WH-B,CR-3,1.63993,1.09098,0.85626,0.08116,0
2025-08-29,WH-B,CR-4,1.63993,1.09098,0.9438,0.08116,0
2025-08-29,WH-C,CR-1,0.82325,1.09145,0.925,0.08116,0
2025-08-29,WH-C,CR-2,0.82325,1.09145,0.91779,0.08116,0
2025-08-29,WH-C,CR-3,0.82325,1.09145,0.86296,0.08116,0
2025-08-29,WH-C,CR-4,0.82325,1.09145,0.93015,0.08116,0
2025-08-30,WH-A,CR-1,0.54204,1.02037,0.9374,0.15014,0
2025-08-30,WH-A,CR-2,0.54204,1.02037,0.91012,0.15014,0
2025-08-30,WH-A,CR-3,0.54204,1.02037,0.86787,0.15014,0
2025-08-30,WH-A,CR-4,0.54204,1.02037,0.92621,0.15014,0
2025-08-30,WH-B,CR-1,1.98597,0.93699,0.93722,0.15014,0
2025-08-30,WH-B,CR-2,1.98597,0.93699,0.89589,0.15014,0
2025-08-30,WH-B,CR-3,1.98597,0.93699,0.86467,0.15014,0
2025-08-30,WH-B,CR-4,1.98597,0.93699,0.93043,0.15014,0
2025-08-30,WH-C,CR-1,0.72333,0.97266,0.95319,0.15014,0
2025-08-30,WH-C,CR-2,0.72333,0.97266,0.91834,0.15014,0
2025-08-30,WH-C,CR-3,0.72333,0.97266,0.85411,0.15014,0
2025-08-30,WH-C,CR-4,0.72333,0.97266,0.9096,0.15014,0
2025-08-31,WH-A,CR-1,1.35559,1.11931,0.93386,0.5407,0
2025-08-31,WH-A,CR-2,1.35559,1.11931,0.88801,0.5407,0
2025-08-31,WH-A,CR-3,1.35559,1.11931,0.87616,0.5407,0
2025-08-31,WH-A,CR-4,1.35559,1.11931,0.90496,0.5407,0
2025-08-31,WH-B,CR-1,2.35578,1.10377,0.92037,0.5407,0
2025-08-31,WH-B,CR-2,2.35578,1.10377,0.90992,0.5407,0
2025-08-31,WH-B,CR-3,2.35578,1.10377,0.89717,0.5407,0
2025-08-31,WH-B,CR-4,2.35578,1.10377,0.91766,0.5407,0
2025-08-31,WH-C,CR-1,1.04087,1.03545,0.93129,0.5407,0
2025-08-31,WH-C,CR-2,1.04087,1.03545,0.88218,0.5407,0
2025-08-31,WH-C,CR-3,1.04087,1.03545,0.87026,0.5407,0
2025-08-31,WH-C,CR-4,1.04087,1.03545,0.92079,0.5407,0
2025-09-01,WH-A,CR-1,1.25991,1.25305,0.91283,1.34816,0
2025-09-01,WH-A,CR-2,1.25991,1.25305,0.88368,1.34816,0
2025-09-01,WH-A,CR-3,1.25991,1.25305,0.84573,1.34816,0
2025-09-01,WH-A,CR-4,1.25991,1.25305,0.89454,1.34816,0
2025-09-01,WH-B,CR-1,1.4993,1.09966,0.90386,1.34816,0
2025-09-01,WH-B,CR-2,1.4993,1.09966,0.88715,1.34816,0
2025-09-01,WH-B,CR-3,1.4993,1.09966,0.84628,1.34816,0
2025-09-01,WH-B,CR-4,1.4993,1.09966,0.89998,1.34816,0
2025-09-01,WH-C,CR-1,0.89538,1.14615,0.90939,1.34816,0
2025-09-01,WH-C,CR-2,0.89538,1.14615,0.87299,1.34816,0
2025-09-01,WH-C,CR-3,0.89538,1.14615,0.85676,1.34816,0
2025-09-01,WH-C,CR-4,0.89538,1.14615,0.91854,1.34816,0
2025-09-02,WH-A,CR-1,1.252,0.98595,0.93208,0.34715,0
2025-09-02,WH-A,CR-2,1.252,0.98595,0.89895,0.34715,0
2025-09-02,WH-A,CR-3,1.252,0.98595,0.86255,0.34715,0
2025-09-02,WH-A,CR-4,1.252,0.98595,0.91473,0.34715,0
2025-09-02,WH-B,CR-1,1.43712,1.2294,0.94686,0.34715,0
2025-09-02,WH-B,CR-2,1.43712,1.2294,0.89261,0.34715,0
2025-09-02,WH-B,CR-3,1.43712,1.2294,0.86753,0.34715,0
2025-09-02,WH-B,CR-4,1.43712,1.2294,0.91784,0.34715,0
2025-09-02,WH-C,CR-1,1.24149,1.16164,0.93486,0.34715,0
2025-09-02,WH-C,CR-2,1.24149,1.16164,0.91019,0.34715,0
2025-09-02,WH-C,CR-3,1.24149,1.16164,0.86659,0.34715,0
2025-09-02,WH-C,CR-4,1.24149,1.16164,0.94012,0.34715,0
2025-09-03,WH-A,CR-1,1.20867,1.24855,0.92945,0.30277,0
2025-09-03,WH-A,CR-2,1.20867,1.24855,0.91594,0.30277,0
2025-09-03,WH-A,CR-3,1.20867,1.24855,0.86705,0.30277,0
2025-09-03,WH-A,CR-4,1.20867,1.24855,0.91536,0.30277,0
2025-09-03,WH-B,CR-1,1.77023,1.08008,0.94442,0.30277,0
2025-09-03,WH-B,CR-2,1.77023,1.08008,0.90877,0.30277,0
2025-09-03,WH-B,CR-3,1.77023,1.08008,0.86407,0.30277,0
2025-09-03,WH-B,CR-4,1.77023,1.08008,0.92369,0.30277,0
2025-09-03,WH-C,CR-1,0.99014,1.17792,0.9572,0.30277,0
2025-09-03,WH-C,CR-2,0.99014,1.17792,0.9001,0.30277,0
2025-09-03,WH-C,CR-3,0.99014,1.17792,0.88096,0.30277,0
2025-09-03,WH-C,CR-4,0.99014,1.17792,0.92484,0.30277,0
2025-09-04,WH-A,CR-1,0.9599,1.17681,0.93093,0.31124,0
2025-09-04,WH-A,CR-2,0.9599,1.17681,0.89354,0.31124,0
2025-09-04,WH-A,CR-3,0.9599,1.17681,0.88657,0.31124,0
2025-09-04,WH-A,CR-4,0.9599,1.17681,0.92559,0.31124,0
2025-09-04,WH-B,CR-1,1.67518,1.2572,0.91236,0.31124,0
2025-09-04,WH-B,CR-2,1.67518,1.2572,0.91967,0.31124,0
2025-09-04,WH-B,CR-3,1.67518,1.2572,0.86384,0.31124,0
2025-09-04,WH-B,CR-4,1.67518,1.2572,0.92694,0.31124,0
2025-09-04,WH-C,CR-1,0.81214,1.07616,0.95016,0.31124,0
2025-09-04,WH-C,CR-2,0.81214,1.07616,0.92667,0.31124,0
2025-09-04,WH-C,CR-3,0.81214,1.07616,0.87174,0.31124,0
2025-09-04,WH-C,CR-4,0.81214,1.07616,0.92842,0.31124,0
2025-09-05,WH-A,CR-1,0.35785,1.18017,0.92547,0.32228,0
2025-09-05,WH-A,CR-2,0.35785,1.18017,0.87593,0.32228,0
2025-09-05,WH-A,CR-3,0.35785,1.18017,0.86987,0.32228,0
2025-09-05,WH-A,CR-4,0.35785,1.18017,0.94638,0.32228,0
2025-09-05,WH-B,CR-1,1.46276,1.21326,0.94858,0.32228,0
2025-09-05,WH-B,CR-2,1.46276,1.21326,0.90405,0.32228,0
2025-09-05,WH-B,CR-3,1.46276,1.21326,0.87564,0.32228,0
2025-09-05,WH-B,CR-4,1.46276,1.21326,0.9036,0.32228,0
2025-09-05,WH-C,CR-1,0.65074,1.22256,0.93493,0.32228,0
2025-09-05,WH-C,CR-2,0.65074,1.22256,0.90861,0.32228,0
2025-09-05,WH-C,CR-3,0.65074,1.22256,0.8758,0.32228,0
2025-09-05,WH-C,CR-4,0.65074,1.22256,0.9505,0.32228,0
2025-09-06,WH-A,CR-1,0.75202,1.20554,0.922,0.18357,0
2025-09-06,WH-A,CR-2,0.75202,1.20554,0.90891,0.18357,0
2025-09-06,WH-A,CR-3,0.75202,1.20554,0.87197,0.18357,0
2025-09-06,WH-A,CR-4,0.75202,1.20554,0.92837,0.18357,0
2025-09-06,WH-B,CR-1,1.98132,1.1003,0.95134,0.18357,0
2025-09-06,WH-B,CR-2,1.98132,1.1003,0.89865,0.18357,0
2025-09-06,WH-B,CR-3,1.98132,1.1003,0.86682,0.18357,0
2025-09-06,WH-B,CR-4,1.98132,1.1003,0.92689,0.18357,0
2025-09-06,WH-C,CR-1,0.78215,1.05513,0.92519,0.18357,0
2025-09-06,WH-C,CR-2,0.78215,1.05513,0.92108,0.18357,0
2025-09-06,WH-C,CR-3,0.78215,1.05513,0.87234,0.18357,0
2025-09-06,WH-C,CR-4,0.78215,1.05513,0.94381,0.18357,0
2025-09-07,WH-A,CR-1,1.15592,1.00406,0.93887,0.3075,0
2025-09-07,WH-A,CR-2,1.15592,1.00406,0.9276,0.3075,0
2025-09-07,WH-A,CR-3,1.15592,1.00406,0.87748,0.3075,0
2025-09-07,WH-A,CR-4,1.15592,1.00406,0.93528,0.3075,0
2025-09-07,WH-B,CR-1,2.13241,1.09456,0.9367,0.3075,0
2025-09-07,WH-B,CR-2,2.13241,1.09456,0.91103,0.3075,0
2025-09-07,WH-B,CR-3,2.13241,1.09456,0.88362,0.3075,0
2025-09-07,WH-B,CR-4,2.13241,1.09456,0.90824,0.3075,0
2025-09-07,WH-C,CR-1,0.96686,1.05527,0.92977,0.3075,0
2025-09-07,WH-C,CR-2,0.96686,1.05527,0.92002,0.3075,0
2025-09-07,WH-C,CR-3,0.96686,1.05527,0.86567,0.3075,0
2025-09-07,WH-C,CR-4,0.96686,1.05527,0.90773,0.3075,0
2025-09-08,WH-A,CR-1,0.54771,1.22266,0.93032,0.64349,0
2025-09-08,WH-A,CR-2,0.54771,1.22266,0.90409,0.64349,0
2025-09-08,WH-A,CR-3,0.54771,1.22266,0.86311,0.64349,0
2025-09-08,WH-A,CR-4,0.54771,1.22266,0.9018,0.64349,0
2025-09-08,WH-B,CR-1,1.57218,1.12822,0.91315,0.64349,0
2025-09-08,WH-B,CR-2,1.57218,1.12822,0.9021,0.64349,0
2025-09-08,WH-B,CR-3,1.57218,1.12822,0.86287,0.64349,0
2025-09-08,WH-B,CR-4,1.57218,1.12822,0.92064,0.64349,0
2025-09-08,WH-C,CR-1,1.0539,1.18094,0.93441,0.64349,0
2025-09-08,WH-C,CR-2,1.0539,1.18094,0.89429,0.64349,0
2025-09-08,WH-C,CR-3,1.0539,1.18094,0.87062,0.64349,0
2025-09-08,WH-C,CR-4,1.0539,1.18094,0.92125,0.64349,0
2025-09-09,WH-A,CR-1,0.37603,1.12474,0.92051,0.35486,0
2025-09-09,WH-A,CR-2,0.37603,1.12474,0.91255,0.35486,0
2025-09-09,WH-A,CR-3,0.37603,1.12474,0.85675,0.35486,0
2025-09-09,WH-A,CR-4,0.37603,1.12474,0.91247,0.35486,0
2025-09-09,WH-B,CR-1,1.80935,1.09965,0.92247,0.35486,0
2025-09-09,WH-B,CR-2,1.80935,1.09965,0.91449,0.35486,0
2025-09-09,WH-B,CR-3,1.80935,1.09965,0.88499,0.35486,0
2025-09-09,WH-B,CR-4,1.80935,1.09965,0.93228,0.35486,0
2025-09-09,WH-C,CR-1,1.3525,1.13147,0.93116,0.35486,0
2025-09-09,WH-C,CR-2,1.3525,1.13147,0.89584,0.35486,0
2025-09-09,WH-C,CR-3,1.3525,1.13147,0.87563,0.35486,0
2025-09-09,WH-C,CR-4,1.3525,1.13147,0.91728,0.35486,0
2025-09-10,WH-A,CR-1,1.12873,1.18186,0.95824,0.18298,0
2025-09-10,WH-A,CR-2,1.12873,1.18186,0.89824,0.18298,0
2025-09-10,WH-A,CR-3,1.12873,1.18186,0.85465,0.18298,0
2025-09-10,WH-A,CR-4,1.12873,1.18186,0.93528,0.18298,0
2025-09-10,WH-B,CR-1,1.50565,1.1281,0.91547,0.18298,0
2025-09-10,WH-B,CR-2,1.50565,1.1281,0.89592,0.18298,0
2025-09-10,WH-B,CR-3,1.50565,1.1281,0.85868,0.18298,0
2025-09-10,WH-B,CR-4,1.50565,1.1281,0.92149,0.18298,0
2025-09-10,WH-C,CR-1,1.11075,1.1572,0.95158,0.18298,0
2025-09-10,WH-C,CR-2,1.11075,1.1572,0.91483,0.18298,0
2025-09-10,WH-C,CR-3,1.11075,1.1572,0.85724,0.18298,0
2025-09-10,WH-C,CR-4,1.11075,1.1572,0.934,0.18298,0
2025-09-11,WH-A,CR-1,1.48323,1.14818,0.93631,0.34122,0
2025-09-11,WH-A,CR-2,1.48323,1.14818,0.89556,0.34122,0
2025-09-11,WH-A,CR-3,1.48323,1.14818,0.87167,0.34122,0
2025-09-11,WH-A,CR-4,1.48323,1.14818,0.93807,0.34122,0
2025-09-11,WH-B,CR-1,1.33136,1.06761,0.93312,0.34122,0
2025-09-11,WH-B,CR-2,1.33136,1.06761,0.89029,0.34122,0
2025-09-11,WH-B,CR-3,1.33136,1.06761,0.85318,0.34122,0
2025-09-11,WH-B,CR-4,1.33136,1.06761,0.91972,0.34122,0
2025-09-11,WH-C,CR-1,1.59806,1.14691,0.936,0.34122,0
2025-09-11,WH-C,CR-2,1.59806,1.14691,0.8783,0.34122,0
2025-09-11,WH-C,CR-3,1.59806,1.14691,0.87912,0.34122,0
2025-09-11,WH-C,CR-4,1.59806,1.14691,0.92498,0.34122,0
2025-09-12,WH-A,CR-1,1.49206,1.06524,0.94157,0.13417,0
2025-09-12,WH-A,CR-2,1.49206,1.06524,0.92195,0.13417,0
2025-09-12,WH-A,CR-3,1.49206,1.06524,0.87485,0.13417,0
2025-09-12,WH-A,CR-4,1.49206,1.06524,0.91717,0.13417,0
2025-09-12,WH-B,CR-1,1.40165,1.21837,0.92287,0.13417,0
2025-09-12,WH-B,CR-2,1.40165,1.21837,0.91453,0.13417,0
2025-09-12,WH-B,CR-3,1.40165,1.21837,0.86945,0.13417,0
2025-09-12,WH-B,CR-4,1.40165,1.21837,0.93049,0.13417,0
2025-09-12,WH-C,CR-1,1.20964,1.10464,0.95586,0.13417,0
2025-09-12,WH-C,CR-2,1.20964,1.10464,0.89068,0.13417,0
2025-09-12,WH-C,CR-3,1.20964,1.10464,0.88341,0.13417,0
2025-09-12,WH-C,CR-4,1.20964,1.10464,0.94836,0.13417,0
2025-09-13,WH-A,CR-1,0.9891,1.00987,0.93135,0.58601,0
2025-09-13,WH-A,CR-2,0.9891,1.00987,0.90216,0.58601,0
2025-09-13,WH-A,CR-3,0.9891,1.00987,0.85419,0.58601,0
2025-09-13,WH-A,CR-4,0.9891,1.00987,0.90898,0.58601,0
2025-09-13,WH-B,CR-1,1.22487,1.05554,0.95327,0.58601,0
2025-09-13,WH-B,CR-2,1.22487,1.05554,0.88825,0.58601,0
2025-09-13,WH-B,CR-3,1.22487,1.05554,0.85773,0.58601,0
2025-09-13,WH-B,CR-4,1.22487,1.05554,0.90585,0.58601,0
2025-09-13,WH-C,CR-1,1.37652,1.06669,0.9187,0.58601,0
2025-09-13,WH-C,CR-2,1.37652,1.06669,0.8951,0.58601,0
2025-09-13,WH-C,CR-3,1.37652,1.06669,0.85995,0.58601,0
2025-09-13,WH-C,CR-4,1.37652,1.06669,0.923,0.58601,0
2025-09-14,WH-A,CR-1,1.07761,1.0168,0.88269,2.28802,0
2025-09-14,WH-A,CR-2,1.07761,1.0168,0.87762,2.28802,0
2025-09-14,WH-A,CR-3,1.07761,1.0168,0.84697,2.28802,0
2025-09-14,WH-A,CR-4,1.07761,1.0168,0.88322,2.28802,0
2025-09-14,WH-B,CR-1,1.81807,1.07169,0.90811,2.28802,0
2025-09-14,WH-B,CR-2,1.81807,1.07169,0.87237,2.28802,0
2025-09-14,WH-B,CR-3,1.81807,1.07169,0.83669,2.28802,0
2025-09-14,WH-B,CR-4,1.81807,1.07169,0.87736,2.28802,0
2025-09-14,WH-C,CR-1,1.21104,1.13736,0.89272,2.28802,0
2025-09-14,WH-C,CR-2,1.21104,1.13736,0.87409,2.28802,0
2025-09-14,WH-C,CR-3,1.21104,1.13736,0.82582,2.28802,0
2025-09-14,WH-C,CR-4,1.21104,1.13736,0.89818,2.28802,0
2025-09-15,WH-A,CR-1,1.08874,1.22452,0.91738,0.41715,0
2025-09-15,WH-A,CR-2,1.08874,1.22452,0.88964,0.41715,0
2025-09-15,WH-A,CR-3,1.08874,1.22452,0.87166,0.41715,0
2025-09-15,WH-A,CR-4,1.08874,1.22452,0.94809,0.41715,0
2025-09-15,WH-B,CR-1,1.54305,1.18962,0.93561,0.41715,0
2025-09-15,WH-B,CR-2,1.54305,1.18962,0.89542,0.41715,0
2025-09-15,WH-B,CR-3,1.54305,1.18962,0.87442,0.41715,0
2025-09-15,WH-B,CR-4,1.54305,1.18962,0.91712,0.41715,0
2025-09-15,WH-C,CR-1,1.02865,1.0171,0.9322,0.41715,0
2025-09-15,WH-C,CR-2,1.02865,1.0171,0.91328,0.41715,0
2025-09-15,WH-C,CR-3,1.02865,1.0171,0.87318,0.41715,0
2025-09-15,WH-C,CR-4,1.02865,1.0171,0.93558,0.41715,0
2025-09-16,WH-A,CR-1,0.9541,1.1111,0.91273,0.53444,0
2025-09-16,WH-A,CR-2,0.9541,1.1111,0.89718,0.53444,0
2025-09-16,WH-A,CR-3,0.9541,1.1111,0.87213,0.53444,0
2025-09-16,WH-A,CR-4,0.9541,1.1111,0.94097,0.53444,0
2025-09-16,WH-B,CR-1,1.78409,1.08081,0.91311,0.53444,0
2025-09-16,WH-B,CR-2,1.78409,1.08081,0.8979,0.53444,0
2025-09-16,WH-B,CR-3,1.78409,1.08081,0.88012,0.53444,0
2025-09-16,WH-B,CR-4,1.78409,1.08081,0.91773,0.53444,0
2025-09-16,WH-C,CR-1,1.22451,1.13551,0.93898,0.53444,0
2025-09-16,WH-C,CR-2,1.22451,1.13551,0.88121,0.53444,0
2025-09-16,WH-C,CR-3,1.22451,1.13551,0.88963,0.53444,0
2025-09-16,WH-C,CR-4,1.22451,1.13551,0.90703,0.53444,0
2025-09-17,WH-A,CR-1,1.04535,1.13071,0.9315,0.64242,0
2025-09-17,WH-A,CR-2,1.04535,1.13071,0.90393,0.64242,0
2025-09-17,WH-A,CR-3,1.04535,1.13071,0.88114,0.64242,0
2025-09-17,WH-A,CR-4,1.04535,1.13071,0.93533,0.64242,0
2025-09-17,WH-B,CR-1,1.87151,1.28709,0.92955,0.64242,0
2025-09-17,WH-B,CR-2,1.87151,1.28709,0.91137,0.64242,0
2025-09-17,WH-B,CR-3,1.87151,1.28709,0.87358,0.64242,0
2025-09-17,WH-B,CR-4,1.87151,1.28709,0.91185,0.64242,0
2025-09-17,WH-C,CR-1,1.22508,1.19025,0.92805,0.64242,0
2025-09-17,WH-C,CR-2,1.22508,1.19025,0.90339,0.64242,0
2025-09-17,WH-C,CR-3,1.22508,1.19025,0.87882,0.64242,0
2025-09-17,WH-C,CR-4,1.22508,1.19025,0.91816,0.64242,0
2025-09-18,WH-A,CR-1,0.8566,1.06007,0.91356,1.24459,0
2025-09-18,WH-A,CR-2,0.8566,1.06007,0.88084,1.24459,0
2025-09-18,WH-A,CR-3,0.8566,1.06007,0.84875,1.24459,0
2025-09-18,WH-A,CR-4,0.8566,1.06007,0.89941,1.24459,0
2025-09-18,WH-B,CR-1,1.99717,1.31243,0.92744,1.24459,0
2025-09-18,WH-B,CR-2,1.99717,1.31243,0.90107,1.24459,0
2025-09-18,WH-B,CR-3,1.99717,1.31243,0.85307,1.24459,0
2025-09-18,WH-B,CR-4,1.99717,1.31243,0.90885,1.24459,0
2025-09-18,WH-C,CR-1,1.31085,1.09724,0.91249,1.24459,0
2025-09-18,WH-C,CR-2,1.31085,1.09724,0.89785,1.24459,0
2025-09-18,WH-C,CR-3,1.31085,1.09724,0.87068,1.24459,0
2025-09-18,WH-C,CR-4,1.31085,1.09724,0.90841,1.24459,0
2025-09-19,WH-A,CR-1,0.51719,1.15602,0.94204,0.05679,0
2025-09-19,WH-A,CR-2,0.51719,1.15602,0.90573,0.05679,0
2025-09-19,WH-A,CR-3,0.51719,1.15602,0.88188,0.05679,0
2025-09-19,WH-A,CR-4,0.51719,1.15602,0.93398,0.05679,0
2025-09-19,WH-B,CR-1,1.98292,1.05388,0.93594,0.05679,0
2025-09-19,WH-B,CR-2,1.98292,1.05388,0.9139,0.05679,0
2025-09-19,WH-B,CR-3,1.98292,1.05388,0.89792,0.05679,0
2025-09-19,WH-B,CR-4,1.98292,1.05388,0.92571,0.05679,0
2025-09-19,WH-C,CR-1,1.40971,1.22025,0.93662,0.05679,0
2025-09-19,WH-C,CR-2,1.40971,1.22025,0.92276,0.05679,0
2025-09-19,WH-C,CR-3,1.40971,1.22025,0.8934,0.05679,0
2025-09-19,WH-C,CR-4,1.40971,1.22025,0.94554,0.05679,0
2025-09-20,WH-A,CR-1,0.58531,1.23993,0.94061,0.47857,0
2025-09-20,WH-A,CR-2,0.58531,1.23993,0.91747,0.47857,0
2025-09-20,WH-A,CR-3,0.58531,1.23993,0.86755,0.47857,0
2025-09-20,WH-A,CR-4,0.58531,1.23993,0.93152,0.47857,0
2025-09-20,WH-B,CR-1,2.38283,0.98301,0.92943,0.47857,0
2025-09-20,WH-B,CR-2,2.38283,0.98301,0.87569,0.47857,0
2025-09-20,WH-B,CR-3,2.38283,0.98301,0.86925,0.47857,0
2025-09-20,WH-B,CR-4,2.38283,0.98301,0.91159,0.47857,0
2025-09-20,WH-C,CR-1,1.20458,1.30389,0.952,0.47857,0
2025-09-20,WH-C,CR-2,1.20458,1.30389,0.88411,0.47857,0
2025-09-20,WH-C,CR-3,1.20458,1.30389,0.87805,0.47857,0
2025-09-20,WH-C,CR-4,1.20458,1.30389,0.93097,0.47857,0
2025-09-21,WH-A,CR-1,0.94118,0.96227,0.92392,0.20602,0
2025-09-21,WH-A,CR-2,0.94118,0.96227,0.90836,0.20602,0
2025-09-21,WH-A,CR-3,0.94118,0.96227,0.87748,0.20602,0
2025-09-21,WH-A,CR-4,0.94118,0.96227,0.91779,0.20602,0
2025-09-21,WH-B,CR-1,1.86495,1.06282,0.94693,0.20602,0
2025-09-21,WH-B,CR-2,1.86495,1.06282,0.90537,0.20602,0
2025-09-21,WH-B,CR-3,1.86495,1.06282,0.89576,0.20602,0
2025-09-21,WH-B,CR-4,1.86495,1.06282,0.91794,0.20602,0
2025-09-21,WH-C,CR-1,1.2147,1.04166,0.94335,0.20602,0
2025-09-21,WH-C,CR-2,1.2147,1.04166,0.89691,0.20602,0
2025-09-21,WH-C,CR-3,1.2147,1.04166,0.89942,0.20602,0
2025-09-21,WH-C,CR-4,1.2147,1.04166,0.906,0.20602,0
2025-09-22,WH-A,CR-1,1.26895,1.25676,0.92733,1.27592,0
2025-09-22,WH-A,CR-2,1.26895,1.25676,0.87827,1.27592,0
2025-09-22,WH-A,CR-3,1.26895,1.25676,0.86423,1.27592,0
2025-09-22,WH-A,CR-4,1.26895,1.25676,0.92944,1.27592,0
2025-09-22,WH-B,CR-1,1.49549,1.31947,0.92166,1.27592,0
2025-09-22,WH-B,CR-2,1.49549,1.31947,0.88183,1.27592,0
2025-09-22,WH-B,CR-3,1.49549,1.31947,0.84631,1.27592,0
2025-09-22,WH-B,CR-4,1.49549,1.31947,0.90435,1.27592,0
2025-09-22,WH-C,CR-1,0.46904,1.11678,0.91388,1.27592,0
2025-09-22,WH-C,CR-2,0.46904,1.11678,0.87414,1.27592,0
2025-09-22,WH-C,CR-3,0.46904,1.11678,0.86601,1.27592,0
2025-09-22,WH-C,CR-4,0.46904,1.11678,0.90441,1.27592,0
2025-09-23,WH-A,CR-1,1.41265,1.15586,0.92907,0.13975,0
2025-09-23,WH-A,CR-2,1.41265,1.15586,0.90899,0.13975,0
2025-09-23,WH-A,CR-3,1.41265,1.15586,0.87688,0.13975,0
2025-09-23,WH-A,CR-4,1.41265,1.15586,0.91381,0.13975,0
2025-09-23,WH-B,CR-1,1.46464,1.19635,0.94435,0.13975,0
2025-09-23,WH-B,CR-2,1.46464,1.19635,0.90472,0.13975,0
2025-09-23,WH-B,CR-3,1.46464,1.19635,0.88561,0.13975,0
2025-09-23,WH-B,CR-4,1.46464,1.19635,0.91572,0.13975,0
2025-09-23,WH-C,CR-1,0.33628,1.1299,0.95546,0.13975,0
2025-09-23,WH-C,CR-2,0.33628,1.1299,0.90944,0.13975,0
2025-09-23,WH-C,CR-3,0.33628,1.1299,0.87418,0.13975,0
2025-09-23,WH-C,CR-4,0.33628,1.1299,0.94601,0.13975,0
2025-09-24,WH-A,CR-1,1.20257,1.06906,0.93406,0.21912,0
2025-09-24,WH-A,CR-2,1.20257,1.06906,0.90307,0.21912,0
2025-09-24,WH-A,CR-3,1.20257,1.06906,0.86636,0.21912,0
2025-09-24,WH-A,CR-4,1.20257,1.06906,0.95728,0.21912,0
2025-09-24,WH-B,CR-1,1.65683,1.18714,0.93051,0.21912,0
2025-09-24,WH-B,CR-2,1.65683,1.18714,0.89912,0.21912,0
2025-09-24,WH-B,CR-3,1.65683,1.18714,0.88836,0.21912,0
2025-09-24,WH-B,CR-4,1.65683,1.18714,0.90595,0.21912,0
2025-09-24,WH-C,CR-1,0.18188,1.13022,0.95227,0.21912,0
2025-09-24,WH-C,CR-2,0.18188,1.13022,0.90156,0.21912,0
2025-09-24,WH-C,CR-3,0.18188,1.13022,0.88105,0.21912,0
2025-09-24,WH-C,CR-4,0.18188,1.13022,0.92639,0.21912,0
2025-09-25,WH-A,CR-1,1.50235,1.13409,0.93396,0.95206,0
2025-09-25,WH-A,CR-2,1.50235,1.13409,0.88303,0.95206,0
2025-09-25,WH-A,CR-3,1.50235,1.13409,0.86316,0.95206,0
2025-09-25,WH-A,CR-4,1.50235,1.13409,0.91163,0.95206,0
2025-09-25,WH-B,CR-1,1.31918,1.04757,0.9159,0.95206,0
2025-09-25,WH-B,CR-2,1.31918,1.04757,0.89442,0.95206,0
2025-09-25,WH-B,CR-3,1.31918,1.04757,0.85378,0.95206,0
2025-09-25,WH-B,CR-4,1.31918,1.04757,0.9089,0.95206,0
2025-09-25,WH-C,CR-1,0.15,1.12035,0.93515,0.95206,0
2025-09-25,WH-C,CR-2,0.15,1.12035,0.90133,0.95206,0
2025-09-25,WH-C,CR-3,0.15,1.12035,0.86182,0.95206,0
2025-09-25,WH-C,CR-4,0.15,1.12035,0.91579,0.95206,0
2025-09-26,WH-A,CR-1,2.16315,1.16319,0.96919,0.10558,0
2025-09-26,WH-A,CR-2,2.16315,1.16319,0.89994,0.10558,0
2025-09-26,WH-A,CR-3,2.16315,1.16319,0.86309,0.10558,0
2025-09-26,WH-A,CR-4,2.16315,1.16319,0.91958,0.10558,0
2025-09-26,WH-B,CR-1,1.37355,1.33497,0.93473,0.10558,0
2025-09-26,WH-B,CR-2,1.37355,1.33497,0.89778,0.10558,0
2025-09-26,WH-B,CR-3,1.37355,1.33497,0.86732,0.10558,0
2025-09-26,WH-B,CR-4,1.37355,1.33497,0.94178,0.10558,0
2025-09-26,WH-C,CR-1,0.59579,1.11116,0.91559,0.10558,0
2025-09-26,WH-C,CR-2,0.59579,1.11116,0.89456,0.10558,0
2025-09-26,WH-C,CR-3,0.59579,1.11116,0.89875,0.10558,0
2025-09-26,WH-C,CR-4,0.59579,1.11116,0.93637,0.10558,0
2025-09-27,WH-A,CR-1,2.55422,1.06712,0.93394,0.32517,0
2025-09-27,WH-A,CR-2,2.55422,1.06712,0.89716,0.32517,0
2025-09-27,WH-A,CR-3,2.55422,1.06712,0.87073,0.32517,0
2025-09-27,WH-A,CR-4,2.55422,1.06712,0.90631,0.32517,0
2025-09-27,WH-B,CR-1,0.96393,0.93219,0.94716,0.32517,0
2025-09-27,WH-B,CR-2,0.96393,0.93219,0.88541,0.32517,0
2025-09-27,WH-B,CR-3,0.96393,0.93219,0.89755,0.32517,0
2025-09-27,WH-B,CR-4,0.96393,0.93219,0.91538,0.32517,0
2025-09-27,WH-C,CR-1,1.35809,1.0408,0.91535,0.32517,0
2025-09-27,WH-C,CR-2,1.35809,1.0408,0.91955,0.32517,0
2025-09-27,WH-C,CR-3,1.35809,1.0408,0.89097,0.32517,0
2025-09-27,WH-C,CR-4,1.35809,1.0408,0.91327,0.32517,0
2025-09-28,WH-A,CR-1,2.0807,1.07863,0.93205,0.20759,0
2025-09-28,WH-A,CR-2,2.0807,1.07863,0.88444,0.20759,0
2025-09-28,WH-A,CR-3,2.0807,1.07863,0.86929,0.20759,0
2025-09-28,WH-A,CR-4,2.0807,1.07863,0.93471,0.20759,0
2025-09-28,WH-B,CR-1,1.14608,1.0438,0.92509,0.20759,0
2025-09-28,WH-B,CR-2,1.14608,1.0438,0.89894,0.20759,0
2025-09-28,WH-B,CR-3,1.14608,1.0438,0.89317,0.20759,0
2025-09-28,WH-B,CR-4,1.14608,1.0438,0.91259,0.20759,0
2025-09-28,WH-C,CR-1,1.49769,1.07376,0.9392,0.20759,0
2025-09-28,WH-C,CR-2,1.49769,1.07376,0.89748,0.20759,0
2025-09-28,WH-C,CR-3,1.49769,1.07376,0.87204,0.20759,0
2025-09-28,WH-C,CR-4,1.49769,1.07376,0.92619,0.20759,0
2025-09-29,WH-A,CR-1,1.97512,1.32382,0.9404,0.16335,0
2025-09-29,WH-A,CR-2,1.97512,1.32382,0.88411,0.16335,0
2025-09-29,WH-A,CR-3,1.97512,1.32382,0.89102,0.16335,0
2025-09-29,WH-A,CR-4,1.97512,1.32382,0.92461,0.16335,0
2025-09-29,WH-B,CR-1,2.04169,1.26767,0.931,0.16335,0
2025-09-29,WH-B,CR-2,2.04169,1.26767,0.91572,0.16335,0
2025-09-29,WH-B,CR-3,2.04169,1.26767,0.86993,0.16335,0
2025-09-29,WH-B,CR-4,2.04169,1.26767,0.92709,0.16335,0
2025-09-29,WH-C,CR-1,1.57266,1.23904,0.9478,0.16335,0
2025-09-29,WH-C,CR-2,1.57266,1.23904,0.90796,0.16335,0
2025-09-29,WH-C,CR-3,1.57266,1.23904,0.90686,0.16335,0
2025-09-29,WH-C,CR-4,1.57266,1.23904,0.92268,0.16335,0
2025-09-30,WH-A,CR-1,2.26225,1.14387,0.94149,0.02321,0
2025-09-30,WH-A,CR-2,2.26225,1.14387,0.90307,0.02321,0
2025-09-30,WH-A,CR-3,2.26225,1.14387,0.87415,0.02321,0
2025-09-30,WH-A,CR-4,2.26225,1.14387,0.92014,0.02321,0
2025-09-30,WH-B,CR-1,2.08452,1.14221,0.9448,0.02321,0
2025-09-30,WH-B,CR-2,2.08452,1.14221,0.91366,0.02321,0
2025-09-30,WH-B,CR-3,2.08452,1.14221,0.87447,0.02321,0
2025-09-30,WH-B,CR-4,2.08452,1.14221,0.91208,0.02321,0
2025-09-30,WH-C,CR-1,0.84371,1.35,0.95732,0.02321,0
2025-09-30,WH-C,CR-2,0.84371,1.35,0.92566,0.02321,0
2025-09-30,WH-C,CR-3,0.84371,1.35,0.87149,0.02321,0
2025-09-30,WH-C,CR-4,0.84371,1.35,0.9297,0.02321,0
2025-10-01,WH-A,CR-1,1.72689,1.25609,0.94815,0.10768,0
2025-10-01,WH-A,CR-2,1.72689,1.25609,0.89642,0.10768,0
2025-10-01,WH-A,CR-3,1.72689,1.25609,0.87428,0.10768,0
2025-10-01,WH-A,CR-4,1.72689,1.25609,0.93705,0.10768,0
2025-10-01,WH-B,CR-1,1.7476,1.15637,0.94288,0.10768,0
2025-10-01,WH-B,CR-2,1.7476,1.15637,0.91275,0.10768,0
2025-10-01,WH-B,CR-3,1.7476,1.15637,0.88111,0.10768,0
2025-10-01,WH-B,CR-4,1.7476,1.15637,0.92022,0.10768,0
2025-10-01,WH-C,CR-1,0.71807,1.05931,0.91933,0.10768,0
2025-10-01,WH-C,CR-2,0.71807,1.05931,0.90668,0.10768,0
2025-10-01,WH-C,CR-3,0.71807,1.05931,0.88786,0.10768,0
2025-10-01,WH-C,CR-4,0.71807,1.05931,0.9115,0.10768,0
2025-10-02,WH-A,CR-1,0.94214,1.12835,0.95253,0.40125,0
2025-10-02,WH-A,CR-2,0.94214,1.12835,0.9094,0.40125,0
2025-10-02,WH-A,CR-3,0.94214,1.12835,0.85033,0.40125,0
2025-10-02,WH-A,CR-4,0.94214,1.12835,0.93068,0.40125,0
2025-10-02,WH-B,CR-1,1.46675,1.2053,0.9245,0.40125,0
2025-10-02,WH-B,CR-2,1.46675,1.2053,0.90214,0.40125,0
2025-10-02,WH-B,CR-3,1.46675,1.2053,0.86633,0.40125,0
2025-10-02,WH-B,CR-4,1.46675,1.2053,0.92282,0.40125,0
2025-10-02,WH-C,CR-1,0.63072,1.13212,0.91867,0.40125,0
2025-10-02,WH-C,CR-2,0.63072,1.13212,0.90867,0.40125,0
2025-10-02,WH-C,CR-3,0.63072,1.13212,0.87488,0.40125,0
2025-10-02,WH-C,CR-4,0.63072,1.13212,0.90338,0.40125,0
2025-10-03,WH-A,CR-1,1.13158,1.21116,0.93034,0.75551,0
2025-10-03,WH-A,CR-2,1.13158,1.21116,0.91038,0.75551,0
2025-10-03,WH-A,CR-3,1.13158,1.21116,0.86288,0.75551,0
2025-10-03,WH-A,CR-4,1.13158,1.21116,0.92881,0.75551,0
2025-10-03,WH-B,CR-1,1.58898,1.19061,0.93124,0.75551,0
2025-10-03,WH-B,CR-2,1.58898,1.19061,0.91129,0.75551,0
2025-10-03,WH-B,CR-3,1.58898,1.19061,0.87506,0.75551,0
2025-10-03,WH-B,CR-4,1.58898,1.19061,0.91109,0.75551,0
2025-10-03,WH-C,CR-1,0.54809,1.14602,0.91728,0.75551,0
2025-10-03,WH-C,CR-2,0.54809,1.14602,0.88377,0.75551,0
2025-10-03,WH-C,CR-3,0.54809,1.14602,0.84086,0.75551,0
2025-10-03,WH-C,CR-4,0.54809,1.14602,0.89781,0.75551,0
2025-10-04,WH-A,CR-1,1.86439,1.10225,0.91206,1.5191,0
2025-10-04,WH-A,CR-2,1.86439,1.10225,0.86465,1.5191,0
2025-10-04,WH-A,CR-3,1.86439,1.10225,0.85271,1.5191,0
2025-10-04,WH-A,CR-4,1.86439,1.10225,0.92536,1.5191,0
2025-10-04,WH-B,CR-1,2.17067,1.09194,0.89887,1.5191,0
2025-10-04,WH-B,CR-2,2.17067,1.09194,0.87117,1.5191,0
2025-10-04,WH-B,CR-3,2.17067,1.09194,0.84243,1.5191,0
2025-10-04,WH-B,CR-4,2.17067,1.09194,0.91799,1.5191,0
2025-10-04,WH-C,CR-1,1.29002,1.08567,0.90902,1.5191,0
2025-10-04,WH-C,CR-2,1.29002,1.08567,0.90124,1.5191,0
2025-10-04,WH-C,CR-3,1.29002,1.08567,0.84091,1.5191,0
2025-10-04,WH-C,CR-4,1.29002,1.08567,0.90328,1.5191,0
2025-10-05,WH-A,CR-1,1.45206,1.0129,0.94835,0.48057,0
2025-10-05,WH-A,CR-2,1.45206,1.0129,0.92432,0.48057,0
2025-10-05,WH-A,CR-3,1.45206,1.0129,0.87273,0.48057,0
2025-10-05,WH-A,CR-4,1.45206,1.0129,0.91813,0.48057,0
2025-10-05,WH-B,CR-1,1.79376,1.07014,0.92475,0.48057,0
2025-10-05,WH-B,CR-2,1.79376,1.07014,0.90019,0.48057,0
2025-10-05,WH-B,CR-3,1.79376,1.07014,0.87631,0.48057,0
2025-10-05,WH-B,CR-4,1.79376,1.07014,0.91649,0.48057,0
2025-10-05,WH-C,CR-1,1.13493,1.05516,0.92754,0.48057,0
2025-10-05,WH-C,CR-2,1.13493,1.05516,0.89605,0.48057,0
2025-10-05,WH-C,CR-3,1.13493,1.05516,0.8805,0.48057,0
2025-10-05,WH-C,CR-4,1.13493,1.05516,0.9001,0.48057,0
2025-10-06,WH-A,CR-1,1.62027,1.20801,0.91063,1.15975,0
2025-10-06,WH-A,CR-2,1.62027,1.20801,0.87815,1.15975,0
2025-10-06,WH-A,CR-3,1.62027,1.20801,0.84674,1.15975,0
2025-10-06,WH-A,CR-4,1.62027,1.20801,0.90616,1.15975,0
2025-10-06,WH-B,CR-1,2.00359,1.1033,0.92642,1.15975,0
2025-10-06,WH-B,CR-2,2.00359,1.1033,0.86071,1.15975,0
2025-10-06,WH-B,CR-3,2.00359,1.1033,0.8545,1.15975,0
2025-10-06,WH-B,CR-4,2.00359,1.1033,0.92313,1.15975,0
2025-10-06,WH-C,CR-1,1.04079,1.08367,0.91124,1.15975,0
2025-10-06,WH-C,CR-2,1.04079,1.08367,0.85279,1.15975,0
2025-10-06,WH-C,CR-3,1.04079,1.08367,0.84698,1.15975,0
2025-10-06,WH-C,CR-4,1.04079,1.08367,0.92181,1.15975,0
2025-10-07,WH-A,CR-1,0.70015,1.01953,0.95157,0.15035,0
2025-10-07,WH-A,CR-2,0.70015,1.01953,0.9147,0.15035,0
2025-10-07,WH-A,CR-3,0.70015,1.01953,0.86172,0.15035,0
2025-10-07,WH-A,CR-4,0.70015,1.01953,0.91973,0.15035,0
2025-10-07,WH-B,CR-1,1.88524,1.05431,0.91324,0.15035,0
2025-10-07,WH-B,CR-2,1.88524,1.05431,0.90538,0.15035,0
2025-10-07,WH-B,CR-3,1.88524,1.05431,0.88417,0.15035,0
2025-10-07,WH-B,CR-4,1.88524,1.05431,0.9344,0.15035,0
2025-10-07,WH-C,CR-1,1.34596,1.02572,0.93799,0.15035,0
2025-10-07,WH-C,CR-2,1.34596,1.02572,0.90407,0.15035,0
2025-10-07,WH-C,CR-3,1.34596,1.02572,0.87625,0.15035,0
2025-10-07,WH-C,CR-4,1.34596,1.02572,0.92475,0.15035,0
2025-10-08,WH-A,CR-1,1.32507,1.1764,0.91976,0.13502,0
2025-10-08,WH-A,CR-2,1.32507,1.1764,0.91325,0.13502,0
2025-10-08,WH-A,CR-3,1.32507,1.1764,0.8722,0.13502,0
2025-10-08,WH-A,CR-4,1.32507,1.1764,0.92254,0.13502,0
2025-10-08,WH-B,CR-1,1.54979,1.19295,0.92797,0.13502,0
2025-10-08,WH-B,CR-2,1.54979,1.19295,0.89441,0.13502,0
2025-10-08,WH-B,CR-3,1.54979,1.19295,0.89115,0.13502,0
2025-10-08,WH-B,CR-4,1.54979,1.19295,0.92542,0.13502,0
2025-10-08,WH-C,CR-1,1.18658,1.2054,0.92956,0.13502,0
2025-10-08,WH-C,CR-2,1.18658,1.2054,0.90195,0.13502,0
2025-10-08,WH-C,CR-3,1.18658,1.2054,0.88124,0.13502,0
2025-10-08,WH-C,CR-4,1.18658,1.2054,0.90907,0.13502,0
2025-10-09,WH-A,CR-1,1.62429,1.19373,0.93811,0.38123,0
2025-10-09,WH-A,CR-2,1.62429,1.19373,0.88385,0.38123,0
2025-10-09,WH-A,CR-3,1.62429,1.19373,0.8719,0.38123,0
2025-10-09,WH-A,CR-4,1.62429,1.19373,0.90901,0.38123,0
2025-10-09,WH-B,CR-1,1.58804,0.96478,0.91465,0.38123,0
2025-10-09,WH-B,CR-2,1.58804,0.96478,0.91741,0.38123,0
2025-10-09,WH-B,CR-3,1.58804,0.96478,0.87757,0.38123,0
2025-10-09,WH-B,CR-4,1.58804,0.96478,0.91889,0.38123,0
2025-10-09,WH-C,CR-1,0.8168,1.06326,0.93554,0.38123,0
2025-10-09,WH-C,CR-2,0.8168,1.06326,0.89901,0.38123,0
2025-10-09,WH-C,CR-3,0.8168,1.06326,0.8917,0.38123,0
2025-10-09,WH-C,CR-4,0.8168,1.06326,0.92092,0.38123,0
2025-10-10,WH-A,CR-1,1.39341,1.16416,0.92971,0.32287,0
2025-10-10,WH-A,CR-2,1.39341,1.16416,0.89836,0.32287,0
2025-10-10,WH-A,CR-3,1.39341,1.16416,0.87811,0.32287,0
2025-10-10,WH-A,CR-4,1.39341,1.16416,0.94237,0.32287,0
2025-10-10,WH-B,CR-1,1.67683,1.24153,0.94165,0.32287,0
2025-10-10,WH-B,CR-2,1.67683,1.24153,0.9172,0.32287,0
2025-10-10,WH-B,CR-3,1.67683,1.24153,0.86687,0.32287,0
2025-10-10,WH-B,CR-4,1.67683,1.24153,0.92171,0.32287,0
2025-10-10,WH-C,CR-1,0.82381,1.1937,0.9437,0.32287,0
2025-10-10,WH-C,CR-2,0.82381,1.1937,0.90569,0.32287,0
2025-10-10,WH-C,CR-3,0.82381,1.1937,0.88471,0.32287,0
2025-10-10,WH-C,CR-4,0.82381,1.1937,0.91743,0.32287,0
2025-10-11,WH-A,CR-1,1.60702,1.08073,0.93609,0.69294,0
2025-10-11,WH-A,CR-2,1.60702,1.08073,0.8868,0.69294,0
2025-10-11,WH-A,CR-3,1.60702,1.08073,0.86991,0.69294,0
2025-10-11,WH-A,CR-4,1.60702,1.08073,0.92113,0.69294,0
2025-10-11,WH-B,CR-1,1.21879,1.10797,0.91254,0.69294,0
2025-10-11,WH-B,CR-2,1.21879,1.10797,0.89239,0.69294,0
2025-10-11,WH-B,CR-3,1.21879,1.10797,0.868,0.69294,0
2025-10-11,WH-B,CR-4,1.21879,1.10797,0.90876,0.69294,0
2025-10-11,WH-C,CR-1,0.92855,1.07532,0.91768,0.69294,0
2025-10-11,WH-C,CR-2,0.92855,1.07532,0.90434,0.69294,0
2025-10-11,WH-C,CR-3,0.92855,1.07532,0.85836,0.69294,0
2025-10-11,WH-C,CR-4,0.92855,1.07532,0.94498,0.69294,0
2025-10-12,WH-A,CR-1,2.26875,0.9763,0.92335,0.26904,0
2025-10-12,WH-A,CR-2,2.26875,0.9763,0.91893,0.26904,0
2025-10-12,WH-A,CR-3,2.26875,0.9763,0.87025,0.26904,0
2025-10-12,WH-A,CR-4,2.26875,0.9763,0.90879,0.26904,0
2025-10-12,WH-B,CR-1,1.68554,1.03675,0.943,0.26904,0
2025-10-12,WH-B,CR-2,1.68554,1.03675,0.91638,0.26904,0
2025-10-12,WH-B,CR-3,1.68554,1.03675,0.87845,0.26904,0
2025-10-12,WH-B,CR-4,1.68554,1.03675,0.95391,0.26904,0
2025-10-12,WH-C,CR-1,0.36443,1.00456,0.93209,0.26904,0
2025-10-12,WH-C,CR-2,0.36443,1.00456,0.93229,0.26904,0
2025-10-12,WH-C,CR-3,0.36443,1.00456,0.89673,0.26904,0
2025-10-12,WH-C,CR-4,0.36443,1.00456,0.94062,0.26904,0
2025-10-13,WH-A,CR-1,1.64961,1.08733,0.95591,0.11118,0
2025-10-13,WH-A,CR-2,1.64961,1.08733,0.90507,0.11118,0
2025-10-13,WH-A,CR-3,1.64961,1.08733,0.87666,0.11118,0
2025-10-13,WH-A,CR-4,1.64961,1.08733,0.93729,0.11118,0
2025-10-13,WH-B,CR-1,1.10828,1.15421,0.92484,0.11118,0
2025-10-13,WH-B,CR-2,1.10828,1.15421,0.90447,0.11118,0
2025-10-13,WH-B,CR-3,1.10828,1.15421,0.87096,0.11118,0
2025-10-13,WH-B,CR-4,1.10828,1.15421,0.92034,0.11118,0
2025-10-13,WH-C,CR-1,0.68075,1.1677,0.93536,0.11118,0
2025-10-13,WH-C,CR-2,0.68075,1.1677,0.91245,0.11118,0
2025-10-13,WH-C,CR-3,0.68075,1.1677,0.86758,0.11118,0
2025-10-13,WH-C,CR-4,0.68075,1.1677,0.93618,0.11118,0
2025-10-14,WH-A,CR-1,1.25941,1.13069,0.95811,0.24099,0
2025-10-14,WH-A,CR-2,1.25941,1.13069,0.9049,0.24099,0
2025-10-14,WH-A,CR-3,1.25941,1.13069,0.86193,0.24099,0
2025-10-14,WH-A,CR-4,1.25941,1.13069,0.93669,0.24099,0
2025-10-14,WH-B,CR-1,1.15054,1.1727,0.92839,0.24099,0
2025-10-14,WH-B,CR-2,1.15054,1.1727,0.92103,0.24099,0
2025-10-14,WH-B,CR-3,1.15054,1.1727,0.86857,0.24099,0
2025-10-14,WH-B,CR-4,1.15054,1.1727,0.94244,0.24099,0
2025-10-14,WH-C,CR-1,0.44057,1.12657,0.95246,0.24099,0
2025-10-14,WH-C,CR-2,0.44057,1.12657,0.90768,0.24099,0
2025-10-14,WH-C,CR-3,0.44057,1.12657,0.90292,0.24099,0
2025-10-14,WH-C,CR-4,0.44057,1.12657,0.92243,0.24099,0
2025-10-15,WH-A,CR-1,0.75452,1.01898,0.92334,0.39503,0
2025-10-15,WH-A,CR-2,0.75452,1.01898,0.91265,0.39503,0
2025-10-15,WH-A,CR-3,0.75452,1.01898,0.85357,0.39503,0
2025-10-15,WH-A,CR-4,0.75452,1.01898,0.93005,0.39503,0
2025-10-15,WH-B,CR-1,1.52797,1.31115,0.94544,0.39503,0
2025-10-15,WH-B,CR-2,1.52797,1.31115,0.90726,0.39503,0
2025-10-15,WH-B,CR-3,1.52797,1.31115,0.8892,0.39503,0
2025-10-15,WH-B,CR-4,1.52797,1.31115,0.92936,0.39503,0
2025-10-15,WH-C,CR-1,0.49112,1.05843,0.92606,0.39503,0
2025-10-15,WH-C,CR-2,0.49112,1.05843,0.90241,0.39503,0
2025-10-15,WH-C,CR-3,0.49112,1.05843,0.87499,0.39503,0
2025-10-15,WH-C,CR-4,0.49112,1.05843,0.89727,0.39503,0
2025-10-16,WH-A,CR-1,1.14833,1.28014,0.93796,0.23727,0
2025-10-16,WH-A,CR-2,1.14833,1.28014,0.89481,0.23727,0
2025-10-16,WH-A,CR-3,1.14833,1.28014,0.85391,0.23727,0
2025-10-16,WH-A,CR-4,1.14833,1.28014,0.93397,0.23727,0
2025-10-16,WH-B,CR-1,1.28526,1.21935,0.9525,0.23727,0
2025-10-16,WH-B,CR-2,1.28526,1.21935,0.8872,0.23727,0
2025-10-16,WH-B,CR-3,1.28526,1.21935,0.88238,0.23727,0
2025-10-16,WH-B,CR-4,1.28526,1.21935,0.94124,0.23727,0
2025-10-16,WH-C,CR-1,1.04215,0.98229,0.92549,0.23727,0
2025-10-16,WH-C,CR-2,1.04215,0.98229,0.89037,0.23727,0
2025-10-16,WH-C,CR-3,1.04215,0.98229,0.88201,0.23727,0
2025-10-16,WH-C,CR-4,1.04215,0.98229,0.93069,0.23727,0
2025-10-17,WH-A,CR-1,1.26438,1.1208,0.91566,0.64618,0
2025-10-17,WH-A,CR-2,1.26438,1.1208,0.89816,0.64618,0
2025-10-17,WH-A,CR-3,1.26438,1.1208,0.86899,0.64618,0
2025-10-17,WH-A,CR-4,1.26438,1.1208,0.92575,0.64618,0
2025-10-17,WH-B,CR-1,1.67596,1.15687,0.94151,0.64618,0
2025-10-17,WH-B,CR-2,1.67596,1.15687,0.89387,0.64618,0
2025-10-17,WH-B,CR-3,1.67596,1.15687,0.85104,0.64618,0
2025-10-17,WH-B,CR-4,1.67596,1.15687,0.92409,0.64618,0
2025-10-17,WH-C,CR-1,1.0884,1.18975,0.9132,0.64618,0
2025-10-17,WH-C,CR-2,1.0884,1.18975,0.91986,0.64618,0
2025-10-17,WH-C,CR-3,1.0884,1.18975,0.87689,0.64618,0
2025-10-17,WH-C,CR-4,1.0884,1.18975,0.91491,0.64618,0
2025-10-18,WH-A,CR-1,0.90354,1.25091,0.93104,0.08923,0
2025-10-18,WH-A,CR-2,0.90354,1.25091,0.92904,0.08923,0
2025-10-18,WH-A,CR-3,0.90354,1.25091,0.87618,0.08923,0
2025-10-18,WH-A,CR-4,0.90354,1.25091,0.94736,0.08923,0
2025-10-18,WH-B,CR-1,1.42948,1.07151,0.94805,0.08923,0
2025-10-18,WH-B,CR-2,1.42948,1.07151,0.91634,0.08923,0
2025-10-18,WH-B,CR-3,1.42948,1.07151,0.8916,0.08923,0
2025-10-18,WH-B,CR-4,1.42948,1.07151,0.92254,0.08923,0
2025-10-18,WH-C,CR-1,1.10445,1.16987,0.92993,0.08923,0
2025-10-18,WH-C,CR-2,1.10445,1.16987,0.91526,0.08923,0
2025-10-18,WH-C,CR-3,1.10445,1.16987,0.87576,0.08923,0
2025-10-18,WH-C,CR-4,1.10445,1.16987,0.93086,0.08923,0
2025-10-19,WH-A,CR-1,0.96394,1.08159,0.9328,0.33172,0
2025-10-19,WH-A,CR-2,0.96394,1.08159,0.9229,0.33172,0
2025-10-19,WH-A,CR-3,0.96394,1.08159,0.88615,0.33172,0
2025-10-19,WH-A,CR-4,0.96394,1.08159,0.92751,0.33172,0
2025-10-19,WH-B,CR-1,1.25995,1.00408,0.95771,0.33172,0
2025-10-19,WH-B,CR-2,1.25995,1.00408,0.89191,0.33172,0
2025-10-19,WH-B,CR-3,1.25995,1.00408,0.8754,0.33172,0
2025-10-19,WH-B,CR-4,1.25995,1.00408,0.92836,0.33172,0
2025-10-19,WH-C,CR-1,0.97682,0.98982,0.92461,0.33172,0
2025-10-19,WH-C,CR-2,0.97682,0.98982,0.89747,0.33172,0
2025-10-19,WH-C,CR-3,0.97682,0.98982,0.86552,0.33172,0
2025-10-19,WH-C,CR-4,0.97682,0.98982,0.93996,0.33172,0
2025-10-20,WH-A,CR-1,1.13249,1.20344,0.93046,0.30037,0
2025-10-20,WH-A,CR-2,1.13249,1.20344,0.91542,0.30037,0
2025-10-20,WH-A,CR-3,1.13249,1.20344,0.85934,0.30037,0
2025-10-20,WH-A,CR-4,1.13249,1.20344,0.93865,0.30037,0
2025-10-20,WH-B,CR-1,1.41433,1.14616,0.92628,0.30037,0
2025-10-20,WH-B,CR-2,1.41433,1.14616,0.88986,0.30037,0
2025-10-20,WH-B,CR-3,1.41433,1.14616,0.85459,0.30037,0
2025-10-20,WH-B,CR-4,1.41433,1.14616,0.91544,0.30037,0
2025-10-20,WH-C,CR-1,1.20911,1.0731,0.91601,0.30037,0
2025-10-20,WH-C,CR-2,1.20911,1.0731,0.89368,0.30037,0
2025-10-20,WH-C,CR-3,1.20911,1.0731,0.86998,0.30037,0
2025-10-20,WH-C,CR-4,1.20911,1.0731,0.92045,0.30037,0
2025-10-21,WH-A,CR-1,1.64249,1.31044,0.91576,0.26324,0
2025-10-21,WH-A,CR-2,1.64249,1.31044,0.89499,0.26324,0
2025-10-21,WH-A,CR-3,1.64249,1.31044,0.88364,0.26324,0
2025-10-21,WH-A,CR-4,1.64249,1.31044,0.91981,0.26324,0
2025-10-21,WH-B,CR-1,1.81972,1.16657,0.95421,0.26324,0
2025-10-21,WH-B,CR-2,1.81972,1.16657,0.91777,0.26324,0
2025-10-21,WH-B,CR-3,1.81972,1.16657,0.88799,0.26324,0
2025-10-21,WH-B,CR-4,1.81972,1.16657,0.92032,0.26324,0
2025-10-21,WH-C,CR-1,1.12095,1.12558,0.91719,0.26324,0
2025-10-21,WH-C,CR-2,1.12095,1.12558,0.92292,0.26324,0
2025-10-21,WH-C,CR-3,1.12095,1.12558,0.88421,0.26324,0
2025-10-21,WH-C,CR-4,1.12095,1.12558,0.92112,0.26324,0
2025-10-22,WH-A,CR-1,0.89408,1.23059,0.90742,0.95789,0
2025-10-22,WH-A,CR-2,0.89408,1.23059,0.89041,0.95789,0
2025-10-22,WH-A,CR-3,0.89408,1.23059,0.86523,0.95789,0
2025-10-22,WH-A,CR-4,0.89408,1.23059,0.91738,0.95789,0
2025-10-22,WH-B,CR-1,2.07956,1.19647,0.92936,0.95789,0
2025-10-22,WH-B,CR-2,2.07956,1.19647,0.88327,0.95789,0
2025-10-22,WH-B,CR-3,2.07956,1.19647,0.86629,0.95789,0
2025-10-22,WH-B,CR-4,2.07956,1.19647,0.89469,0.95789,0
2025-10-22,WH-C,CR-1,1.64517,1.03779,0.9186,0.95789,0
2025-10-22,WH-C,CR-2,1.64517,1.03779,0.87693,0.95789,0
2025-10-22,WH-C,CR-3,1.64517,1.03779,0.854,0.95789,0
2025-10-22,WH-C,CR-4,1.64517,1.03779,0.91292,0.95789,0
2025-10-23,WH-A,CR-1,1.13107,1.11297,0.93549,0.16161,0
2025-10-23,WH-A,CR-2,1.13107,1.11297,0.92173,0.16161,0
2025-10-23,WH-A,CR-3,1.13107,1.11297,0.888,0.16161,0
2025-10-23,WH-A,CR-4,1.13107,1.11297,0.91343,0.16161,0
2025-10-23,WH-B,CR-1,1.71399,1.18798,0.94133,0.16161,0
2025-10-23,WH-B,CR-2,1.71399,1.18798,0.89449,0.16161,0
2025-10-23,WH-B,CR-3,1.71399,1.18798,0.88608,0.16161,0
2025-10-23,WH-B,CR-4,1.71399,1.18798,0.9164,0.16161,0
2025-10-23,WH-C,CR-1,1.8962,1.19236,0.92351,0.16161,0
2025-10-23,WH-C,CR-2,1.8962,1.19236,0.90074,0.16161,0
2025-10-23,WH-C,CR-3,1.8962,1.19236,0.87053,0.16161,0
2025-10-23,WH-C,CR-4,1.8962,1.19236,0.92901,0.16161,0
2025-10-24,WH-A,CR-1,0.71844,1.19392,0.93909,0.24161,0
2025-10-24,WH-A,CR-2,0.71844,1.19392,0.90692,0.24161,0
2025-10-24,WH-A,CR-3,0.71844,1.19392,0.8789,0.24161,0
2025-10-24,WH-A,CR-4,0.71844,1.19392,0.91822,0.24161,0
2025-10-24,WH-B,CR-1,1.77973,1.35,0.94975,0.24161,0
2025-10-24,WH-B,CR-2,1.77973,1.35,0.90219,0.24161,0
2025-10-24,WH-B,CR-3,1.77973,1.35,0.86937,0.24161,0
2025-10-24,WH-B,CR-4,1.77973,1.35,0.89133,0.24161,0
2025-10-24,WH-C,CR-1,1.97781,1.21293,0.92913,0.24161,0
2025-10-24,WH-C,CR-2,1.97781,1.21293,0.88847,0.24161,0
2025-10-24,WH-C,CR-3,1.97781,1.21293,0.86179,0.24161,0
2025-10-24,WH-C,CR-4,1.97781,1.21293,0.93098,0.24161,0
2025-10-25,WH-A,CR-1,0.96924,1.14734,0.93948,0.27514,0
2025-10-25,WH-A,CR-2,0.96924,1.14734,0.91499,0.27514,0
2025-10-25,WH-A,CR-3,0.96924,1.14734,0.84997,0.27514,0
2025-10-25,WH-A,CR-4,0.96924,1.14734,0.91024,0.27514,0
2025-10-25,WH-B,CR-1,1.6313,1.15637,0.95761,0.27514,0
2025-10-25,WH-B,CR-2,1.6313,1.15637,0.90308,0.27514,0
2025-10-25,WH-B,CR-3,1.6313,1.15637,0.86771,0.27514,0
2025-10-25,WH-B,CR-4,1.6313,1.15637,0.90159,0.27514,0
2025-10-25,WH-C,CR-1,1.95983,1.02598,0.97055,0.27514,0
2025-10-25,WH-C,CR-2,1.95983,1.02598,0.89617,0.27514,0
2025-10-25,WH-C,CR-3,1.95983,1.02598,0.90031,0.27514,0
2025-10-25,WH-C,CR-4,1.95983,1.02598,0.93403,0.27514,0
2025-10-26,WH-A,CR-1,1.37279,1.05198,0.94868,0.07651,0
2025-10-26,WH-A,CR-2,1.37279,1.05198,0.91841,0.07651,0
2025-10-26,WH-A,CR-3,1.37279,1.05198,0.88578,0.07651,0
2025-10-26,WH-A,CR-4,1.37279,1.05198,0.92843,0.07651,0
2025-10-26,WH-B,CR-1,1.25191,1.06386,0.94074,0.07651,0
2025-10-26,WH-B,CR-2,1.25191,1.06386,0.88611,0.07651,0
2025-10-26,WH-B,CR-3,1.25191,1.06386,0.88065,0.07651,0
2025-10-26,WH-B,CR-4,1.25191,1.06386,0.92746,0.07651,0
2025-10-26,WH-C,CR-1,1.19286,1.04336,0.93488,0.07651,0
2025-10-26,WH-C,CR-2,1.19286,1.04336,0.93178,0.07651,0
2025-10-26,WH-C,CR-3,1.19286,1.04336,0.88126,0.07651,0
2025-10-26,WH-C,CR-4,1.19286,1.04336,0.94106,0.07651,0
2025-10-27,WH-A,CR-1,1.60125,1.09735,0.93118,0.26654,0
2025-10-27,WH-A,CR-2,1.60125,1.09735,0.89257,0.26654,0
2025-10-27,WH-A,CR-3,1.60125,1.09735,0.87608,0.26654,0
2025-10-27,WH-A,CR-4,1.60125,1.09735,0.93798,0.26654,0
2025-10-27,WH-B,CR-1,1.74382,1.2769,0.95594,0.26654,0
2025-10-27,WH-B,CR-2,1.74382,1.2769,0.88065,0.26654,0
2025-10-27,WH-B,CR-3,1.74382,1.2769,0.86088,0.26654,0
2025-10-27,WH-B,CR-4,1.74382,1.2769,0.9035,0.26654,0
2025-10-27,WH-C,CR-1,1.37016,1.09455,0.92933,0.26654,0
2025-10-27,WH-C,CR-2,1.37016,1.09455,0.9026,0.26654,0
2025-10-27,WH-C,CR-3,1.37016,1.09455,0.87979,0.26654,0
2025-10-27,WH-C,CR-4,1.37016,1.09455,0.90738,0.26654,0
2025-10-28,WH-A,CR-1,1.93485,1.14797,0.9296,0.05026,0
2025-10-28,WH-A,CR-2,1.93485,1.14797,0.88332,0.05026,0
2025-10-28,WH-A,CR-3,1.93485,1.14797,0.89053,0.05026,0
2025-10-28,WH-A,CR-4,1.93485,1.14797,0.92026,0.05026,0
2025-10-28,WH-B,CR-1,1.33635,1.01277,0.92183,0.05026,0
2025-10-28,WH-B,CR-2,1.33635,1.01277,0.89756,0.05026,0
2025-10-28,WH-B,CR-3,1.33635,1.01277,0.87623,0.05026,0
2025-10-28,WH-B,CR-4,1.33635,1.01277,0.91459,0.05026,0
2025-10-28,WH-C,CR-1,1.33007,1.13028,0.96576,0.05026,0
2025-10-28,WH-C,CR-2,1.33007,1.13028,0.88864,0.05026,0
2025-10-28,WH-C,CR-3,1.33007,1.13028,0.88103,0.05026,0
2025-10-28,WH-C,CR-4,1.33007,1.13028,0.93118,0.05026,0
2025-10-29,WH-A,CR-1,2.00236,1.15772,0.95524,0.07621,0
2025-10-29,WH-A,CR-2,2.00236,1.15772,0.8825,0.07621,0
2025-10-29,WH-A,CR-3,2.00236,1.15772,0.86852,0.07621,0
2025-10-29,WH-A,CR-4,2.00236,1.15772,0.94633,0.07621,0
2025-10-29,WH-B,CR-1,1.79319,1.19324,0.95343,0.07621,0
2025-10-29,WH-B,CR-2,1.79319,1.19324,0.88563,0.07621,0
2025-10-29,WH-B,CR-3,1.79319,1.19324,0.88818,0.07621,0
2025-10-29,WH-B,CR-4,1.79319,1.19324,0.9414,0.07621,0
2025-10-29,WH-C,CR-1,1.00936,1.35,0.94098,0.07621,0
2025-10-29,WH-C,CR-2,1.00936,1.35,0.88231,0.07621,0
2025-10-29,WH-C,CR-3,1.00936,1.35,0.8832,0.07621,0
2025-10-29,WH-C,CR-4,1.00936,1.35,0.91999,0.07621,0
2025-10-30,WH-A,CR-1,1.56853,1.2702,0.93573,0.86328,0
2025-10-30,WH-A,CR-2,1.56853,1.2702,0.88453,0.86328,0
2025-10-30,WH-A,CR-3,1.56853,1.2702,0.86264,0.86328,0
2025-10-30,WH-A,CR-4,1.56853,1.2702,0.92066,0.86328,0
2025-10-30,WH-B,CR-1,1.64435,1.12325,0.9249,0.86328,0
2025-10-30,WH-B,CR-2,1.64435,1.12325,0.88167,0.86328,0
2025-10-30,WH-B,CR-3,1.64435,1.12325,0.83767,0.86328,0
2025-10-30,WH-B,CR-4,1.64435,1.12325,0.91733,0.86328,0
2025-10-30,WH-C,CR-1,0.33624,1.07056,0.9032,0.86328,0
2025-10-30,WH-C,CR-2,0.33624,1.07056,0.87468,0.86328,0
2025-10-30,WH-C,CR-3,0.33624,1.07056,0.86958,0.86328,0
2025-10-30,WH-C,CR-4,0.33624,1.07056,0.91179,0.86328,0
2025-10-31,WH-A,CR-1,1.26721,1.18012,0.93529,0.22669,0
2025-10-31,WH-A,CR-2,1.26721,1.18012,0.91579,0.22669,0
2025-10-31,WH-A,CR-3,1.26721,1.18012,0.8875,0.22669,0
2025-10-31,WH-A,CR-4,1.26721,1.18012,0.92289,0.22669,0
2025-10-31,WH-B,CR-1,1.02775,1.08947,0.93475,0.22669,0
2025-10-31,WH-B,CR-2,1.02775,1.08947,0.8966,0.22669,0
2025-10-31,WH-B,CR-3,1.02775,1.08947,0.86326,0.22669,0
2025-10-31,WH-B,CR-4,1.02775,1.08947,0.92676,0.22669,0
2025-10-31,WH-C,CR-1,1.44637,1.11094,0.93589,0.22669,0
2025-10-31,WH-C,CR-2,1.44637,1.11094,0.89018,0.22669,0
2025-10-31,WH-C,CR-3,1.44637,1.11094,0.89084,0.22669,0
2025-10-31,WH-C,CR-4,1.44637,1.11094,0.93642,0.22669,0
2025-11-01,WH-A,CR-1,1.5123,0.93781,0.92634,0.64889,0
2025-11-01,WH-A,CR-2,1.5123,0.93781,0.88341,0.64889,0
2025-11-01,WH-A,CR-3,1.5123,0.93781,0.81919,0.64889,0
2025-11-01,WH-A,CR-4,1.5123,0.93781,0.90128,0.64889,0
2025-11-01,WH-B,CR-1,1.43263,1.03385,0.91072,0.64889,0
2025-11-01,WH-B,CR-2,1.43263,1.03385,0.85493,0.64889,0
2025-11-01,WH-B,CR-3,1.43263,1.03385,0.84905,0.64889,0
2025-11-01,WH-B,CR-4,1.43263,1.03385,0.89835,0.64889,0
2025-11-01,WH-C,CR-1,1.80554,1.00804,0.92377,0.64889,0
2025-11-01,WH-C,CR-2,1.80554,1.00804,0.88079,0.64889,0
2025-11-01,WH-C,CR-3,1.80554,1.00804,0.84609,0.64889,0
2025-11-01,WH-C,CR-4,1.80554,1.00804,0.9096,0.64889,0
2025-11-02,WH-A,CR-1,1.91179,0.96348,0.93672,0.3756,0
2025-11-02,WH-A,CR-2,1.91179,0.96348,0.87175,0.3756,0
2025-11-02,WH-A,CR-3,1.91179,0.96348,0.8646,0.3756,0
2025-11-02,WH-A,CR-4,1.91179,0.96348,0.89923,0.3756,0
2025-11-02,WH-B,CR-1,1.38224,0.94693,0.90418,0.3756,0
2025-11-02,WH-B,CR-2,1.38224,0.94693,0.88767,0.3756,0
2025-11-02,WH-B,CR-3,1.38224,0.94693,0.85183,0.3756,0
2025-11-02,WH-B,CR-4,1.38224,0.94693,0.88847,0.3756,0
2025-11-02,WH-C,CR-1,2.42763,1.04921,0.92977,0.3756,0
2025-11-02,WH-C,CR-2,2.42763,1.04921,0.88358,0.3756,0
2025-11-02,WH-C,CR-3,2.42763,1.04921,0.85031,0.3756,0
2025-11-02,WH-C,CR-4,2.42763,1.04921,0.90918,0.3756,0
2025-11-03,WH-A,CR-1,2.02139,0.92512,0.9163,0.1514,0
2025-11-03,WH-A,CR-2,2.02139,0.92512,0.87948,0.1514,0
2025-11-03,WH-A,CR-3,2.02139,0.92512,0.85186,0.1514,0
2025-11-03,WH-A,CR-4,2.02139,0.92512,0.90914,0.1514,0
2025-11-03,WH-B,CR-1,2.31406,0.9741,0.91074,0.1514,0
2025-11-03,WH-B,CR-2,2.31406,0.9741,0.87559,0.1514,0
2025-11-03,WH-B,CR-3,2.31406,0.9741,0.84481,0.1514,0
2025-11-03,WH-B,CR-4,2.31406,0.9741,0.89764,0.1514,0
2025-11-03,WH-C,CR-1,2.24941,1.08887,0.91862,0.1514,0
2025-11-03,WH-C,CR-2,2.24941,1.08887,0.87209,0.1514,0
2025-11-03,WH-C,CR-3,2.24941,1.08887,0.8703,0.1514,0
2025-11-03,WH-C,CR-4,2.24941,1.08887,0.91611,0.1514,0
2025-11-04,WH-A,CR-1,2.2696,1.02948,0.9201,0.09426,0
2025-11-04,WH-A,CR-2,2.2696,1.02948,0.88549,0.09426,0
2025-11-04,WH-A,CR-3,2.2696,1.02948,0.86234,0.09426,0
2025-11-04,WH-A,CR-4,2.2696,1.02948,0.90805,0.09426,0
2025-11-04,WH-B,CR-1,2.3573,0.87993,0.92213,0.09426,0
2025-11-04,WH-B,CR-2,2.3573,0.87993,0.88132,0.09426,0
2025-11-04,WH-B,CR-3,2.3573,0.87993,0.86514,0.09426,0
2025-11-04,WH-B,CR-4,2.3573,0.87993,0.91158,0.09426,0
2025-11-04,WH-C,CR-1,2.0817,1.12384,0.91826,0.09426,0
2025-11-04,WH-C,CR-2,2.0817,1.12384,0.88777,0.09426,0
2025-11-04,WH-C,CR-3,2.0817,1.12384,0.85415,0.09426,0
2025-11-04,WH-C,CR-4,2.0817,1.12384,0.92601,0.09426,0
2025-11-05,WH-A,CR-1,1.88452,1.10014,0.90826,0.12523,0
2025-11-05,WH-A,CR-2,1.88452,1.10014,0.87961,0.12523,0
2025-11-05,WH-A,CR-3,1.88452,1.10014,0.84904,0.12523,0
2025-11-05,WH-A,CR-4,1.88452,1.10014,0.906,0.12523,0
2025-11-05,WH-B,CR-1,2.06683,0.86254,0.92074,0.12523,0
2025-11-05,WH-B,CR-2,2.06683,0.86254,0.85988,0.12523,0
2025-11-05,WH-B,CR-3,2.06683,0.86254,0.8655,0.12523,0
2025-11-05,WH-B,CR-4,2.06683,0.86254,0.92395,0.12523,0
2025-11-05,WH-C,CR-1,2.03798,1.14596,0.91495,0.12523,0
2025-11-05,WH-C,CR-2,2.03798,1.14596,0.90444,0.12523,0
2025-11-05,WH-C,CR-3,2.03798,1.14596,0.84977,0.12523,0
2025-11-05,WH-C,CR-4,2.03798,1.14596,0.87687,0.12523,0
2025-11-06,WH-A,CR-1,2.25564,1.00077,0.91644,0.27803,0
2025-11-06,WH-A,CR-2,2.25564,1.00077,0.89415,0.27803,0
2025-11-06,WH-A,CR-3,2.25564,1.00077,0.85147,0.27803,0
2025-11-06,WH-A,CR-4,2.25564,1.00077,0.93401,0.27803,0
2025-11-06,WH-B,CR-1,2.13581,1.1222,0.92164,0.27803,0
2025-11-06,WH-B,CR-2,2.13581,1.1222,0.8741,0.27803,0
2025-11-06,WH-B,CR-3,2.13581,1.1222,0.8474,0.27803,0
2025-11-06,WH-B,CR-4,2.13581,1.1222,0.91471,0.27803,0
2025-11-06,WH-C,CR-1,2.11883,1.06905,0.89286,0.27803,0
2025-11-06,WH-C,CR-2,2.11883,1.06905,0.89037,0.27803,0
2025-11-06,WH-C,CR-3,2.11883,1.06905,0.85594,0.27803,0
2025-11-06,WH-C,CR-4,2.11883,1.06905,0.90173,0.27803,0
2025-11-07,WH-A,CR-1,2.1036,1.02265,0.90407,0.43677,0
2025-11-07,WH-A,CR-2,2.1036,1.02265,0.9058,0.43677,0
2025-11-07,WH-A,CR-3,2.1036,1.02265,0.86058,0.43677,0
2025-11-07,WH-A,CR-4,2.1036,1.02265,0.88802,0.43677,0
2025-11-07,WH-B,CR-1,3.07558,1.00737,0.90999,0.43677,0
2025-11-07,WH-B,CR-2,3.07558,1.00737,0.89041,0.43677,0
2025-11-07,WH-B,CR-3,3.07558,1.00737,0.826,0.43677,0
2025-11-07,WH-B,CR-4,3.07558,1.00737,0.89679,0.43677,0
2025-11-07,WH-C,CR-1,1.92117,1.05841,0.91408,0.43677,0
2025-11-07,WH-C,CR-2,1.92117,1.05841,0.87871,0.43677,0
2025-11-07,WH-C,CR-3,1.92117,1.05841,0.84815,0.43677,0
2025-11-07,WH-C,CR-4,1.92117,1.05841,0.91242,0.43677,0
2025-11-08,WH-A,CR-1,2.26486,1.10887,0.91215,0.41255,0
2025-11-08,WH-A,CR-2,2.26486,1.10887,0.8739,0.41255,0
2025-11-08,WH-A,CR-3,2.26486,1.10887,0.82717,0.41255,0
2025-11-08,WH-A,CR-4,2.26486,1.10887,0.88287,0.41255,0
2025-11-08,WH-B,CR-1,2.81143,0.95333,0.90341,0.41255,0
2025-11-08,WH-B,CR-2,2.81143,0.95333,0.88429,0.41255,0
2025-11-08,WH-B,CR-3,2.81143,0.95333,0.84325,0.41255,0
2025-11-08,WH-B,CR-4,2.81143,0.95333,0.8891,0.41255,0
2025-11-08,WH-C,CR-1,2.20895,1.07155,0.89679,0.41255,0
2025-11-08,WH-C,CR-2,2.20895,1.07155,0.883,0.41255,0
2025-11-08,WH-C,CR-3,2.20895,1.07155,0.82721,0.41255,0
2025-11-08,WH-C,CR-4,2.20895,1.07155,0.88238,0.41255,0
2025-11-09,WH-A,CR-1,2.04657,0.89671,0.91525,0.14909,0
2025-11-09,WH-A,CR-2,2.04657,0.89671,0.88526,0.14909,0
2025-11-09,WH-A,CR-3,2.04657,0.89671,0.84539,0.14909,0
2025-11-09,WH-A,CR-4,2.04657,0.89671,0.92865,0.14909,0
2025-11-09,WH-B,CR-1,2.71151,0.97109,0.90999,0.14909,0
2025-11-09,WH-B,CR-2,2.71151,0.97109,0.8901,0.14909,0
2025-11-09,WH-B,CR-3,2.71151,0.97109,0.86964,0.14909,0
2025-11-09,WH-B,CR-4,2.71151,0.97109,0.92478,0.14909,0
2025-11-09,WH-C,CR-1,1.91598,1.05006,0.92141,0.14909,0
2025-11-09,WH-C,CR-2,1.91598,1.05006,0.89651,0.14909,0
2025-11-09,WH-C,CR-3,1.91598,1.05006,0.85371,0.14909,0
2025-11-09,WH-C,CR-4,1.91598,1.05006,0.90257,0.14909,0
2025-11-10,WH-A,CR-1,2.72645,1.05788,0.90323,0.72178,0
2025-11-10,WH-A,CR-2,2.72645,1.05788,0.84499,0.72178,0
2025-11-10,WH-A,CR-3,2.72645,1.05788,0.82517,0.72178,0
2025-11-10,WH-A,CR-4,2.72645,1.05788,0.88978,0.72178,0
2025-11-10,WH-B,CR-1,2.35529,1.10713,0.88879,0.72178,0
2025-11-10,WH-B,CR-2,2.35529,1.10713,0.86849,0.72178,0
2025-11-10,WH-B,CR-3,2.35529,1.10713,0.83896,0.72178,0
2025-11-10,WH-B,CR-4,2.35529,1.10713,0.90896,0.72178,0
2025-11-10,WH-C,CR-1,1.78068,1.07819,0.90686,0.72178,0
2025-11-10,WH-C,CR-2,1.78068,1.07819,0.88535,0.72178,0
2025-11-10,WH-C,CR-3,1.78068,1.07819,0.85471,0.72178,0
2025-11-10,WH-C,CR-4,1.78068,1.07819,0.89411,0.72178,0
2025-11-11,WH-A,CR-1,2.61463,1.06488,0.90832,0.01836,0
2025-11-11,WH-A,CR-2,2.61463,1.06488,0.90086,0.01836,0
2025-11-11,WH-A,CR-3,2.61463,1.06488,0.85733,0.01836,0
2025-11-11,WH-A,CR-4,2.61463,1.06488,0.89612,0.01836,0
2025-11-11,WH-B,CR-1,2.34998,1.19628,0.92514,0.01836,0
2025-11-11,WH-B,CR-2,2.34998,1.19628,0.89975,0.01836,0
2025-11-11,WH-B,CR-3,2.34998,1.19628,0.84467,0.01836,0
2025-11-11,WH-B,CR-4,2.34998,1.19628,0.8989,0.01836,0
2025-11-11,WH-C,CR-1,1.66836,1.05675,0.91508,0.01836,0
2025-11-11,WH-C,CR-2,1.66836,1.05675,0.8813,0.01836,0
2025-11-11,WH-C,CR-3,1.66836,1.05675,0.8528,0.01836,0
2025-11-11,WH-C,CR-4,1.66836,1.05675,0.89764,0.01836,0
2025-11-12,WH-A,CR-1,2.0206,1.06972,0.92959,0.24843,0
2025-11-12,WH-A,CR-2,2.0206,1.06972,0.88083,0.24843,0
2025-11-12,WH-A,CR-3,2.0206,1.06972,0.84668,0.24843,0
2025-11-12,WH-A,CR-4,2.0206,1.06972,0.91412,0.24843,0
2025-11-12,WH-B,CR-1,2.16369,1.04018,0.90055,0.24843,0
2025-11-12,WH-B,CR-2,2.16369,1.04018,0.86059,0.24843,0
2025-11-12,WH-B,CR-3,2.16369,1.04018,0.8512,0.24843,0
2025-11-12,WH-B,CR-4,2.16369,1.04018,0.88787,0.24843,0
2025-11-12,WH-C,CR-1,1.83104,1.1312,0.93528,0.24843,0
2025-11-12,WH-C,CR-2,1.83104,1.1312,0.88415,0.24843,0
2025-11-12,WH-C,CR-3,1.83104,1.1312,0.86526,0.24843,0
2025-11-12,WH-C,CR-4,1.83104,1.1312,0.90782,0.24843,0
2025-11-13,WH-A,CR-1,2.73464,0.95807,0.93059,0.19484,0
2025-11-13,WH-A,CR-2,2.73464,0.95807,0.89043,0.19484,0
2025-11-13,WH-A,CR-3,2.73464,0.95807,0.84228,0.19484,0
2025-11-13,WH-A,CR-4,2.73464,0.95807,0.90774,0.19484,0
2025-11-13,WH-B,CR-1,3.1349,1.16485,0.90784,0.19484,0
2025-11-13,WH-B,CR-2,3.1349,1.16485,0.87545,0.19484,0
2025-11-13,WH-B,CR-3,3.1349,1.16485,0.8552,0.19484,0
2025-11-13,WH-B,CR-4,3.1349,1.16485,0.90201,0.19484,0
2025-11-13,WH-C,CR-1,2.36207,1.10117,0.89369,0.19484,0
2025-11-13,WH-C,CR-2,2.36207,1.10117,0.8895,0.19484,0
2025-11-13,WH-C,CR-3,2.36207,1.10117,0.85184,0.19484,0
2025-11-13,WH-C,CR-4,2.36207,1.10117,0.90444,0.19484,0
2025-11-14,WH-A,CR-1,2.97304,0.98202,0.90974,0.39189,0
2025-11-14,WH-A,CR-2,2.97304,0.98202,0.87506,0.39189,0
2025-11-14,WH-A,CR-3,2.97304,0.98202,0.83026,0.39189,0
2025-11-14,WH-A,CR-4,2.97304,0.98202,0.89913,0.39189,0
2025-11-14,WH-B,CR-1,3.66665,0.90504,0.91016,0.39189,0
2025-11-14,WH-B,CR-2,3.66665,0.90504,0.87977,0.39189,0
2025-11-14,WH-B,CR-3,3.66665,0.90504,0.8539,0.39189,0
2025-11-14,WH-B,CR-4,3.66665,0.90504,0.88889,0.39189,0
2025-11-14,WH-C,CR-1,1.78985,0.93171,0.92642,0.39189,0
2025-11-14,WH-C,CR-2,1.78985,0.93171,0.86865,0.39189,0
2025-11-14,WH-C,CR-3,1.78985,0.93171,0.84445,0.39189,0
2025-11-14,WH-C,CR-4,1.78985,0.93171,0.9257,0.39189,0
2025-11-15,WH-A,CR-1,3.15945,1.04326,0.89933,0.12148,0
2025-11-15,WH-A,CR-2,3.15945,1.04326,0.87675,0.12148,0
2025-11-15,WH-A,CR-3,3.15945,1.04326,0.85894,0.12148,0
2025-11-15,WH-A,CR-4,3.15945,1.04326,0.92846,0.12148,0
2025-11-15,WH-B,CR-1,3.10144,0.92251,0.92035,0.12148,0
2025-11-15,WH-B,CR-2,3.10144,0.92251,0.89275,0.12148,0
2025-11-15,WH-B,CR-3,3.10144,0.92251,0.86348,0.12148,0
2025-11-15,WH-B,CR-4,3.10144,0.92251,0.89516,0.12148,0
2025-11-15,WH-C,CR-1,1.73183,0.97924,0.93046,0.12148,0
2025-11-15,WH-C,CR-2,1.73183,0.97924,0.88245,0.12148,0
2025-11-15,WH-C,CR-3,1.73183,0.97924,0.85505,0.12148,0
2025-11-15,WH-C,CR-4,1.73183,0.97924,0.893,0.12148,0
2025-11-16,WH-A,CR-1,3.28687,0.96439,0.89322,1.40552,0
2025-11-16,WH-A,CR-2,3.28687,0.96439,0.8442,1.40552,0
2025-11-16,WH-A,CR-3,3.28687,0.96439,0.80639,1.40552,0
2025-11-16,WH-A,CR-4,3.28687,0.96439,0.89722,1.40552,0
2025-11-16,WH-B,CR-1,3.02926,0.97851,0.87721,1.40552,0
2025-11-16,WH-B,CR-2,3.02926,0.97851,0.85136,1.40552,0
2025-11-16,WH-B,CR-3,3.02926,0.97851,0.84495,1.40552,0
2025-11-16,WH-B,CR-4,3.02926,0.97851,0.90308,1.40552,0
2025-11-16,WH-C,CR-1,1.66425,1.01572,0.89448,1.40552,0
2025-11-16,WH-C,CR-2,1.66425,1.01572,0.86075,1.40552,0
2025-11-16,WH-C,CR-3,1.66425,1.01572,0.85442,1.40552,0
2025-11-16,WH-C,CR-4,1.66425,1.01572,0.87676,1.40552,0
2025-11-17,WH-A,CR-1,2.67167,1.07251,0.90085,0.91378,0
2025-11-17,WH-A,CR-2,2.67167,1.07251,0.88752,0.91378,0
2025-11-17,WH-A,CR-3,2.67167,1.07251,0.84453,0.91378,0
2025-11-17,WH-A,CR-4,2.67167,1.07251,0.88989,0.91378,0
2025-11-17,WH-B,CR-1,3.43922,1.14194,0.91548,0.91378,0
2025-11-17,WH-B,CR-2,3.43922,1.14194,0.8244,0.91378,0
2025-11-17,WH-B,CR-3,3.43922,1.14194,0.84633,0.91378,0
2025-11-17,WH-B,CR-4,3.43922,1.14194,0.8936,0.91378,0
2025-11-17,WH-C,CR-1,1.82696,1.09078,0.90418,0.91378,0
2025-11-17,WH-C,CR-2,1.82696,1.09078,0.87919,0.91378,0
2025-11-17,WH-C,CR-3,1.82696,1.09078,0.83784,0.91378,0
2025-11-17,WH-C,CR-4,1.82696,1.09078,0.90903,0.91378,0
2025-11-18,WH-A,CR-1,2.76819,1.13458,0.91834,0.63451,0
2025-11-18,WH-A,CR-2,2.76819,1.13458,0.87473,0.63451,0
2025-11-18,WH-A,CR-3,2.76819,1.13458,0.85796,0.63451,0
2025-11-18,WH-A,CR-4,2.76819,1.13458,0.89817,0.63451,0
2025-11-18,WH-B,CR-1,3.89523,1.12982,0.89857,0.63451,0
2025-11-18,WH-B,CR-2,3.89523,1.12982,0.90405,0.63451,0
2025-11-18,WH-B,CR-3,3.89523,1.12982,0.82085,0.63451,0
2025-11-18,WH-B,CR-4,3.89523,1.12982,0.90373,0.63451,0
2025-11-18,WH-C,CR-1,1.70265,1.19257,0.90911,0.63451,0
2025-11-18,WH-C,CR-2,1.70265,1.19257,0.86655,0.63451,0
2025-11-18,WH-C,CR-3,1.70265,1.19257,0.84288,0.63451,0
2025-11-18,WH-C,CR-4,1.70265,1.19257,0.88751,0.63451,0
2025-11-19,WH-A,CR-1,2.39667,1.06361,0.91834,0.21421,0
2025-11-19,WH-A,CR-2,2.39667,1.06361,0.87169,0.21421,0
2025-11-19,WH-A,CR-3,2.39667,1.06361,0.83374,0.21421,0
2025-11-19,WH-A,CR-4,2.39667,1.06361,0.90738,0.21421,0
2025-11-19,WH-B,CR-1,3.70832,1.10042,0.92026,0.21421,0
2025-11-19,WH-B,CR-2,3.70832,1.10042,0.90252,0.21421,0
2025-11-19,WH-B,CR-3,3.70832,1.10042,0.86561,0.21421,0
2025-11-19,WH-B,CR-4,3.70832,1.10042,0.9358,0.21421,0
2025-11-19,WH-C,CR-1,2.95219,0.90135,0.88728,0.21421,0
2025-11-19,WH-C,CR-2,2.95219,0.90135,0.88356,0.21421,0
2025-11-19,WH-C,CR-3,2.95219,0.90135,0.85969,0.21421,0
2025-11-19,WH-C,CR-4,2.95219,0.90135,0.90273,0.21421,0
2025-11-20,WH-A,CR-1,2.17665,0.99857,0.90438,0.59519,0
2025-11-20,WH-A,CR-2,2.17665,0.99857,0.88691,0.59519,0
2025-11-20,WH-A,CR-3,2.17665,0.99857,0.84095,0.59519,0
2025-11-20,WH-A,CR-4,2.17665,0.99857,0.89332,0.59519,0
2025-11-20,WH-B,CR-1,3.60168,1.0261,0.92019,0.59519,0
2025-11-20,WH-B,CR-2,3.60168,1.0261,0.86575,0.59519,0
2025-11-20,WH-B,CR-3,3.60168,1.0261,0.83315,0.59519,0
2025-11-20,WH-B,CR-4,3.60168,1.0261,0.90044,0.59519,0
2025-11-20,WH-C,CR-1,2.82213,0.9728,0.92291,0.59519,0
2025-11-20,WH-C,CR-2,2.82213,0.9728,0.89989,0.59519,0
2025-11-20,WH-C,CR-3,2.82213,0.9728,0.83925,0.59519,0
2025-11-20,WH-C,CR-4,2.82213,0.9728,0.91463,0.59519,0
2025-11-21,WH-A,CR-1,1.94156,1.03652,0.90596,0.1009,0
2025-11-21,WH-A,CR-2,1.94156,1.03652,0.88312,0.1009,0
2025-11-21,WH-A,CR-3,1.94156,1.03652,0.87764,0.1009,0
2025-11-21,WH-A,CR-4,1.94156,1.03652,0.90439,0.1009,0
2025-11-21,WH-B,CR-1,4.07288,1.01113,0.93359,0.1009,0
2025-11-21,WH-B,CR-2,4.07288,1.01113,0.86618,0.1009,0
2025-11-21,WH-B,CR-3,4.07288,1.01113,0.85225,0.1009,0
2025-11-21,WH-B,CR-4,4.07288,1.01113,0.89925,0.1009,0
2025-11-21,WH-C,CR-1,3.13576,1.05682,0.89063,0.1009,0
2025-11-21,WH-C,CR-2,3.13576,1.05682,0.86996,0.1009,0
2025-11-21,WH-C,CR-3,3.13576,1.05682,0.84353,0.1009,0
2025-11-21,WH-C,CR-4,3.13576,1.05682,0.91689,0.1009,0
2025-11-22,WH-A,CR-1,1.93472,1.01931,0.89227,0.6485,0
2025-11-22,WH-A,CR-2,1.93472,1.01931,0.88132,0.6485,0
2025-11-22,WH-A,CR-3,1.93472,1.01931,0.8503,0.6485,0
2025-11-22,WH-A,CR-4,1.93472,1.01931,0.89253,0.6485,0
2025-11-22,WH-B,CR-1,3.78124,0.97017,0.9118,0.6485,0
2025-11-22,WH-B,CR-2,3.78124,0.97017,0.85982,0.6485,0
2025-11-22,WH-B,CR-3,3.78124,0.97017,0.8532,0.6485,0
2025-11-22,WH-B,CR-4,3.78124,0.97017,0.90815,0.6485,0
2025-11-22,WH-C,CR-1,2.91526,1.0101,0.90451,0.6485,0
2025-11-22,WH-C,CR-2,2.91526,1.0101,0.88652,0.6485,0
2025-11-22,WH-C,CR-3,2.91526,1.0101,0.84661,0.6485,0
2025-11-22,WH-C,CR-4,2.91526,1.0101,0.88205,0.6485,0
2025-11-23,WH-A,CR-1,2.22274,0.93126,0.9003,0.65676,0
2025-11-23,WH-A,CR-2,2.22274,0.93126,0.87774,0.65676,0
2025-11-23,WH-A,CR-3,2.22274,0.93126,0.83717,0.65676,0
2025-11-23,WH-A,CR-4,2.22274,0.93126,0.90182,0.65676,0
2025-11-23,WH-B,CR-1,3.47389,0.91262,0.92174,0.65676,0
2025-11-23,WH-B,CR-2,3.47389,0.91262,0.87814,0.65676,0
2025-11-23,WH-B,CR-3,3.47389,0.91262,0.85325,0.65676,0
2025-11-23,WH-B,CR-4,3.47389,0.91262,0.91268,0.65676,0
2025-11-23,WH-C,CR-1,3.15118,1.00838,0.90205,0.65676,0
2025-11-23,WH-C,CR-2,3.15118,1.00838,0.85852,0.65676,0
2025-11-23,WH-C,CR-3,3.15118,1.00838,0.84816,0.65676,0
2025-11-23,WH-C,CR-4,3.15118,1.00838,0.90881,0.65676,0
2025-11-24,WH-A,CR-1,2.61705,1.11652,0.90607,0.43405,0
2025-11-24,WH-A,CR-2,2.61705,1.11652,0.89155,0.43405,0
2025-11-24,WH-A,CR-3,2.61705,1.11652,0.85722,0.43405,0
2025-11-24,WH-A,CR-4,2.61705,1.11652,0.89146,0.43405,0
2025-11-24,WH-B,CR-1,3.70073,0.9406,0.909,0.43405,0
2025-11-24,WH-B,CR-2,3.70073,0.9406,0.8778,0.43405,0
2025-11-24,WH-B,CR-3,3.70073,0.9406,0.83978,0.43405,0
2025-11-24,WH-B,CR-4,3.70073,0.9406,0.90333,0.43405,0
2025-11-24,WH-C,CR-1,3.27464,1.14182,0.91837,0.43405,0
2025-11-24,WH-C,CR-2,3.27464,1.14182,0.85934,0.43405,0
2025-11-24,WH-C,CR-3,3.27464,1.14182,0.83366,0.43405,0
2025-11-24,WH-C,CR-4,3.27464,1.14182,0.90168,0.43405,0
2025-11-25,WH-A,CR-1,3.23725,1.05047,0.91875,0.29231,0
2025-11-25,WH-A,CR-2,3.23725,1.05047,0.89409,0.29231,0
2025-11-25,WH-A,CR-3,3.23725,1.05047,0.8529,0.29231,0
2025-11-25,WH-A,CR-4,3.23725,1.05047,0.93333,0.29231,0
2025-11-25,WH-B,CR-1,3.07565,0.99351,0.90092,0.29231,0
2025-11-25,WH-B,CR-2,3.07565,0.99351,0.90099,0.29231,0
2025-11-25,WH-B,CR-3,3.07565,0.99351,0.86186,0.29231,0
2025-11-25,WH-B,CR-4,3.07565,0.99351,0.89571,0.29231,0
2025-11-25,WH-C,CR-1,2.59547,1.15279,0.91658,0.29231,0
2025-11-25,WH-C,CR-2,2.59547,1.15279,0.89916,0.29231,0
2025-11-25,WH-C,CR-3,2.59547,1.15279,0.85152,0.29231,0
2025-11-25,WH-C,CR-4,2.59547,1.15279,0.90838,0.29231,0
2025-11-26,WH-A,CR-1,2.92465,0.94726,0.91601,0.41205,0
2025-11-26,WH-A,CR-2,2.92465,0.94726,0.88922,0.41205,0
2025-11-26,WH-A,CR-3,2.92465,0.94726,0.86197,0.41205,0
2025-11-26,WH-A,CR-4,2.92465,0.94726,0.90808,0.41205,0
2025-11-26,WH-B,CR-1,2.95518,1.16616,0.92079,0.41205,0
2025-11-26,WH-B,CR-2,2.95518,1.16616,0.89675,0.41205,0
2025-11-26,WH-B,CR-3,2.95518,1.16616,0.8675,0.41205,0
2025-11-26,WH-B,CR-4,2.95518,1.16616,0.89858,0.41205,0
2025-11-26,WH-C,CR-1,2.5937,1.10397,0.89629,0.41205,0
2025-11-26,WH-C,CR-2,2.5937,1.10397,0.86656,0.41205,0
2025-11-26,WH-C,CR-3,2.5937,1.10397,0.83449,0.41205,0
2025-11-26,WH-C,CR-4,2.5937,1.10397,0.89879,0.41205,0
2025-11-27,WH-A,CR-1,2.82578,1.03435,0.92796,0.20717,0
2025-11-27,WH-A,CR-2,2.82578,1.03435,0.90793,0.20717,0
2025-11-27,WH-A,CR-3,2.82578,1.03435,0.85925,0.20717,0
2025-11-27,WH-A,CR-4,2.82578,1.03435,0.89541,0.20717,0
2025-11-27,WH-B,CR-1,3.14971,1.04274,0.91089,0.20717,0
2025-11-27,WH-B,CR-2,3.14971,1.04274,0.87343,0.20717,0
2025-11-27,WH-B,CR-3,3.14971,1.04274,0.8482,0.20717,0
2025-11-27,WH-B,CR-4,3.14971,1.04274,0.90164,0.20717,0
2025-11-27,WH-C,CR-1,2.73982,1.08288,0.93568,0.20717,0
2025-11-27,WH-C,CR-2,2.73982,1.08288,0.89186,0.20717,0
2025-11-27,WH-C,CR-3,2.73982,1.08288,0.85886,0.20717,0
2025-11-27,WH-C,CR-4,2.73982,1.08288,0.9001,0.20717,0
2025-11-28,WH-A,CR-1,2.46592,0.83713,0.90404,0.07532,0
2025-11-28,WH-A,CR-2,2.46592,0.83713,0.90537,0.07532,0
2025-11-28,WH-A,CR-3,2.46592,0.83713,0.86057,0.07532,0
2025-11-28,WH-A,CR-4,2.46592,0.83713,0.90163,0.07532,0
2025-11-28,WH-B,CR-1,3.19088,0.88573,0.91953,0.07532,0
2025-11-28,WH-B,CR-2,3.19088,0.88573,0.90147,0.07532,0
2025-11-28,WH-B,CR-3,3.19088,0.88573,0.85469,0.07532,0
2025-11-28,WH-B,CR-4,3.19088,0.88573,0.88488,0.07532,0
2025-11-28,WH-C,CR-1,2.41011,1.14434,0.91925,0.07532,0
2025-11-28,WH-C,CR-2,2.41011,1.14434,0.86912,0.07532,0
2025-11-28,WH-C,CR-3,2.41011,1.14434,0.88456,0.07532,0
2025-11-28,WH-C,CR-4,2.41011,1.14434,0.8911,0.07532,0
2025-11-29,WH-A,CR-1,2.11599,0.92583,0.92098,0.23087,0
2025-11-29,WH-A,CR-2,2.11599,0.92583,0.89883,0.23087,0
2025-11-29,WH-A,CR-3,2.11599,0.92583,0.84871,0.23087,0
2025-11-29,WH-A,CR-4,2.11599,0.92583,0.89122,0.23087,0
2025-11-29,WH-B,CR-1,3.24734,1.00264,0.91623,0.23087,0
2025-11-29,WH-B,CR-2,3.24734,1.00264,0.88665,0.23087,0
2025-11-29,WH-B,CR-3,3.24734,1.00264,0.85199,0.23087,0
2025-11-29,WH-B,CR-4,3.24734,1.00264,0.90452,0.23087,0
2025-11-29,WH-C,CR-1,2.27873,1.04762,0.94009,0.23087,0
2025-11-29,WH-C,CR-2,2.27873,1.04762,0.8855,0.23087,0
2025-11-29,WH-C,CR-3,2.27873,1.04762,0.85327,0.23087,0
2025-11-29,WH-C,CR-4,2.27873,1.04762,0.90641,0.23087,0
2025-11-30,WH-A,CR-1,2.4072,0.92836,0.92589,0.1355,0
2025-11-30,WH-A,CR-2,2.4072,0.92836,0.88529,0.1355,0
2025-11-30,WH-A,CR-3,2.4072,0.92836,0.84342,0.1355,0
2025-11-30,WH-A,CR-4,2.4072,0.92836,0.90928,0.1355,0
2025-11-30,WH-B,CR-1,3.20111,1.03883,0.92504,0.1355,0
2025-11-30,WH-B,CR-2,3.20111,1.03883,0.88375,0.1355,0
2025-11-30,WH-B,CR-3,3.20111,1.03883,0.8494,0.1355,0
2025-11-30,WH-B,CR-4,3.20111,1.03883,0.90508,0.1355,0
2025-11-30,WH-C,CR-1,2.38573,1.0007,0.91868,0.1355,0
2025-11-30,WH-C,CR-2,2.38573,1.0007,0.88397,0.1355,0
2025-11-30,WH-C,CR-3,2.38573,1.0007,0.86702,0.1355,0
2025-11-30,WH-C,CR-4,2.38573,1.0007,0.89697,0.1355,0
2025-12-01,WH-A,CR-1,2.04912,1.05682,0.89004,2.04064,0
2025-12-01,WH-A,CR-2,2.04912,1.05682,0.84658,2.04064,0
2025-12-01,WH-A,CR-3,2.04912,1.05682,0.80283,2.04064,0
2025-12-01,WH-A,CR-4,2.04912,1.05682,0.8583,2.04064,0
2025-12-01,WH-B,CR-1,3.27952,0.90163,0.86338,2.04064,0
2025-12-01,WH-B,CR-2,3.27952,0.90163,0.85721,2.04064,0
2025-12-01,WH-B,CR-3,3.27952,0.90163,0.8181,2.04064,0
2025-12-01,WH-B,CR-4,3.27952,0.90163,0.86242,2.04064,0
2025-12-01,WH-C,CR-1,2.15663,0.92433,0.88658,2.04064,0
2025-12-01,WH-C,CR-2,2.15663,0.92433,0.84109,2.04064,0
2025-12-01,WH-C,CR-3,2.15663,0.92433,0.81434,2.04064,0
2025-12-01,WH-C,CR-4,2.15663,0.92433,0.87493,2.04064,0
2025-12-02,WH-A,CR-1,1.51638,1.07139,0.91436,0.22716,0
2025-12-02,WH-A,CR-2,1.51638,1.07139,0.8772,0.22716,0
2025-12-02,WH-A,CR-3,1.51638,1.07139,0.84096,0.22716,0
2025-12-02,WH-A,CR-4,1.51638,1.07139,0.90356,0.22716,0
2025-12-02,WH-B,CR-1,3.3106,1.04982,0.93307,0.22716,0
2025-12-02,WH-B,CR-2,3.3106,1.04982,0.89187,0.22716,0
2025-12-02,WH-B,CR-3,3.3106,1.04982,0.85212,0.22716,0
2025-12-02,WH-B,CR-4,3.3106,1.04982,0.91227,0.22716,0
2025-12-02,WH-C,CR-1,2.19959,1.04562,0.92897,0.22716,0
2025-12-02,WH-C,CR-2,2.19959,1.04562,0.87263,0.22716,0
2025-12-02,WH-C,CR-3,2.19959,1.04562,0.85369,0.22716,0
2025-12-02,WH-C,CR-4,2.19959,1.04562,0.91769,0.22716,0
2025-12-03,WH-A,CR-1,1.27095,0.86037,0.93493,0.41556,0
2025-12-03,WH-A,CR-2,1.27095,0.86037,0.88372,0.41556,0
2025-12-03,WH-A,CR-3,1.27095,0.86037,0.84301,0.41556,0
2025-12-03,WH-A,CR-4,1.27095,0.86037,0.90421,0.41556,0
2025-12-03,WH-B,CR-1,2.83266,1.0155,0.89873,0.41556,0
2025-12-03,WH-B,CR-2,2.83266,1.0155,0.86306,0.41556,0
2025-12-03,WH-B,CR-3,2.83266,1.0155,0.82476,0.41556,0
2025-12-03,WH-B,CR-4,2.83266,1.0155,0.88085,0.41556,0
2025-12-03,WH-C,CR-1,2.56964,0.96305,0.91644,0.41556,0
2025-12-03,WH-C,CR-2,2.56964,0.96305,0.8915,0.41556,0
2025-12-03,WH-C,CR-3,2.56964,0.96305,0.85022,0.41556,0
2025-12-03,WH-C,CR-4,2.56964,0.96305,0.89644,0.41556,0
2025-12-04,WH-A,CR-1,2.13166,1.19212,0.92862,0.34877,0
2025-12-04,WH-A,CR-2,2.13166,1.19212,0.8554,0.34877,0
2025-12-04,WH-A,CR-3,2.13166,1.19212,0.84598,0.34877,0
2025-12-04,WH-A,CR-4,2.13166,1.19212,0.90127,0.34877,0
2025-12-04,WH-B,CR-1,3.01747,0.90381,0.8903,0.34877,0
2025-12-04,WH-B,CR-2,3.01747,0.90381,0.8969,0.34877,0
2025-12-04,WH-B,CR-3,3.01747,0.90381,0.84451,0.34877,0
2025-12-04,WH-B,CR-4,3.01747,0.90381,0.88337,0.34877,0
2025-12-04,WH-C,CR-1,2.06817,1.07324,0.90135,0.34877,0
2025-12-04,WH-C,CR-2,2.06817,1.07324,0.88412,0.34877,0
2025-12-04,WH-C,CR-3,2.06817,1.07324,0.83948,0.34877,0
2025-12-04,WH-C,CR-4,2.06817,1.07324,0.88029,0.34877,0
2025-12-05,WH-A,CR-1,2.15467,1.00029,0.91628,1.04438,0
2025-12-05,WH-A,CR-2,2.15467,1.00029,0.8758,1.04438,0
2025-12-05,WH-A,CR-3,2.15467,1.00029,0.85246,1.04438,0
2025-12-05,WH-A,CR-4,2.15467,1.00029,0.8817,1.04438,0
2025-12-05,WH-B,CR-1,2.995,1.07418,0.8921,1.04438,0
2025-12-05,WH-B,CR-2,2.995,1.07418,0.86755,1.04438,0
2025-12-05,WH-B,CR-3,2.995,1.07418,0.8317,1.04438,0
2025-12-05,WH-B,CR-4,2.995,1.07418,0.89349,1.04438,0
2025-12-05,WH-C,CR-1,1.66773,1.08776,0.90243,1.04438,0
2025-12-05,WH-C,CR-2,1.66773,1.08776,0.86626,1.04438,0
2025-12-05,WH-C,CR-3,1.66773,1.08776,0.8441,1.04438,0
2025-12-05,WH-C,CR-4,1.66773,1.08776,0.88432,1.04438,0
2025-12-06,WH-A,CR-1,2.49365,0.92142,0.90799,0.13318,0
2025-12-06,WH-A,CR-2,2.49365,0.92142,0.88291,0.13318,0
2025-12-06,WH-A,CR-3,2.49365,0.92142,0.84848,0.13318,0
2025-12-06,WH-A,CR-4,2.49365,0.92142,0.9234,0.13318,0
2025-12-06,WH-B,CR-1,3.07517,0.96317,0.90391,0.13318,0
2025-12-06,WH-B,CR-2,3.07517,0.96317,0.89397,0.13318,0
2025-12-06,WH-B,CR-3,3.07517,0.96317,0.84776,0.13318,0
2025-12-06,WH-B,CR-4,3.07517,0.96317,0.89727,0.13318,0
2025-12-06,WH-C,CR-1,2.1421,0.99299,0.88506,0.13318,0
2025-12-06,WH-C,CR-2,2.1421,0.99299,0.88321,0.13318,0
2025-12-06,WH-C,CR-3,2.1421,0.99299,0.85661,0.13318,0
2025-12-06,WH-C,CR-4,2.1421,0.99299,0.90103,0.13318,0
2025-12-07,WH-A,CR-1,1.51943,0.88396,0.91443,0.35864,0
2025-12-07,WH-A,CR-2,1.51943,0.88396,0.84234,0.35864,0
2025-12-07,WH-A,CR-3,1.51943,0.88396,0.84092,0.35864,0
2025-12-07,WH-A,CR-4,1.51943,0.88396,0.87797,0.35864,0
2025-12-07,WH-B,CR-1,2.93336,1.11863,0.90844,0.35864,0
2025-12-07,WH-B,CR-2,2.93336,1.11863,0.87975,0.35864,0
2025-12-07,WH-B,CR-3,2.93336,1.11863,0.86112,0.35864,0
2025-12-07,WH-B,CR-4,2.93336,1.11863,0.9013,0.35864,0
2025-12-07,WH-C,CR-1,2.10653,1.03613,0.91671,0.35864,0
2025-12-07,WH-C,CR-2,2.10653,1.03613,0.88451,0.35864,0
2025-12-07,WH-C,CR-3,2.10653,1.03613,0.84938,0.35864,0
2025-12-07,WH-C,CR-4,2.10653,1.03613,0.89689,0.35864,0
2025-12-08,WH-A,CR-1,1.72121,1.1405,0.89214,0.71106,0
2025-12-08,WH-A,CR-2,1.72121,1.1405,0.89191,0.71106,0
2025-12-08,WH-A,CR-3,1.72121,1.1405,0.85037,0.71106,0
2025-12-08,WH-A,CR-4,1.72121,1.1405,0.88308,0.71106,0
2025-12-08,WH-B,CR-1,3.10602,0.98998,0.9051,0.71106,0
2025-12-08,WH-B,CR-2,3.10602,0.98998,0.86886,0.71106,0
2025-12-08,WH-B,CR-3,3.10602,0.98998,0.84311,0.71106,0
2025-12-08,WH-B,CR-4,3.10602,0.98998,0.906,0.71106,0
2025-12-08,WH-C,CR-1,2.34192,0.95197,0.89188,0.71106,0
2025-12-08,WH-C,CR-2,2.34192,0.95197,0.87795,0.71106,0
2025-12-08,WH-C,CR-3,2.34192,0.95197,0.84882,0.71106,0
2025-12-08,WH-C,CR-4,2.34192,0.95197,0.88661,0.71106,0
2025-12-09,WH-A,CR-1,1.79282,0.98422,0.89365,1.17338,0
2025-12-09,WH-A,CR-2,1.79282,0.98422,0.8624,1.17338,0
2025-12-09,WH-A,CR-3,1.79282,0.98422,0.85145,1.17338,0
2025-12-09,WH-A,CR-4,1.79282,0.98422,0.89819,1.17338,0
2025-12-09,WH-B,CR-1,3.05417,1.09623,0.90625,1.17338,0
2025-12-09,WH-B,CR-2,3.05417,1.09623,0.86708,1.17338,0
2025-12-09,WH-B,CR-3,3.05417,1.09623,0.84121,1.17338,0
2025-12-09,WH-B,CR-4,3.05417,1.09623,0.89351,1.17338,0
2025-12-09,WH-C,CR-1,2.48589,0.9797,0.88825,1.17338,0
2025-12-09,WH-C,CR-2,2.48589,0.9797,0.86292,1.17338,0
2025-12-09,WH-C,CR-3,2.48589,0.9797,0.8279,1.17338,0
2025-12-09,WH-C,CR-4,2.48589,0.9797,0.8687,1.17338,0
2025-12-10,WH-A,CR-1,1.59134,1.02273,0.90483,0.58119,0
2025-12-10,WH-A,CR-2,1.59134,1.02273,0.87922,0.58119,0
2025-12-10,WH-A,CR-3,1.59134,1.02273,0.83406,0.58119,0
2025-12-10,WH-A,CR-4,1.59134,1.02273,0.88079,0.58119,0
2025-12-10,WH-B,CR-1,3.1919,0.91928,0.90425,0.58119,0
2025-12-10,WH-B,CR-2,3.1919,0.91928,0.87313,0.58119,0
2025-12-10,WH-B,CR-3,3.1919,0.91928,0.84556,0.58119,0
2025-12-10,WH-B,CR-4,3.1919,0.91928,0.90007,0.58119,0
2025-12-10,WH-C,CR-1,2.97012,0.91404,0.91756,0.58119,0
2025-12-10,WH-C,CR-2,2.97012,0.91404,0.84689,0.58119,0
2025-12-10,WH-C,CR-3,2.97012,0.91404,0.86376,0.58119,0
2025-12-10,WH-C,CR-4,2.97012,0.91404,0.87252,0.58119,0
2025-12-11,WH-A,CR-1,2.3826,1.12873,0.87642,1.99111,0
2025-12-11,WH-A,CR-2,2.3826,1.12873,0.84734,1.99111,0
2025-12-11,WH-A,CR-3,2.3826,1.12873,0.81161,1.99111,0
2025-12-11,WH-A,CR-4,2.3826,1.12873,0.88111,1.99111,0
2025-12-11,WH-B,CR-1,2.95312,0.97648,0.88811,1.99111,0
2025-12-11,WH-B,CR-2,2.95312,0.97648,0.84089,1.99111,0
2025-12-11,WH-B,CR-3,2.95312,0.97648,0.81771,1.99111,0
2025-12-11,WH-B,CR-4,2.95312,0.97648,0.87295,1.99111,0
2025-12-11,WH-C,CR-1,2.50232,1.00268,0.90008,1.99111,0
2025-12-11,WH-C,CR-2,2.50232,1.00268,0.84921,1.99111,0
2025-12-11,WH-C,CR-3,2.50232,1.00268,0.81734,1.99111,0
2025-12-11,WH-C,CR-4,2.50232,1.00268,0.86956,1.99111,0
2025-12-12,WH-A,CR-1,2.59664,1.06247,0.88745,0.47681,0
2025-12-12,WH-A,CR-2,2.59664,1.06247,0.90045,0.47681,0
2025-12-12,WH-A,CR-3,2.59664,1.06247,0.86645,0.47681,0
2025-12-12,WH-A,CR-4,2.59664,1.06247,0.88931,0.47681,0
2025-12-12,WH-B,CR-1,2.5551,1.06024,0.89181,0.47681,0
2025-12-12,WH-B,CR-2,2.5551,1.06024,0.89529,0.47681,0
2025-12-12,WH-B,CR-3,2.5551,1.06024,0.8433,0.47681,0
2025-12-12,WH-B,CR-4,2.5551,1.06024,0.91838,0.47681,0
2025-12-12,WH-C,CR-1,2.13639,1.03302,0.92412,0.47681,0
2025-12-12,WH-C,CR-2,2.13639,1.03302,0.87504,0.47681,0
2025-12-12,WH-C,CR-3,2.13639,1.03302,0.85218,0.47681,0
2025-12-12,WH-C,CR-4,2.13639,1.03302,0.91203,0.47681,0
2025-12-13,WH-A,CR-1,2.07753,1.00867,0.91936,0.15583,0
2025-12-13,WH-A,CR-2,2.07753,1.00867,0.89743,0.15583,0
2025-12-13,WH-A,CR-3,2.07753,1.00867,0.85141,0.15583,0
2025-12-13,WH-A,CR-4,2.07753,1.00867,0.88753,0.15583,0
2025-12-13,WH-B,CR-1,1.86761,1.19144,0.92102,0.15583,0
2025-12-13,WH-B,CR-2,1.86761,1.19144,0.88634,0.15583,0
2025-12-13,WH-B,CR-3,1.86761,1.19144,0.85804,0.15583,0
2025-12-13,WH-B,CR-4,1.86761,1.19144,0.88752,0.15583,0
2025-12-13,WH-C,CR-1,1.91071,1.10147,0.9226,0.15583,0
2025-12-13,WH-C,CR-2,1.91071,1.10147,0.87553,0.15583,0
2025-12-13,WH-C,CR-3,1.91071,1.10147,0.83997,0.15583,0
2025-12-13,WH-C,CR-4,1.91071,1.10147,0.89851,0.15583,0
2025-12-14,WH-A,CR-1,2.1866,0.86684,0.91299,0.21173,0
2025-12-14,WH-A,CR-2,2.1866,0.86684,0.88686,0.21173,0
2025-12-14,WH-A,CR-3,2.1866,0.86684,0.83832,0.21173,0
2025-12-14,WH-A,CR-4,2.1866,0.86684,0.90851,0.21173,0
2025-12-14,WH-B,CR-1,2.66917,0.97309,0.90412,0.21173,0
2025-12-14,WH-B,CR-2,2.66917,0.97309,0.87734,0.21173,0
2025-12-14,WH-B,CR-3,2.66917,0.97309,0.83378,0.21173,0
2025-12-14,WH-B,CR-4,2.66917,0.97309,0.90208,0.21173,0
2025-12-14,WH-C,CR-1,2.15284,0.89027,0.93697,0.21173,0
2025-12-14,WH-C,CR-2,2.15284,0.89027,0.8932,0.21173,0
2025-12-14,WH-C,CR-3,2.15284,0.89027,0.83218,0.21173,0
2025-12-14,WH-C,CR-4,2.15284,0.89027,0.88242,0.21173,0
2025-12-15,WH-A,CR-1,2.32882,1.02524,0.89,0.69607,0
2025-12-15,WH-A,CR-2,2.32882,1.02524,0.87917,0.69607,0
2025-12-15,WH-A,CR-3,2.32882,1.02524,0.84262,0.69607,0
2025-12-15,WH-A,CR-4,2.32882,1.02524,0.89215,0.69607,0
2025-12-15,WH-B,CR-1,3.33524,1.03189,0.92094,0.69607,0
2025-12-15,WH-B,CR-2,3.33524,1.03189,0.85591,0.69607,0
2025-12-15,WH-B,CR-3,3.33524,1.03189,0.87723,0.69607,0
2025-12-15,WH-B,CR-4,3.33524,1.03189,0.89049,0.69607,0
2025-12-15,WH-C,CR-1,2.45082,1.1113,0.899,0.69607,0
2025-12-15,WH-C,CR-2,2.45082,1.1113,0.8848,0.69607,0
2025-12-15,WH-C,CR-3,2.45082,1.1113,0.85542,0.69607,0
2025-12-15,WH-C,CR-4,2.45082,1.1113,0.88641,0.69607,0
2025-12-16,WH-A,CR-1,2.37914,1.15345,0.92364,0.1274,0
2025-12-16,WH-A,CR-2,2.37914,1.15345,0.88436,0.1274,0
2025-12-16,WH-A,CR-3,2.37914,1.15345,0.86248,0.1274,0
2025-12-16,WH-A,CR-4,2.37914,1.15345,0.88065,0.1274,0
2025-12-16,WH-B,CR-1,2.98837,1.06503,0.92859,0.1274,0
2025-12-16,WH-B,CR-2,2.98837,1.06503,0.8876,0.1274,0
2025-12-16,WH-B,CR-3,2.98837,1.06503,0.87271,0.1274,0
2025-12-16,WH-B,CR-4,2.98837,1.06503,0.91562,0.1274,0
2025-12-16,WH-C,CR-1,2.22794,1.0308,0.92011,0.1274,0
2025-12-16,WH-C,CR-2,2.22794,1.0308,0.87982,0.1274,0
2025-12-16,WH-C,CR-3,2.22794,1.0308,0.87358,0.1274,0
2025-12-16,WH-C,CR-4,2.22794,1.0308,0.8919,0.1274,0
2025-12-17,WH-A,CR-1,2.34443,0.9989,0.90906,0.41843,0
2025-12-17,WH-A,CR-2,2.34443,0.9989,0.88971,0.41843,0
2025-12-17,WH-A,CR-3,2.34443,0.9989,0.84397,0.41843,0
2025-12-17,WH-A,CR-4,2.34443,0.9989,0.88714,0.41843,0
2025-12-17,WH-B,CR-1,3.38284,1.07394,0.92206,0.41843,0
2025-12-17,WH-B,CR-2,3.38284,1.07394,0.88908,0.41843,0
2025-12-17,WH-B,CR-3,3.38284,1.07394,0.87613,0.41843,0
2025-12-17,WH-B,CR-4,3.38284,1.07394,0.91335,0.41843,0
2025-12-17,WH-C,CR-1,2.00243,1.07962,0.90328,0.41843,0
2025-12-17,WH-C,CR-2,2.00243,1.07962,0.87452,0.41843,0
2025-12-17,WH-C,CR-3,2.00243,1.07962,0.83302,0.41843,0
2025-12-17,WH-C,CR-4,2.00243,1.07962,0.89653,0.41843,0
2025-12-18,WH-A,CR-1,2.04868,0.92016,0.93352,0.51783,0
2025-12-18,WH-A,CR-2,2.04868,0.92016,0.88208,0.51783,0
2025-12-18,WH-A,CR-3,2.04868,0.92016,0.83829,0.51783,0
2025-12-18,WH-A,CR-4,2.04868,0.92016,0.90372,0.51783,0
2025-12-18,WH-B,CR-1,4.00464,1.09164,0.87473,0.51783,0
2025-12-18,WH-B,CR-2,4.00464,1.09164,0.91001,0.51783,0
2025-12-18,WH-B,CR-3,4.00464,1.09164,0.82599,0.51783,0
2025-12-18,WH-B,CR-4,4.00464,1.09164,0.89571,0.51783,0
2025-12-18,WH-C,CR-1,1.71447,0.9828,0.91159,0.51783,0
2025-12-18,WH-C,CR-2,1.71447,0.9828,0.85333,0.51783,0
2025-12-18,WH-C,CR-3,1.71447,0.9828,0.8471,0.51783,0
2025-12-18,WH-C,CR-4,1.71447,0.9828,0.91195,0.51783,0
2025-12-19,WH-A,CR-1,2.19435,1.01493,0.9085,0.10319,0
2025-12-19,WH-A,CR-2,2.19435,1.01493,0.87138,0.10319,0
2025-12-19,WH-A,CR-3,2.19435,1.01493,0.86187,0.10319,0
2025-12-19,WH-A,CR-4,2.19435,1.01493,0.91279,0.10319,0
2025-12-19,WH-B,CR-1,3.27151,0.96782,0.91728,0.10319,0
2025-12-19,WH-B,CR-2,3.27151,0.96782,0.87406,0.10319,0
2025-12-19,WH-B,CR-3,3.27151,0.96782,0.85779,0.10319,0
2025-12-19,WH-B,CR-4,3.27151,0.96782,0.92326,0.10319,0
2025-12-19,WH-C,CR-1,1.90493,0.94491,0.92035,0.10319,0
2025-12-19,WH-C,CR-2,1.90493,0.94491,0.88351,0.10319,0
2025-12-19,WH-C,CR-3,1.90493,0.94491,0.85384,0.10319,0
2025-12-19,WH-C,CR-4,1.90493,0.94491,0.91135,0.10319,0
2025-12-20,WH-A,CR-1,2.31846,1.12708,0.92131,0.5888,1
2025-12-20,WH-A,CR-2,2.31846,1.12708,0.8869,0.5888,1
2025-12-20,WH-A,CR-3,2.31846,1.12708,0.84848,0.5888,1
2025-12-20,WH-A,CR-4,2.31846,1.12708,0.88483,0.5888,1
2025-12-20,WH-B,CR-1,3.56443,0.97354,0.89998,0.5888,1
2025-12-20,WH-B,CR-2,3.56443,0.97354,0.87398,0.5888,1
2025-12-20,WH-B,CR-3,3.56443,0.97354,0.83531,0.5888,1
2025-12-20,WH-B,CR-4,3.56443,0.97354,0.90959,0.5888,1
2025-12-20,WH-C,CR-1,2.29063,0.97653,0.90639,0.5888,1
2025-12-20,WH-C,CR-2,2.29063,0.97653,0.86873,0.5888,1
2025-12-20,WH-C,CR-3,2.29063,0.97653,0.82134,0.5888,1
2025-12-20,WH-C,CR-4,2.29063,0.97653,0.87995,0.5888,1
2025-12-21,WH-A,CR-1,2.52354,1.02692,0.9138,0.12,1
2025-12-21,WH-A,CR-2,2.52354,1.02692,0.90225,0.12,1
2025-12-21,WH-A,CR-3,2.52354,1.02692,0.84595,0.12,1
2025-12-21,WH-A,CR-4,2.52354,1.02692,0.90371,0.12,1
2025-12-21,WH-B,CR-1,3.3443,1.04937,0.91661,0.12,1
2025-12-21,WH-B,CR-2,3.3443,1.04937,0.88694,0.12,1
2025-12-21,WH-B,CR-3,3.3443,1.04937,0.83548,0.12,1
2025-12-21,WH-B,CR-4,3.3443,1.04937,0.89454,0.12,1
2025-12-21,WH-C,CR-1,2.68776,0.79597,0.93146,0.12,1
2025-12-21,WH-C,CR-2,2.68776,0.79597,0.89134,0.12,1
2025-12-21,WH-C,CR-3,2.68776,0.79597,0.84637,0.12,1
2025-12-21,WH-C,CR-4,2.68776,0.79597,0.89536,0.12,1
2025-12-22,WH-A,CR-1,2.51567,1.05277,0.88391,1.43537,1
2025-12-22,WH-A,CR-2,2.51567,1.05277,0.86328,1.43537,1
2025-12-22,WH-A,CR-3,2.51567,1.05277,0.82358,1.43537,1
2025-12-22,WH-A,CR-4,2.51567,1.05277,0.88072,1.43537,1
2025-12-22,WH-B,CR-1,3.85458,1.03435,0.87909,1.43537,1
2025-12-22,WH-B,CR-2,3.85458,1.03435,0.84527,1.43537,1
2025-12-22,WH-B,CR-3,3.85458,1.03435,0.83319,1.43537,1
2025-12-22,WH-B,CR-4,3.85458,1.03435,0.87253,1.43537,1
2025-12-22,WH-C,CR-1,2.65053,0.91244,0.89995,1.43537,1
2025-12-22,WH-C,CR-2,2.65053,0.91244,0.84894,1.43537,1
2025-12-22,WH-C,CR-3,2.65053,0.91244,0.83222,1.43537,1
2025-12-22,WH-C,CR-4,2.65053,0.91244,0.8776,1.43537,1
2025-12-23,WH-A,CR-1,3.23519,1.08686,0.91159,1.2784,1
2025-12-23,WH-A,CR-2,3.23519,1.08686,0.86198,1.2784,1
2025-12-23,WH-A,CR-3,3.23519,1.08686,0.83863,1.2784,1
2025-12-23,WH-A,CR-4,3.23519,1.08686,0.89911,1.2784,1
2025-12-23,WH-B,CR-1,3.8713,1.08448,0.89055,1.2784,1
2025-12-23,WH-B,CR-2,3.8713,1.08448,0.86258,1.2784,1
2025-12-23,WH-B,CR-3,3.8713,1.08448,0.84814,1.2784,1
2025-12-23,WH-B,CR-4,3.8713,1.08448,0.90064,1.2784,1
2025-12-23,WH-C,CR-1,2.33443,0.9825,0.88364,1.2784,1
2025-12-23,WH-C,CR-2,2.33443,0.9825,0.87445,1.2784,1
2025-12-23,WH-C,CR-3,2.33443,0.9825,0.82334,1.2784,1
2025-12-23,WH-C,CR-4,2.33443,0.9825,0.8943,1.2784,1
2025-12-24,WH-A,CR-1,3.57123,0.92502,0.92809,0.51814,1
2025-12-24,WH-A,CR-2,3.57123,0.92502,0.882,0.51814,1
2025-12-24,WH-A,CR-3,3.57123,0.92502,0.82329,0.51814,1
2025-12-24,WH-A,CR-4,3.57123,0.92502,0.91728,0.51814,1
2025-12-24,WH-B,CR-1,3.90763,1.00774,0.8966,0.51814,1
2025-12-24,WH-B,CR-2,3.90763,1.00774,0.85934,0.51814,1
2025-12-24,WH-B,CR-3,3.90763,1.00774,0.87716,0.51814,1
2025-12-24,WH-B,CR-4,3.90763,1.00774,0.88709,0.51814,1
2025-12-24,WH-C,CR-1,1.89613,1.06343,0.88852,0.51814,1
2025-12-24,WH-C,CR-2,1.89613,1.06343,0.86639,0.51814,1
2025-12-24,WH-C,CR-3,1.89613,1.06343,0.86011,0.51814,1
2025-12-24,WH-C,CR-4,1.89613,1.06343,0.90374,0.51814,1
2025-12-25,WH-A,CR-1,3.08936,1.03704,0.90487,0.19405,1
2025-12-25,WH-A,CR-2,3.08936,1.03704,0.87704,0.19405,1
2025-12-25,WH-A,CR-3,3.08936,1.03704,0.84668,0.19405,1
2025-12-25,WH-A,CR-4,3.08936,1.03704,0.8953,0.19405,1
2025-12-25,WH-B,CR-1,3.95825,1.10361,0.90282,0.19405,1
2025-12-25,WH-B,CR-2,3.95825,1.10361,0.86967,0.19405,1
2025-12-25,WH-B,CR-3,3.95825,1.10361,0.85212,0.19405,1
2025-12-25,WH-B,CR-4,3.95825,1.10361,0.92987,0.19405,1
2025-12-25,WH-C,CR-1,1.69572,1.0291,0.91507,0.19405,1
2025-12-25,WH-C,CR-2,1.69572,1.0291,0.8827,0.19405,1
2025-12-25,WH-C,CR-3,1.69572,1.0291,0.84851,0.19405,1
2025-12-25,WH-C,CR-4,1.69572,1.0291,0.91787,0.19405,1
2025-12-26,WH-A,CR-1,3.13922,1.11352,0.92793,0.47681,1
2025-12-26,WH-A,CR-2,3.13922,1.11352,0.89489,0.47681,1
2025-12-26,WH-A,CR-3,3.13922,1.11352,0.87682,0.47681,1
2025-12-26,WH-A,CR-4,3.13922,1.11352,0.91353,0.47681,1
2025-12-26,WH-B,CR-1,3.39341,1.10978,0.91744,0.47681,1
2025-12-26,WH-B,CR-2,3.39341,1.10978,0.90196,0.47681,1
2025-12-26,WH-B,CR-3,3.39341,1.10978,0.83731,0.47681,1
2025-12-26,WH-B,CR-4,3.39341,1.10978,0.90561,0.47681,1
2025-12-26,WH-C,CR-1,1.68869,1.083,0.90634,0.47681,1
2025-12-26,WH-C,CR-2,1.68869,1.083,0.88467,0.47681,1
2025-12-26,WH-C,CR-3,1.68869,1.083,0.83199,0.47681,1
2025-12-26,WH-C,CR-4,1.68869,1.083,0.90844,0.47681,1
2025-12-27,WH-A,CR-1,3.64986,0.9314,0.91485,0.37555,1
2025-12-27,WH-A,CR-2,3.64986,0.9314,0.88194,0.37555,1
2025-12-27,WH-A,CR-3,3.64986,0.9314,0.85312,0.37555,1
2025-12-27,WH-A,CR-4,3.64986,0.9314,0.9274,0.37555,1
2025-12-27,WH-B,CR-1,3.28483,0.91662,0.93319,0.37555,1
2025-12-27,WH-B,CR-2,3.28483,0.91662,0.87705,0.37555,1
2025-12-27,WH-B,CR-3,3.28483,0.91662,0.83148,0.37555,1
2025-12-27,WH-B,CR-4,3.28483,0.91662,0.89185,0.37555,1
2025-12-27,WH-C,CR-1,1.48813,0.818,0.90638,0.37555,1
2025-12-27,WH-C,CR-2,1.48813,0.818,0.8799,0.37555,1
2025-12-27,WH-C,CR-3,1.48813,0.818,0.86491,0.37555,1
2025-12-27,WH-C,CR-4,1.48813,0.818,0.90829,0.37555,1
2025-12-28,WH-A,CR-1,3.61085,1.0733,0.91258,0.5361,1
2025-12-28,WH-A,CR-2,3.61085,1.0733,0.88292,0.5361,1
2025-12-28,WH-A,CR-3,3.61085,1.0733,0.83267,0.5361,1
2025-12-28,WH-A,CR-4,3.61085,1.0733,0.9105,0.5361,1
2025-12-28,WH-B,CR-1,3.81715,0.98784,0.90072,0.5361,1
2025-12-28,WH-B,CR-2,3.81715,0.98784,0.87591,0.5361,1
2025-12-28,WH-B,CR-3,3.81715,0.98784,0.84281,0.5361,1
2025-12-28,WH-B,CR-4,3.81715,0.98784,0.89352,0.5361,1
2025-12-28,WH-C,CR-1,2.02279,0.98436,0.9199,0.5361,1
2025-12-28,WH-C,CR-2,2.02279,0.98436,0.8823,0.5361,1
2025-12-28,WH-C,CR-3,2.02279,0.98436,0.83748,0.5361,1
2025-12-28,WH-C,CR-4,2.02279,0.98436,0.89184,0.5361,1
2025-12-29,WH-A,CR-1,3.90585,1.19839,0.92476,0.15442,1
2025-12-29,WH-A,CR-2,3.90585,1.19839,0.88615,0.15442,1
2025-12-29,WH-A,CR-3,3.90585,1.19839,0.83838,0.15442,1
2025-12-29,WH-A,CR-4,3.90585,1.19839,0.90736,0.15442,1
2025-12-29,WH-B,CR-1,3.26529,1.17244,0.89545,0.15442,1
2025-12-29,WH-B,CR-2,3.26529,1.17244,0.88933,0.15442,1
2025-12-29,WH-B,CR-3,3.26529,1.17244,0.84423,0.15442,1
2025-12-29,WH-B,CR-4,3.26529,1.17244,0.90461,0.15442,1
2025-12-29,WH-C,CR-1,2.37858,1.12376,0.91399,0.15442,1
2025-12-29,WH-C,CR-2,2.37858,1.12376,0.89386,0.15442,1
2025-12-29,WH-C,CR-3,2.37858,1.12376,0.84677,0.15442,1
2025-12-29,WH-C,CR-4,2.37858,1.12376,0.90767,0.15442,1
2025-12-30,WH-A,CR-1,3.28611,1.01968,0.91599,0.76108,1
2025-12-30,WH-A,CR-2,3.28611,1.01968,0.8607,0.76108,1
2025-12-30,WH-A,CR-3,3.28611,1.01968,0.83247,0.76108,1
2025-12-30,WH-A,CR-4,3.28611,1.01968,0.90102,0.76108,1
2025-12-30,WH-B,CR-1,3.03132,0.92576,0.92001,0.76108,1
2025-12-30,WH-B,CR-2,3.03132,0.92576,0.86061,0.76108,1
2025-12-30,WH-B,CR-3,3.03132,0.92576,0.84141,0.76108,1
2025-12-30,WH-B,CR-4,3.03132,0.92576,0.88637,0.76108,1
2025-12-30,WH-C,CR-1,2.27447,0.97123,0.91237,0.76108,1
2025-12-30,WH-C,CR-2,2.27447,0.97123,0.87513,0.76108,1
2025-12-30,WH-C,CR-3,2.27447,0.97123,0.8556,0.76108,1
2025-12-30,WH-C,CR-4,2.27447,0.97123,0.88649,0.76108,1
2025-12-31,WH-A,CR-1,2.51569,1.18225,0.89323,1.66428,1
2025-12-31,WH-A,CR-2,2.51569,1.18225,0.86164,1.66428,1
2025-12-31,WH-A,CR-3,2.51569,1.18225,0.83272,1.66428,1
2025-12-31,WH-A,CR-4,2.51569,1.18225,0.8844,1.66428,1
2025-12-31,WH-B,CR-1,3.13979,0.96473,0.89736,1.66428,1
2025-12-31,WH-B,CR-2,3.13979,0.96473,0.86547,1.66428,1
2025-12-31,WH-B,CR-3,3.13979,0.96473,0.84468,1.66428,1
2025-12-31,WH-B,CR-4,3.13979,0.96473,0.89871,1.66428,1
2025-12-31,WH-C,CR-1,2.42859,0.9438,0.90881,1.66428,1
2025-12-31,WH-C,CR-2,2.42859,0.9438,0.84533,1.66428,1
2025-12-31,WH-C,CR-3,2.42859,0.9438,0.8316,1.66428,1
2025-12-31,WH-C,CR-4,2.42859,0.9438,0.87446,1.66428,1
